"gene","logFC","AveExpr","t","P.Value","adj.P.Val","B"
"ANGPT4",-4.06158362678957,1.40554198606272,-28.4853145833285,7.36774494320362e-112,1.5125980368397e-107,244.597275855595
"PYCR1",3.67123470133292,10.9766947735192,28.1104803254821,6.18583006618687e-110,6.34975456294083e-106,240.190952419419
"RTKN2",-4.58047976633211,8.22891236933799,-25.8512593734645,2.92285312569894e-98,2.00020582235331e-94,213.450257317619
"C10orf67",-4.70902232680603,2.17088745644599,-25.6735374086559,2.4468802473556e-97,1.25586128695526e-93,211.336219058325
"ANGPTL7",-4.45245290768475,1.68072543554007,-25.6172591954027,4.79657509046669e-97,1.76574637672486e-93,210.666543790232
"C13orf36",-6.46342304426533,2.49268153310104,-25.611145296292,5.16048624469029e-97,1.76574637672486e-93,210.59378570072
"SH3GL3",-5.11471009708743,1.99471794425087,-25.4369007418978,4.14994724269418e-96,1.21712024132159e-92,208.519680709526
"OVCH1",-4.32596858318253,1.43051045296167,-25.3431760289943,1.27405925629246e-95,3.26955456646052e-92,207.403642224935
"OTUD1",-2.08686960671385,8.71465644599303,-25.0204017676989,6.07632204430881e-94,1.38607657299622e-90,203.558287538239
"RS1",-4.45277236794476,2.54478118466899,-25.0045984322443,7.34256421627744e-94,1.50742843360176e-90,203.369947312717
"SLC6A4",-7.97053388184967,3.77497770034844,-24.7969732656908,8.83285512089181e-93,1.64853196029008e-89,200.89500937506
"CD5L",-4.04272383741981,1.71845644599303,-24.7499814640268,1.55112054029033e-92,2.65370872434671e-89,200.334734427008
"SGCG",-4.33185500740501,2.61442229965157,-24.5246111922729,2.31040751231284e-91,3.64866663290636e-88,197.647149652154
"PECAM1",-2.29851141023533,10.4743857142857,-24.2404176292936,6.9712891240092e-90,1.02228975511364e-86,194.257082924293
"MYOC",-4.72399916077017,1.95961445993031,-24.0867424580535,4.40082209323838e-89,6.0232585049456e-86,192.423615069454
"PTPRQ",-5.06724348527238,2.23164965156795,-24.0020323681096,1.21523651375152e-88,1.55930035170742e-85,191.412895659655
"CHRNA2",-3.28495506664474,1.07684965156794,-23.9955248956119,1.31385932297567e-88,1.58667834709944e-85,191.335250405242
"STX11",-3.29135490538097,7.79819407665506,-23.9438274692392,2.4421256894599e-88,2.78538002247844e-85,190.718406907605
"EPAS1",-2.70162365640944,13.0221829268293,-23.9161116138558,3.40488021652393e-88,3.67906267606506e-85,190.387703816059
"C16orf59",3.57582247490541,6.2762524390244,23.7307844670788,3.14208173380775e-87,3.20240981092056e-84,188.176380348824
"LOC158376",-2.67174671713018,4.23682787456446,-23.7273107246833,3.27572362539365e-87,3.20240981092056e-84,188.134931881186
"HTR3C",-3.89595649169,1.1289243902439,-23.5048669849246,4.71685736293562e-86,4.40168553004856e-83,185.480839057384
"ACVRL1",-2.61354861938458,9.46462020905923,-23.4876278739331,5.7998616209713e-86,5.17700691645829e-83,185.275161351807
"OTC",-2.96690645713347,0.908333972125435,-23.2027807834737,1.76378425548593e-84,1.50877044854692e-81,181.877084928187
"KCNA4",-4.33623251933524,1.83339982578397,-23.1886293359862,2.08983649233371e-84,1.71617372750444e-81,181.708290224908
"RAMP2",-2.94681407931547,8.15444076655052,-23.1436773540833,3.58183867882134e-84,2.82827492600778e-81,181.172133877751
"C13orf15",-2.96915879545831,9.86740975609756,-23.0851741225048,7.22135930234846e-84,5.49090764730422e-81,180.474393422952
"CD300LG",-5.89521248642427,2.81637700348432,-23.030759280779,1.38620985958637e-83,1.01638887204672e-80,179.825463594007
"CELA2B",-2.00492280401516,0.369742857142857,-23.0271201091716,1.44800068962123e-83,1.0250846261353e-80,179.78206610223
"WWC2",-2.46946797432946,9.50163693379792,-22.9526008112262,3.53650941755717e-83,2.42015127808162e-80,178.893469243846
"HBM",-1.3202581043278,0.243208885017422,-22.9401757512201,4.10422836104725e-83,2.71805833071936e-80,178.745318314229
"S1PR1",-2.94710010202405,9.00570278745644,-22.9250929237094,4.91718667355886e-83,3.15468257525511e-80,178.565481452744
"ITLN2",-6.75748245844997,2.91732909407665,-22.8350499944942,1.44617697108154e-82,8.99697370191033e-80,177.491972153223
"GYPE",-3.64515940431137,3.22534268292683,-22.726119381181,5.3320374512593e-82,3.2196096727751e-79,176.193523700247
"EMP2",-2.91910203718943,12.4072857142857,-22.6854556507568,8.67757903357327e-82,5.09001993026455e-79,175.708887882645
"CHRM1",-4.70519499424063,2.07128240418118,-22.6658217141081,1.09777763641552e-81,6.26038190989181e-79,175.474903228345
"OR6K3",-1.74850705611323,0.368690418118467,-22.6483507639002,1.35324597670717e-81,7.50868645994546e-79,175.266704212299
"FAM107A",-4.96705724535137,7.58588885017422,-22.6441961922265,1.42227370082113e-81,7.68402080996256e-79,175.217195928701
"TEK",-3.56414187263455,7.71111567944251,-22.606922648387,2.22238974770016e-81,1.16988875693036e-78,174.773043788342
"LDB2",-2.74698311008724,8.20459094076655,-22.4933731896518,8.65395169149331e-81,4.44164070565894e-78,173.420230521213
"EDNRB",-3.8653374592727,8.2649775261324,-22.4316095889823,1.81250374652984e-80,9.0757809551848e-78,172.684550844584
"OVCH2",-3.20004675333225,1.10283554006969,-22.3868305895985,3.09755508167704e-80,1.51411442444833e-77,172.15125495109
"CYP1A2",-3.90084179035713,1.15475818815331,-22.3830187883147,3.24212415297053e-80,1.54792578745314e-77,172.1058613254
"KANK3",-2.93265032417314,6.77137578397212,-22.3644526006275,4.04872550311548e-80,1.8890985131582e-77,171.884769002937
"FABP4",-6.16306362349849,5.80134912891986,-22.26558150503,1.32149175641564e-79,6.02893905760293e-77,170.707579991047
"GPM6A",-5.96523172618074,4.8629480836237,-22.1027180044834,9.26781814055638e-79,4.13626753099179e-76,168.769266249782
"CAV1",-4.07920456146128,11.2210271777003,-22.0937540162303,1.03162821424188e-78,4.50623983795442e-76,168.662611954445
"PALM2-AKAP2",-2.57131448082938,10.0728182926829,-22.0848993427739,1.14683222993351e-78,4.90509701677812e-76,168.557261520059
"SSTR4",-1.23266467006748,0.254593728222997,-22.0625722917783,1.49769633521188e-78,6.27504199222449e-76,168.291634844976
"ADCY8",-4.60375205529049,1.47494912891986,-21.9702162724172,4.51695599998608e-78,1.85466213359428e-75,167.193092065882
"HSPA12B",-2.9173399012671,6.86146672473868,-21.8485689332926,1.93226856986928e-77,7.77832818419928e-75,165.746716933989
"LIMS2",-2.96962825078166,8.35835296167248,-21.8134660777552,2.938721331983e-77,1.1602297874156e-74,165.329475563435
"RAMP3",-3.1757788086227,8.11540226480837,-21.7398056351874,7.08232950002916e-77,2.72053355571185e-74,164.454123946197
"ROBO4",-2.93299815698538,8.78263658536586,-21.7389411356533,7.15581159320213e-77,2.72053355571185e-74,164.443852174507
"PTPN21",-2.61487212440351,8.57818867595818,-21.7356792853398,7.43999636692145e-77,2.77714773477995e-74,164.405096007016
"SPOCK2",-3.53938571992762,10.5164221254355,-21.6910473800682,1.26759634273751e-76,4.64709873507161e-74,163.874849572779
"TAL1",-2.96445711699855,5.70281968641115,-21.6615468717261,1.80264897484679e-76,6.49269885150959e-74,163.524427029039
"FAM83A",6.23114667763704,9.46823414634147,21.6586137845508,1.86687467088641e-76,6.6080925850514e-74,163.489588761168
"ALDH18A1",1.59536402501236,10.9520789198606,21.6290180881835,2.6577664797316e-76,9.24812641167624e-74,163.13808598424
"CDH5",-2.64285509297353,9.94139895470382,-21.5912782850475,4.16967096801764e-76,1.42672241622337e-73,162.689924988255
"FHL1",-3.9845962349844,9.24244146341463,-21.5574619653916,6.24201522815636e-76,2.10079627268934e-73,162.288421203847
"PRX",-3.43447116998522,7.98852735191637,-21.4436790005232,2.42492893045577e-75,7.96808544655639e-73,160.93793805279
"IQGAP3",3.73355044594375,8.41551202090592,21.4429825340105,2.4451504292891e-75,7.96808544655639e-73,160.929674023959
"FGF10",-2.50468498601286,0.794410975609756,-21.3428650974782,8.06531106181614e-75,2.58720056404821e-72,159.742015501631
"CLEC3B",-4.23837837748893,8.00488222996515,-21.3077030085476,1.22629536098961e-74,3.87320673247948e-72,159.325044274426
"AGER",-6.758780773408,9.34731846689897,-21.2888281128912,1.53555129364431e-74,4.77649516038148e-72,159.101247191264
"CHRM2",-2.876960437716,0.849734668989547,-21.2774163983477,1.75917962880918e-74,5.39044145961978e-72,158.965950894162
"ADRA1A",-3.66621687674844,1.55253101045296,-21.1227874329323,1.10923196349336e-73,3.3489017956645e-71,157.133512624762
"WNT3A",-5.13366050024688,3.55864930313589,-21.0905237318763,1.62853502126631e-73,4.84548173718803e-71,156.751370562015
"TMEM177",1.62560729307225,7.6407,21.0807062759677,1.8303683859519e-73,5.36820899479894e-71,156.63510346539
"PRKCE",-2.01360673358567,8.33021254355402,-21.0155230414876,3.97524166483593e-73,1.14946072364904e-70,155.863315094968
"ADM2",3.38652263287809,7.79171533101046,20.987082396521,5.57552480658578e-73,1.58979894832231e-70,155.52666346353
"C2orf71",-3.80565211782133,1.72116864111498,-20.9091789029455,1.40798984776514e-72,3.95973035268743e-70,154.604819553017
"SEMA3G",-3.14288190883663,7.39708048780488,-20.8811280588091,1.96523243798257e-72,5.45219215564624e-70,154.272998873871
"UBE2T",3.26159266414352,7.86399947735192,20.7788011558349,6.62925621115462e-72,1.81464840020006e-69,153.063051695456
"CYP3A7",-3.58802941583021,1.66941567944251,-20.7299229052173,1.18460505842225e-71,3.19999234860641e-69,152.485385032896
"AGBL1",-3.09833814052988,1.23559825783972,-20.7102437027674,1.49642052521234e-71,3.98980693280642e-69,152.252860122811
"C9orf140",3.48228408096103,7.96223031358884,20.7069668631763,1.55578681999433e-71,4.09491069416456e-69,152.214144745976
"ODAM",-4.39934334046407,1.77137770034843,-20.6994209430161,1.70160143582992e-71,4.42200980728965e-69,152.12499408409
"CALCRL",-2.93349202896168,9.25697822299651,-20.6913437640407,1.87284847143954e-71,4.80619738983171e-69,152.029571977035
"GCOM1",-3.72759708079648,6.94081585365854,-20.6574470795761,2.80055583813546e-71,7.06686073496712e-69,151.62918113086
"C20orf202",-2.50617427349023,2.86468832752613,-20.6567860668559,2.82261363987971e-71,7.06686073496712e-69,151.621374114355
"C20orf160",-2.71297548461414,5.95340470383275,-20.6531961774221,2.94547474363942e-71,7.28561403456836e-69,151.578975665283
"MND1",3.37441499094951,5.108443728223,20.6205819298494,4.33752971802028e-71,1.06011291798758e-68,151.193832988775
"SH2D3C",-2.34042774395263,8.54400836236933,-20.6055859772633,5.18221893382668e-71,1.25165829072308e-68,151.01677478866
"STARD13",-2.18950949481654,8.14043275261324,-20.6044245685706,5.25412126399023e-71,1.25426871569441e-68,151.003062739143
"CMTM5",-2.24228749053811,0.95722543554007,-20.6026767810127,5.36420963590398e-71,1.26583015890929e-68,150.982427880919
"LY6G6F",-1.48074922494653,0.311212543554007,-20.5719150833869,7.72663400255758e-71,1.80258859173304e-68,150.619288663235
"KIF20A",3.39264864571337,7.91874895470383,20.5680077452173,8.09316740965435e-71,1.86688457213712e-68,150.573168557222
"GRK5",-2.66139496791182,8.555556271777,-20.5555873884423,9.37770976295681e-71,2.13915979370559e-68,150.426573949223
"ETV4",3.77039630409744,9.15258414634146,20.5415648352858,1.10744274325481e-70,2.49843950758474e-68,150.261084704122
"TOP2A",3.74470716471947,10.4250101045296,20.5356001031903,1.18861444279759e-70,2.65241896854724e-68,150.190696105287
"NECAB1",-3.71579708079648,5.66330296167248,-20.4122211920743,5.13063244112659e-70,1.13260090340139e-67,148.735417492701
"GOLM1",2.49123374691462,12.1653898954704,20.3497546295753,1.07525981578538e-69,2.34841319341211e-67,147.999126363957
"E2F8",3.37334525588287,6.5480331010453,20.2866640214037,2.2693927570099e-69,4.90427718962244e-67,147.255840935033
"PTPRB",-2.88587556689159,9.57614268292683,-20.2612405043181,3.06609669967964e-69,6.55697554629407e-67,146.956424884788
"RXFP1",-3.73565064011851,3.07530365853658,-20.2507691555537,3.47056876891695e-69,7.34544090988298e-67,146.833120097437
"RBP2",-4.10012839558998,1.5896743902439,-20.2024734513703,6.14533808042224e-69,1.28738562031703e-66,146.264551198731
"SCUBE1",-4.49999332236305,4.73792073170732,-20.162034431154,9.91399104599347e-69,2.05590137549743e-66,145.78864831208
"JAM2",-2.61280155010698,6.70954303135889,-20.1493330312049,1.15204977344024e-68,2.36515818487281e-66,145.639205766014
"FOXF1",-2.82430450880371,7.31974094076655,-20.1478120280534,1.17295475719428e-68,2.38423377873253e-66,145.621310952212
"CDC20",3.80057744939941,8.54597491289198,20.1383212624152,1.31223631576758e-68,2.64119721203023e-66,145.509655882291
"SRPK1",1.5231147079151,10.63873728223,20.0899242927292,2.32513909837321e-68,4.63447628054389e-66,144.94042270375
"UHRF1",3.39340645055129,7.58496445993032,20.0716220003841,2.88651720111904e-68,5.69809597490133e-66,144.725216242901
"CAV3",-2.95044615435249,1.10508710801394,-20.0186320014786,5.39796908902115e-68,1.05543147997718e-65,144.102326267271
"CYYR1",-2.33335914431465,8.00513344947735,-20.0146418574192,5.65843285607271e-68,1.0959210050488e-65,144.05543420811
"SDPR",-3.75387951620869,9.58903153310104,-19.9951200350046,7.12549488093164e-68,1.36716270939744e-65,143.826037761543
"SGEF",-3.00241841369099,8.17280609756098,-19.9562925101613,1.12692223112755e-67,2.14219568565265e-65,143.369900983375
"GIMAP8",-2.62698258351162,8.40227386759583,-19.898255952133,2.23530057777381e-67,4.21015787721984e-65,142.688393699591
"BUB1B",3.548498548626,7.48637944250871,19.8908833038647,2.43843034107771e-67,4.55099771839322e-65,142.601844117669
"SLC39A8",-2.81196200427845,11.2160266550523,-19.7910965486576,7.9091333989799e-67,1.46283341154106e-64,141.430992297634
"GPIHBP1",-4.49715387855854,5.73061916376306,-19.7902536721113,7.9880977936207e-67,1.46424685449137e-64,141.421106967279
"ST8SIA6",-3.7290712028962,2.41769494773519,-19.7663593960969,1.05861517878758e-66,1.92330704606275e-64,141.140905225259
"PPP1R14B",2.06397747243707,10.6652451219512,19.7515005130206,1.26117265709662e-66,2.27121707457839e-64,140.96669082609
"KIF2C",3.7506445351325,7.98083379790941,19.746162932092,1.34302975330079e-66,2.39760007263175e-64,140.904115812169
"MYCT1",-2.37330685864738,7.37709355400697,-19.7358102435281,1.5172386347302e-66,2.6852507906044e-64,140.782755309698
"KIF4A",3.99622162580224,7.68875,19.7286789366327,1.65020290771414e-66,2.89561245259583e-64,140.699164736589
"GPR146",-2.32776169820637,6.89152334494774,-19.7213314245864,1.79938598187508e-66,3.13062662778775e-64,140.61304581952
"CAT",-2.03515407931547,10.963093554007,-19.6946729519326,2.46306937649763e-66,4.2493121260081e-64,140.300637250651
"EFNA4",2.14138122099722,8.40095714285713,19.6910436072404,2.57061645722935e-66,4.39789632224321e-64,140.258111422519
"CCDC141",-4.03282254072736,4.04209425087108,-19.6102494551287,6.65356910348847e-66,1.12890722061668e-63,139.311816391404
"FGD5",-2.40674800724043,8.73549651567944,-19.6087339825729,6.7732737915429e-66,1.13979763065882e-63,139.294073692938
"CDC25C",3.76283447424719,5.50926567944251,19.582032690873,9.27302632705142e-66,1.54776610158021e-63,138.981506641211
"RSPO1",-4.02735220997207,3.22177857142857,-19.5808672399336,9.40102538984748e-66,1.55647621978684e-63,138.967865684797
"NUF2",3.84638390982396,7.03057473867596,19.5754597907868,1.00184009140654e-65,1.6454221661261e-63,138.90457656648
"RASIP1",-2.4966092841863,7.65460574912893,-19.5639961599212,1.14644663185567e-65,1.86798010730135e-63,138.770416822737
"PAICS",1.79214652295542,11.0820837979094,19.5379876265583,1.55660677301995e-65,2.51631000394484e-63,138.466094155753
"AKAP2",-2.91170517031432,9.58777142857142,-19.5309735936433,1.69041580525202e-65,2.7112684751425e-63,138.384037462377
"SPAG5",3.10659660358732,8.7303181184669,19.4954797837314,2.56561325302693e-65,4.08310388253045e-63,137.968887291698
"DLGAP5",3.8440820799737,7.41267560975609,19.4846366167556,2.9142925108185e-65,4.60234040362337e-63,137.842091116883
"CLEC1A",-2.42663550765182,5.80054303135889,-19.4690557043175,3.49981573719983e-65,5.48482573165744e-63,137.659918110357
"NCKAP5",-4.62539634359063,5.98582282229965,-19.4425433939336,4.77873462242676e-65,7.43238043927435e-63,137.350001792066
"CLEC4M",-3.48747629093305,1.37258066202091,-19.4324840818705,5.37807208929263e-65,8.30164060099081e-63,137.232435500741
"ARHGAP6",-2.75184540727335,6.14204198606273,-19.3905128551937,8.80377719916146e-65,1.34881750670735e-62,136.742038102106
"CLEC14A",-2.36366656903079,9.01410226480837,-19.3850146152182,9.39078123864623e-65,1.42809436169931e-62,136.677811954407
"KCNT2",-3.50534792496301,4.42565278745644,-19.3824505316395,9.67774351340878e-65,1.46091231125208e-62,136.64786160635
"ARHGEF15",-2.58262702649336,7.66733972125436,-19.3762148747294,1.04127080312242e-64,1.5603861013214e-62,136.575028018661
"PTPN5",-3.34289269705449,1.65044355400697,-19.346250409726,1.48011158201478e-64,2.20193411440314e-62,136.225104941287
"FGFBP2",-3.75685284844498,3.27899094076655,-19.3417317094437,1.56071055306029e-64,2.30513580246963e-62,136.172345547594
"RCC1",2.04918593714005,9.76592142857144,19.2985552408816,2.58999980676171e-64,3.79804971662985e-62,135.668355250811
"CACNA1S",-2.77071416159293,0.876605923344948,-19.2702020933467,3.61159687085318e-64,5.25858750061105e-62,135.337522635371
"TMEM184A",3.05080470626957,9.40215923344949,19.2405564080982,5.11251055562537e-64,7.39153814837949e-62,134.991717876682
"EZH2",2.584300437716,8.01688710801394,19.2333893113386,5.56053678759858e-64,7.98306435310481e-62,134.908133545333
"ALAS2",-3.45651837090673,1.41353954703833,-19.2265755016274,6.02279721712442e-64,8.58666853246974e-62,134.828675459947
"ORC6L",3.00822173440845,6.56438885017422,19.2166103887386,6.76884986296817e-64,9.58375777149908e-62,134.712479772378
"LYVE1",-3.52203151555047,6.90162473867596,-19.1945475314495,8.76561221327186e-64,1.23258916944158e-61,134.455267126459
"ERG",-2.28149439526084,8.35856376306621,-19.1616109087296,1.28922901563883e-63,1.80053548918811e-61,134.071404184084
"ECSCR",-2.44606924798422,6.14534581881534,-19.1596815883418,1.31868958404555e-63,1.82923629462535e-61,134.048923142751
"PLK1",3.27762650979105,8.27564965156796,19.1519961824811,1.4428738974122e-63,1.9880671888505e-61,133.959375258439
"TNR",-3.02403944051344,1.1887243902439,-19.1437315730649,1.58948375911948e-63,2.17547343831486e-61,133.863087356128
"OTX1",3.34486106960674,5.28799198606272,19.1387890236311,1.68417959823409e-63,2.28981504316198e-61,133.805507848367
"SFXN1",1.55562221161759,9.52379494773519,19.1268815734092,1.93611306910376e-63,2.61502640188818e-61,133.666802188533
"CLIC5",-4.60252392957055,8.95241881533102,-19.1252509158516,1.97342674909016e-63,2.64800334371379e-61,133.64780869911
"TMEM100",-5.01801508310026,6.67141968641115,-19.1032890065922,2.55188388062694e-63,3.40195948501761e-61,133.392036311625
"CDC45",3.7682931018595,6.71713780487805,19.0689503779284,3.81381959149275e-63,5.05146556215136e-61,132.992251471172
"B3GNT3",4.22583367121939,8.86832351916376,19.0616868467285,4.15205023721885e-63,5.4642045750066e-61,132.907706658011
"HJURP",3.68034335362846,7.41865191637631,19.0588299824917,4.29315026335138e-63,5.61390922972e-61,132.874455765372
"MGC27382",-3.32549190389997,1.63396254355401,-19.0534605241525,4.57143778868302e-63,5.9399758102318e-61,132.811963903849
"NEK2",3.60572982063521,7.44857212543554,19.0413874621966,5.26474739618297e-63,6.79781534865637e-61,132.671467116274
"DENND3",-1.95250816850421,9.71225975609756,-19.0232072930744,6.51188910630443e-63,8.35556770952687e-61,132.459937938784
"CDCA8",2.96283017936484,8.01582229965156,19.0198468483384,6.77284534196651e-63,8.63642949506661e-61,132.420843551982
"NME1",2.18982349843675,10.640818466899,19.0019188425941,8.35213250853238e-63,1.0584523481492e-60,132.212300674875
"FCN3",-4.89986946848778,7.01101463414634,-18.9653785575521,1.28016244347225e-62,1.61237637818929e-60,131.787391888321
"MMP11",5.15480802040485,9.62862282229965,18.9559641700461,1.42901516444724e-62,1.78888300768914e-60,131.677946523483
"CD101",-2.84506467335859,6.25564686411151,-18.9476919999214,1.57401264467231e-62,1.95845330879531e-60,131.581789959628
"JPH4",-2.90852128023699,4.44079076655052,-18.9389543616748,1.74315830222889e-62,2.15584577980477e-60,131.480233077375
"CNTN6",-5.37003817014979,3.44146829268293,-18.9263451552332,2.0197561718368e-62,2.48296971304249e-60,131.333696021497
"GPD1",-4.93656855356266,5.85540470383275,-18.9120126912738,2.38776117064724e-62,2.91790100198737e-60,131.167159238101
"SPTBN1",-1.78399739674183,13.0039277003484,-18.9081656737364,2.49746965193997e-62,3.03390839966436e-60,131.122463527471
"CTHRC1",3.78512419614945,9.60888972125437,18.9054660259096,2.5774507488878e-62,3.11265081615685e-60,131.091099515705
"ANKRD1",-5.72259195326647,4.77503397212544,-18.8740309354737,3.72021364014151e-62,4.46643193170206e-60,130.725968022705
"MSTO1",1.52257868026988,9.53395296167248,18.8721038239486,3.80484063902249e-62,4.54147548367045e-60,130.703588374614
"USHBP1",-2.63918052986673,5.38019581881534,-18.8687217659697,3.95803548442468e-62,4.69702130030282e-60,130.664313629547
"THSD1",-2.32841681092646,6.48054912891986,-18.8323315339979,6.05191133142755e-62,7.1405597490924e-60,130.241828632288
"COL10A1",4.64772003949321,8.89736898954704,18.8261533007028,6.50419497711368e-62,7.63034987886536e-60,130.170119083267
"SPAG4",2.97812905380947,7.13972491289199,18.8189271941949,7.07620525681106e-62,8.25423260922336e-60,130.086254024003
"SEMA6A",-2.92442183314138,7.18365679442509,-18.7755617644176,1.17332377195091e-61,1.36092299650577e-59,129.583119827031
"ADRB2",-3.5192240019747,6.61207926829268,-18.7362639754664,1.85495539715989e-61,2.13945136537599e-59,129.127415216571
"CA4",-5.84214168504201,4.21560296167247,-18.7221741021837,2.18589401410883e-61,2.50706168210359e-59,128.964081479945
"RECQL4",3.10373599802537,8.05198205574914,18.721210093321,2.21058176935439e-61,2.52129131804697e-59,128.952907488628
"ATIC",1.24028519664309,10.8462604529617,18.6832152759179,3.44109995615517e-61,3.90308188397048e-59,128.512612498021
"TUBB3",3.91022900115192,10.1195149825784,18.6755039726208,3.76437073455628e-61,4.24629292200222e-59,128.423277830873
"SOX7",-2.98629188744449,6.97400383275261,-18.6690612183397,4.05760399671606e-61,4.55205519413009e-59,128.348645972971
"MGAT3",-3.84296368932042,7.01344477351916,-18.6674441083069,4.13471925983355e-61,4.61335795675993e-59,128.329914596106
"BTNL9",-4.08473136415999,6.25430574912893,-18.6427641392273,5.51075284723247e-61,6.11544626776663e-59,128.044089116326
"STIL",2.43299106796119,7.50161010452962,18.6251950978137,6.76088923346542e-61,7.46242236360457e-59,127.840672996097
"CDC6",3.29280655586641,7.98840836236934,18.6203640345174,7.15181387012624e-61,7.85169725955571e-59,127.784746622736
"ERCC6L",2.8536528254073,5.96887717770035,18.617670050397,7.3795318605352e-61,8.05860580302062e-59,127.753561487874
"KANK2",-1.66126086884977,10.7998179442509,-18.5972408232533,9.35926072085958e-61,1.01664350581612e-58,127.517111762314
"PPAT",1.84661840710879,8.36463292682926,18.5685479660551,1.30664491085868e-60,1.41186421157519e-58,127.185125257064
"PLEKHN1",3.32893407602439,6.32002073170732,18.5338002464517,1.95695746876875e-60,2.10347313266086e-58,126.783250718237
"STARD8",-2.28832481158468,7.80354390243902,-18.5131611707928,2.48736583676799e-60,2.65966774108577e-58,126.544637790544
"EMCN",-3.04880532499591,7.80173972125435,-18.5082470485204,2.63351222865415e-60,2.8013474639518e-58,126.487834267874
"PNPLA6",-1.51093509297352,10.5079717770035,-18.4930411775307,3.14232311482997e-60,3.3253553374979e-58,126.312089738539
"LGI3",-6.63778600625314,4.88922055749129,-18.4917730006758,3.18895394106662e-60,3.35739612359475e-58,126.297434189152
"SASH1",-1.94395881849599,9.434162543554,-18.4712018896965,4.04953816646502e-60,4.24168462028198e-58,126.059741466841
"HBA2",-4.79004215237786,8.77310731707318,-18.4590534517184,4.66301427620848e-60,4.85947629901321e-58,125.919401233138
"BMPR2",-1.35251033733751,11.1612717770035,-18.4583181209444,4.70299476869154e-60,4.8763880101635e-58,125.910907346994
"C16orf88",1.27825190389996,8.39582804878049,18.4519198219563,5.06564814148349e-60,5.22601790676663e-58,125.83700348818
"MMRN2",-2.20937733421098,8.92361724738676,-18.4428762036307,5.62637429444981e-60,5.77547321325273e-58,125.732555746726
"C14orf132",-3.02907304261974,8.21906411149826,-18.4401196474371,5.8093126543706e-60,5.93359148229992e-58,125.700721933935
"RPL13AP17",-5.22611315780816,2.98600470383275,-18.4355302623356,6.12716028485906e-60,6.22725745782953e-58,125.647724544481
"BIRC5",3.80856325160444,7.61947038327526,18.421911809583,7.17628390165767e-60,7.24471202619146e-58,125.490480742582
"CCNB2",3.17022307059407,7.89876898954705,18.4216414136923,7.19883708398957e-60,7.24471202619146e-58,125.487358947171
"CDCA3",3.21697025835119,6.8277925087108,18.4173422414721,7.56708339573329e-60,7.57815717631242e-58,125.437725373459
"PDLIM2",-1.97637778180025,9.23390296167248,-18.4141323589572,7.85424180614677e-60,7.82755263496083e-58,125.400669470597
"FAM150B",-3.85425289781145,3.21878205574913,-18.4064069740237,8.59077507520989e-60,8.52022281613812e-58,125.311491893742
"SOX17",-2.70021534309695,5.48435156794425,-18.3856804808793,1.09257810413132e-59,1.078395599895e-57,125.072283730081
"CSRNP1",-2.26626145466515,10.0405224738676,-18.3841917784684,1.11160742692045e-59,1.09192825237688e-57,125.055104992988
"C7orf45",-1.10878130656575,0.309489198606272,-18.3653807008568,1.38259212996879e-59,1.35164840134568e-57,124.838067012399
"LMO2",-2.00480420931382,7.88961027874565,-18.3633426022304,1.41565543637323e-59,1.37741261178874e-57,124.814555303077
"GRIA1",-5.16049097910158,4.0188393728223,-18.3377415306626,1.90482511037148e-59,1.84462544886445e-57,124.519275846505
"GRASP",-2.5087627447754,7.09415574912893,-18.331907488165,2.03808472935972e-59,1.96440748796972e-57,124.452001581944
"FRMD3",-3.10689860457465,3.99274651567945,-18.3313356086476,2.05163834268869e-59,1.96823061567284e-57,124.445407347945
"ANLN",3.56194596675995,8.93602090592335,18.3293202170533,2.10012505264336e-59,2.00537522468689e-57,124.42216867359
"ASPM",3.42379680763538,7.88075818815332,18.3235434586247,2.24553865134085e-59,2.13430132000128e-57,124.355562836627
"C16orf75",2.27106837913446,7.85086324041811,18.2976701032451,3.03051642791929e-59,2.86711992005452e-57,124.057310540489
"EFNA3",2.61780313641601,6.91135801393728,18.2816790878953,3.64720928724129e-59,3.43473425078274e-57,123.873030540412
"FAM46B",-3.19016373539578,6.75480609756097,-18.2781932482613,3.79746753268033e-59,3.55990906145786e-57,123.832865391695
"RAD54L",3.33492457791676,6.41660226480835,18.2718511818506,4.08687868212825e-59,3.81380087927695e-57,123.75979485022
"COLEC10",-3.1260335033734,2.19078013937283,-18.2662496982848,4.36076071653095e-59,4.05096911811676e-57,123.695262486801
"LRRN3",-3.54830741155178,4.94850052264808,-18.2640071855278,4.47547863758154e-59,4.13880974907879e-57,123.669428878232
"UPK3B",-5.88890466019422,5.99580087108014,-18.2602904146114,4.67228941966685e-59,4.30143954196235e-57,123.626613732369
"SPTBN2",2.5971730886951,9.579968815331,18.2430740096786,5.70284732124681e-59,5.22676140648201e-57,123.428320027777
"KIF14",3.52885464209317,6.66058519163762,18.2374147875511,6.08893038052849e-59,5.55581069832222e-57,123.363149413603
"SLC6A13",-3.11369490538097,1.95559285714286,-18.2337762300847,6.35083828300234e-59,5.76914645796629e-57,123.321251226319
"FMO2",-3.74120912292253,9.13822160278746,-18.2229728292888,7.19666422695034e-59,6.50870117089385e-57,123.196862436564
"ACTN2",-3.61561078492681,3.00322526132404,-18.2154123903857,7.85464619562268e-59,7.07262659632165e-57,123.10982419086
"PTRF",-2.21149797268391,11.964531533101,-18.2032897468885,9.03734849403893e-59,8.10204212151176e-57,122.970284253152
"MELK",3.70205631067964,7.32023135888502,18.1793599182833,1.19193769414841e-58,1.06393395047248e-56,122.694907715518
"SGK269",-1.7688272272503,9.90202839721254,-18.1392964620069,1.89417863452997e-58,1.68344101155413e-56,122.234086559292
"TGFBR3",-3.02508638143823,8.10280540069687,-18.136711725865,1.95162078566327e-58,1.72701615214081e-56,122.204365524058
"DEPDC1B",3.47189541221001,6.39921794425087,18.1325008136811,2.04895179674367e-58,1.80536396511362e-56,122.155948052773
"SYN2",-3.63965945696893,2.4422756097561,-18.0908968880445,3.3135148279591e-58,2.9071136503419e-56,121.677744615489
"SNRK",-1.22983673194011,9.73166149825785,-18.0858196212301,3.51363391840481e-58,3.06957039765323e-56,121.619405828037
"CD93",-2.33930421260492,10.8355113240418,-18.0766064830292,3.90809192390467e-58,3.39970877956623e-56,121.513556386356
"MEX3A",3.68324018430149,8.27070522648084,18.0533660921483,5.11091091533885e-58,4.42729962413108e-56,121.246613312074
"MYO19",1.62969957215733,9.60641062717771,18.032740321807,6.48466676787189e-58,5.59370624976512e-56,121.009780518967
"TROAP",3.73644621359227,7.05618641114982,18.0281190036744,6.83987631661484e-58,5.87542513724279e-56,120.95672695479
"C13orf1",-1.29904167845978,8.19909198606271,-18.0142177786981,8.0298441094491e-58,6.86886248195792e-56,120.797160823746
"EXO1",3.47479845976636,6.60005818815331,18.0096464079147,8.46468919982411e-58,7.21079125611573e-56,120.74469541217
"INMT",-4.2298431824914,8.74046045296168,-18.0014863516564,9.30018016754831e-58,7.88978094379202e-56,120.651051909038
"LOC400804",-1.58964742471616,0.665909407665505,-17.994109160392,1.01261736380427e-57,8.55515822177025e-56,120.566402479644
"CASP12",-2.46706067796612,1.65216289198606,-17.9782808857814,1.2153989074216e-57,1.02262867087563e-55,120.384813518132
"AURKB",3.54086619713678,7.05970278745644,17.9752137471167,1.25915134299311e-57,1.05511743149586e-55,120.349631046571
"PAFAH1B3",2.09637257857497,9.28033414634147,17.9724422041992,1.30003838532492e-57,1.08495073376913e-55,120.317840714666
"TPX2",3.4559125621195,9.2997236933798,17.9694537227447,1.34561265514739e-57,1.11843837288162e-55,120.283563558153
"GTSE1",3.10701161757449,7.0083362369338,17.9674460415286,1.37712232118181e-57,1.14001295378478e-55,120.260536827215
"CD36",-3.70691182491364,8.57190034843205,-17.9300868819995,2.1182322747654e-57,1.74647825706561e-55,119.83218298959
"HPS5",-1.19909856508146,9.33362491289198,-17.910846483377,2.64386652373419e-57,2.16629183126276e-55,119.6116726361
"LRRC32",-2.25717760737208,9.46417770034844,-17.9106941202495,2.64851071430566e-57,2.16629183126276e-55,119.609926696646
"MYH2",-2.84715737370415,1.26991672473868,-17.9048610381997,2.83257115934625e-57,2.30764626592772e-55,119.54308813546
"C8orf84",-3.17173671877574,5.70018989547039,-17.8694803754426,4.25706919022463e-57,3.45445179744315e-55,119.137808504154
"STX12",-1.01846904722726,10.4812693379791,-17.8674418214534,4.35814873243712e-57,3.52255092428875e-55,119.114464073132
"WFS1",-1.75499943722233,10.3776043554007,-17.8646751776388,4.49917417720861e-57,3.6222763081605e-55,119.082783146891
"TCF21",-3.79666068454833,7.30396637630662,-17.8478109216641,5.46293679673868e-57,4.38101923582207e-55,118.889699957641
"TGM1",-2.97341561954915,4.79759895470384,-17.8389135801858,6.05186453725699e-57,4.83442719649362e-55,118.787852788845
"KIF26B",3.07134580878726,8.20474320557491,17.8102250818767,8.41807904459872e-57,6.6985722009927e-55,118.459555928989
"C2orf29",1.10595405956888,10.4879283972125,17.8084049606377,8.59614810746428e-57,6.81385794000933e-55,118.43873243782
"C19orf59",-5.09976885305253,6.74677595818814,-17.7941565760398,1.01265313395454e-56,7.9960649384949e-55,118.275741673831
"SLC25A10",2.03750348856345,9.41161097560976,17.7844305315977,1.13246194291742e-56,8.90783283068763e-55,118.164504460548
"KIF18B",3.55905888431795,7.05685261324042,17.7805757998243,1.183773243713e-56,9.27590255474347e-55,118.120422530521
"SKA3",3.11500967582691,6.38951219512195,17.7660991559116,1.398083798259e-56,1.09135590791853e-54,117.954895017653
"ANGPTL1",-3.16347474411719,5.1730162020906,-17.7260132549159,2.21588495781668e-56,1.72318629484759e-54,117.496750853813
"NCAPG",3.16061869014319,7.76066707317072,17.7195120499068,2.38766673646456e-56,1.8497659660233e-54,117.422476340921
"CENPF",3.14482059239759,9.31171655052264,17.7177617695274,2.43614492135893e-56,1.88022764043228e-54,117.402481206918
"SERINC1",-1.19624964620702,12.0330555749129,-17.701210550789,2.94604281591762e-56,2.26525314647149e-54,117.213429040477
"PPP1R15A",-1.78590929735068,10.8015292682927,-17.6989170340463,3.02464483990002e-56,2.31701337922192e-54,117.187235962258
"PDIA4",1.67053249300643,12.990749825784,17.6980379041425,3.05532603340766e-56,2.33181574222525e-54,117.177196131974
"GINS1",2.76291892381111,7.60332212543553,17.6975456398555,3.07264133952612e-56,2.33634543335078e-54,117.17157444371
"PCDH15",-4.0353185617904,2.34271411149826,-17.6875003072176,3.44818966734348e-56,2.61222634208714e-54,117.056866061434
"SMAD6",-2.48390063518185,7.28751149825784,-17.6791283715574,3.79596101893971e-56,2.86511322495707e-54,116.961280806027
"THBD",-2.62271239756461,9.70750174216028,-17.6566941262612,4.91042399032196e-56,3.69271078832637e-54,116.705206468275
"NDST1",-1.60069965114367,11.1084559233449,-17.6455608392989,5.57936283954658e-56,4.18044960203983e-54,116.578161558055
"ZWINT",2.51082672700348,8.73903675958188,17.6227692994422,7.24602037676017e-56,5.40948357581405e-54,116.31815458819
"MOGAT1",-1.43254543360212,0.46778362369338,-17.6218923124372,7.31925027867028e-56,5.44435537032974e-54,116.308151853574
"IGSF9",3.41844801382264,8.27147613240417,17.618610158266,7.59993470221925e-56,5.63273138760149e-54,116.270717574904
"ARHGAP31",-2.42006793154519,9.50251689895471,-17.5980221606128,9.62290406112561e-56,7.10641080485283e-54,116.035950172586
"GRRP1",-2.35541924304758,4.55420017421603,-17.5933877979988,1.01478320438525e-55,7.46720400932944e-54,115.983115166245
"PPAP2C",2.75354768142178,10.2752022648084,17.5858098889031,1.10684750485413e-55,8.11556402666263e-54,115.896730528084
"KCNAB1",-2.00570663156165,5.46162264808363,-17.5722199653936,1.293336708517e-55,9.44918242912952e-54,115.741839366728
"KIAA0101",2.85458073391478,7.71920801393728,17.5253699848881,2.21167053035265e-55,1.61012751730993e-53,115.208140126771
"CEP55",3.07918007240418,8.09186881533101,17.5209519522068,2.32639836825077e-55,1.68766637809853e-53,115.157833357238
"C1orf112",1.79697241072899,7.34145940766551,17.5205859179191,2.33616601127666e-55,1.68878479617993e-53,115.15366560871
"ASPA",-2.94708307388517,2.83655365853658,-17.5176964520519,2.41472298111337e-55,1.73944781762307e-53,115.1207664185
"KAL1",-3.35717889748234,9.15855121951219,-17.5169916411515,2.43428175055602e-55,1.74740574611591e-53,115.112741753882
"NPR1",-3.13919789698868,7.74865871080139,-17.501296848169,2.91324420021301e-55,2.0839339174346e-53,114.934072913655
"NMUR1",-2.86427834128684,4.3414369337979,-17.4899896590451,3.31560554354865e-55,2.35782590680809e-53,114.805382219437
"HMMR",3.08639544182988,7.46567473867597,17.489897525524,3.31910222633968e-55,2.35782590680809e-53,114.804333721601
"DPP6",-3.33058464044761,2.62524581881534,-17.4865180894748,3.44993637434275e-55,2.44231702638816e-53,114.765876216277
"CCNB1",2.69350364324504,9.09030627177699,17.4799630143701,3.71857628424079e-55,2.62344917922554e-53,114.691286777939
"AOC3",-2.94567081125558,10.1961529616725,-17.4647357403349,4.42600321181952e-55,3.11184403899502e-53,114.518050006261
"HEG1",-2.29690156656247,10.5920656794425,-17.4493097649795,5.27975320759766e-55,3.69943117242252e-53,114.342599274577
"TNNC1",-4.51477399703806,6.40138135888502,-17.4444344569508,5.58237594463498e-55,3.89816932460395e-53,114.287158665264
"PKMYT1",3.11968632878068,7.24036916376306,17.4398829893331,5.88050832844935e-55,4.09243511807001e-53,114.235404924234
"LGR4",2.52746703636665,9.96261411149826,17.4304683389267,6.54859812444847e-55,4.53360068851624e-53,114.128366031827
"C6orf155",-2.72258787559653,3.04227526132404,-17.4303348794625,6.55859427418082e-55,4.53360068851624e-53,114.126848804725
"CLDN5",-2.93608949481655,8.8449918118467,-17.4202450003896,7.360163621615e-55,5.07060936750859e-53,114.012152779939
"C9orf100",2.26863682079976,6.86985958188154,17.4152112179025,7.79591657479276e-55,5.35284840402994e-53,113.954939167565
"UBE2C",3.85822251439859,8.44110156794426,17.4133415400352,7.96424744603701e-55,5.45020000223799e-53,113.933689827901
"GP9",-2.02265855191708,0.799141986062718,-17.3856135383241,1.09319851971938e-54,7.45626764446477e-53,113.61863633964
"FEZ1",-2.25862298173443,7.14392665505226,-17.3787462958951,1.18237735082675e-54,8.0378168915474e-53,113.540632546147
"EPN3",3.39309684054635,7.91492735191637,17.3646842392937,1.38829588639089e-54,9.40650645135477e-53,113.38093368874
"TMEM88",-2.32268405792334,5.1688468641115,-17.3528584877058,1.58893485218681e-54,1.07305370116431e-52,113.246662742313
"ERVFRDE1",-2.63603177225607,2.26000905923345,-17.3469283033596,1.7001973809656e-54,1.14442794200734e-52,113.179341369153
"LOC401093",-2.29935160770119,5.96505052264808,-17.345163588888,1.73478495054974e-54,1.1638933017904e-52,113.159309130867
"DNAH14",1.97671343096925,6.56744564459931,17.3433431239459,1.77120151859917e-54,1.18065603190616e-52,113.138644698342
"MYBL2",3.94569735395758,8.93991898954704,17.3433396571267,1.77127159194884e-54,1.18065603190616e-52,113.138605346478
"TNS1",-2.36083047885472,12.2970959930314,-17.3427962220231,1.78229010979831e-54,1.18415585612166e-52,113.132436844913
"DEPDC1",3.49513445450061,6.89439372822299,17.3263288059803,2.15069060641502e-54,1.42431219837743e-52,112.945544488071
"AGTPBP1",-1.33062532828699,8.52893101045296,-17.3189198472396,2.34036269335932e-54,1.54494038889604e-52,112.861476514951
"KIF11",2.6001031561626,8.48206550522648,17.3155847959241,2.43110660039774e-54,1.59969931109505e-52,112.823637995944
"CCDC85A",-3.17877440513414,6.03316881533101,-17.3128509878352,2.50810511365944e-54,1.64509258732997e-52,112.792622694731
"HIGD1B",-2.93616567056116,5.04505905923344,-17.3079955624739,2.65091091840297e-54,1.73179710816813e-52,112.737541203773
"FHL5",-3.25810984696399,5.12676602787457,-17.3077889187828,2.65716555807579e-54,1.73179710816813e-52,112.735197078497
"GLIPR2",-2.35073012341618,9.46034459930314,-17.2986954368989,2.94749983111733e-54,1.91494213711515e-52,112.632051035475
"STXBP6",-3.82792895836765,4.97848327526133,-17.2938076661458,3.11642951704872e-54,2.01830593012651e-52,112.57661673621
"GIMAP6",-2.26119980253416,8.86870452961672,-17.2833227072885,3.51212672218644e-54,2.26742017630464e-52,112.457718808608
"SEMA5A",-3.03834675662336,8.58503344947735,-17.2586918201284,4.65033027486679e-54,2.9928301110663e-52,112.178496747574
"GRIK4",-3.01593388514072,2.4994256097561,-17.2516122171862,5.04098285212216e-54,3.23410556106462e-52,112.098263630708
"NDC80",3.23105866052331,6.99343449477351,17.2359205955236,6.02760668747169e-54,3.84981059408473e-52,111.92046738894
"ADPRH",-1.7045974296528,8.38295278745645,-17.2357666726518,6.03818320163313e-54,3.84981059408473e-52,111.918723595023
"HELLS",2.67010000987331,6.4440912891986,17.2314477479724,6.34262430366502e-54,4.03139557133879e-52,111.869796447989
"OR2W3",-2.40602272173772,1.12630487804878,-17.230642084528,6.40108887493818e-54,4.055998598842e-52,111.860669877977
"OCIAD2",2.03374895178544,10.7276932055749,17.222310793853,7.03813553755519e-54,4.44593607956948e-52,111.766300752167
"RASAL1",3.99052928418631,6.34775801393728,17.2163159760464,7.53532773015272e-54,4.74540730981703e-52,111.698405927034
"QKI",-1.41894625966761,10.9630646341463,-17.2063544197989,8.44024721503714e-54,5.29902982644381e-52,111.585601973498
"TACC1",-2.0360800197466,11.0035153310105,-17.1851929355483,1.07387701178558e-53,6.7215533694994e-52,111.346039413452
"RRM2",3.07224060885308,9.3382036585366,17.1822116324985,1.11093239160394e-53,6.93235319137659e-52,111.312296524349
"NLRC4",-2.43899923975648,6.26289250871081,-17.1706713483479,1.26680614435085e-53,7.88106974046148e-52,111.181699182204
"FUT2",3.09737773572489,8.18253327526133,17.1511149220214,1.58239296719251e-53,9.81466091131792e-52,110.960449751671
"HBEGF",-2.69019339476718,8.91760609756098,-17.1317235352885,1.97273620844632e-53,1.21988778190973e-51,110.741146956057
"NRG3",-3.03936356096761,2.13951777003484,-17.113214818929,2.43463085551672e-53,1.50099013404679e-51,110.531900643614
"ADH1A",-3.79946475234494,2.84399459930314,-17.1021009643073,2.762352643995e-53,1.69793711919812e-51,110.406290247141
"HBB",-4.91196739180521,9.02049581881533,-17.0920014953175,3.09819958742888e-53,1.89868768746015e-51,110.292167354845
"NCAPH",3.04657430969231,7.40546027874565,17.0878575788851,3.24752541607656e-53,1.98427669023963e-51,110.245347837526
"FOXM1",3.2067736481817,8.95304059233449,17.0873317323138,3.26698095500557e-53,1.99024092006719e-51,110.239406888042
"RGS9",-2.88212321869346,4.21155679442509,-17.0788009861808,3.59936524106159e-53,2.18624166860931e-51,110.143035815131
"STX1A",2.7907997663321,7.56386428571428,17.0762930020191,3.7033579515241e-53,2.24277105441858e-51,110.114706298722
"NXPH3",-2.6523441105809,5.6553700348432,-17.0704069008364,3.95935637420633e-53,2.39075254007223e-51,110.048223758982
"NUSAP1",2.48678509461908,8.68521376306621,17.0691447657142,4.0165089492256e-53,2.41815040256896e-51,110.033969116288
"FAM136A",1.14845088695081,9.8215299651568,17.0275263825436,6.44176442362409e-53,3.86694221102347e-51,109.564119656816
"GINS2",2.74967916406124,7.22268222996515,17.0269532781462,6.48378808000286e-53,3.88082126187926e-51,109.557652214341
"NOVA2",-2.19734385058419,5.02082909407665,-17.016991137451,7.2595950632657e-53,4.33254321653619e-51,109.445241496932
"SIRPD",-1.92616997860788,1.17504494773519,-17.0087621937246,7.96983857037548e-53,4.7426314739075e-51,109.352403998005
"SH2D4B",-2.44215459272669,2.25893606271777,-17.0067697880874,8.15198725509812e-53,4.83700284240359e-51,109.329928232211
"SLC19A3",-3.62685292084914,5.74783867595819,-16.9927403836171,9.55778919317787e-53,5.65479573878794e-51,109.171690855269
"RHOJ",-1.98602659206847,6.98455609756098,-16.9921565729522,9.62126729000292e-53,5.66770166384757e-51,109.165106992491
"TUBB1",-2.59912885305252,4.34458153310104,-16.9920324560045,9.63481675929275e-53,5.66770166384757e-51,109.163707286342
"CCDC48",-2.95458958038508,6.07487804878049,-16.9874176556049,1.01523535987623e-52,5.95508055378826e-51,109.111667097374
"SLC4A1",-2.46612542372883,1.20498675958188,-16.9752402800197,1.16551680521937e-52,6.8171111142888e-51,108.974367502966
"GPT2",2.9133672437058,9.67587404181184,16.9679276066722,1.26623317476418e-52,7.38516110167859e-51,108.891932837055
"VIPR1",-3.50363251933523,7.87851898954704,-16.9502687700606,1.54673158892537e-52,8.99558060074725e-51,108.692915619638
"CHAF1B",1.95732317590918,7.43474337979094,16.9394451548549,1.74849631380777e-52,1.01402907690603e-50,108.57096594152
"FGF11",3.42926525588288,6.90900522648083,16.9368478528825,1.80069938828675e-52,1.04136220962048e-50,108.541705965202
"ADAMTS8",-4.61325971696565,5.89112212543555,-16.932906035587,1.88291343208356e-52,1.08584867305268e-50,108.497302147458
"SESN1",-1.80922263616918,8.63507665505226,-16.9292272874562,1.9630174881872e-52,1.1288725219183e-50,108.455864836453
"SYT15",-3.66866778344582,6.92771846689895,-16.9177287307791,2.23599693206226e-52,1.28226304511838e-50,108.326364647509
"LOC149620",-5.224875580056,2.74193710801394,-16.9157812012664,2.28584839946144e-52,1.30719965573658e-50,108.304433873571
"KAT2A",1.64193196972192,10.1354534843206,16.8751118470109,3.62193433341548e-52,2.06550866291722e-50,107.84665545347
"SGOL1",3.09391387526743,5.35639494773519,16.8744354040647,3.64975747455541e-52,2.07560999868761e-50,107.839044445341
"KNTC1",2.17959599473426,8.55165069686412,16.8638488485421,4.11406486032738e-52,2.33319755752821e-50,107.719942928847
"PLAC9",-3.23368958038509,5.69766602787457,-16.8527392779422,4.66483221528804e-52,2.63826461101552e-50,107.594984229805
"CDT1",2.74945210136583,7.73678867595819,16.8202198192451,6.73732726650949e-52,3.79992661487472e-50,107.229369235415
"CASKIN2",-1.61354290274808,9.53295313588852,-16.8054581226832,7.96022247673074e-52,4.47735253280225e-50,107.063482456864
"CCRL1",-3.08202268224455,5.28956550522648,-16.802736973287,8.20872921183868e-52,4.60451395407235e-50,107.032908493568
"NFKBIL2",2.29707613954256,8.16383501742161,16.7964244811855,8.81544046393048e-52,4.92729502574029e-50,106.961989789745
"CDO1",-3.2379279282541,4.88860400696864,-16.796256625732,8.83217033352375e-52,4.92729502574029e-50,106.960104113606
"SCN4B",-3.30984930722399,6.67828710801393,-16.7943137673275,9.02813365138384e-52,5.02296975238239e-50,106.93827864486
"KIAA1462",-2.22719112390984,9.8615531358885,-16.7841632634881,1.01247549476263e-51,5.61787078580451e-50,106.824264914662
"RCAN1",-1.80208725357908,9.5662362369338,-16.7759342505525,1.11106403063477e-51,6.14828694041288e-50,106.73185111604
"RAI2",-2.36173352970218,7.60736881533101,-16.7738159271856,1.13795776401513e-51,6.28018088581466e-50,106.708064319433
"CAV2",-2.79549331248974,10.6278635888502,-16.7550854480036,1.40588781430143e-51,7.7380366830049e-50,106.497782862758
"FOLR3",-3.91694239591906,2.25834303135889,-16.7453771730923,1.56866818669898e-51,8.61089782698664e-50,106.388822407461
"TIE1",-2.08009292084912,8.9786111498258,-16.7393688587298,1.67870080879853e-51,9.19032736123571e-50,106.321399092148
"LIN7A",-3.00205324008559,3.48802526132404,-16.7384156763613,1.69685135682861e-51,9.264988924386e-50,106.310703552906
"CGNL1",-2.5264596182327,9.47836602787456,-16.7168938909663,2.16309005045708e-51,1.17793736699957e-49,106.069265656255
"XRCC2",2.69717629751525,5.57701498257839,16.7032377650944,2.52318686608097e-51,1.37039752276831e-49,105.916122202357
"FERMT1",2.97677578739512,8.4549649825784,16.7014217964943,2.57537765976993e-51,1.395052858973e-49,105.895760674104
"KLF6",-1.82259487905218,11.7076348432056,-16.6987098946039,2.65533043322331e-51,1.43457720510722e-49,105.865354916856
"DONSON",1.62264175415503,7.84301724738676,16.684244327001,3.12557987327737e-51,1.68420353801534e-49,105.70319607072
"SPP1",4.73965352641111,11.9731494773519,16.6640935939217,3.92227473527833e-51,2.1024621492236e-49,105.477387164246
"LRRC36",-4.14169362185293,5.02068832752613,-16.6419506307444,5.03323956416295e-51,2.69094813156941e-49,105.229361928303
"GDF10",-4.2281222379464,5.35875365853659,-16.5972958594967,8.31995791846663e-51,4.43659054717195e-49,104.729527767325
"PHACTR2",-1.72411256211948,9.52326898954705,-16.5948874491596,8.54845786785596e-51,4.54662797997624e-49,104.702582986877
"LTBP4",-2.34504768142177,10.8577090592334,-16.5933161890403,8.70089811991638e-51,4.61574776232257e-49,104.685004798843
"PRKG2",-3.56152028961662,4.0541,-16.5927881792237,8.75273119966905e-51,4.6312776167321e-49,104.679097914891
"EMR3",-3.42319560309366,3.1232574912892,-16.5522607021115,1.38054215254814e-50,7.28599753002912e-49,104.225910154047
"ARC",-3.57522068783943,4.1677637630662,-16.5287089072926,1.79879727449012e-50,9.4448358172077e-49,103.962727015522
"TRAP1",1.15838131314795,10.728375261324,16.5153997111341,2.08884326670646e-50,1.09397837411948e-48,103.814059694754
"INPP5K",-1.10036014151721,9.75044477351916,-16.5083685431045,2.26046232843901e-50,1.18084711457641e-48,103.735536697938
"DOCK4",-1.83027014316276,9.08921968641114,-16.5024841758173,2.41485894903662e-50,1.25830086862238e-48,103.669830070859
"KIF1C",-1.37595074872471,11.4267712543554,-16.4855921567838,2.91906715059941e-50,1.51717591396977e-48,103.4812547061
"GNAQ",-1.26481391146948,10.6808015679442,-16.4829356154011,3.00740993336223e-50,1.55914459424057e-48,103.451604424064
"GPX3",-2.60910618726347,11.8927280487805,-16.4775671040825,3.19416731440649e-50,1.65179483538452e-48,103.391690380272
"TTK",3.33274831331252,6.72338867595819,16.4731773163834,3.35544694685145e-50,1.73083733213217e-48,103.342704303691
"CCT3",1.28989083100215,12.5573486062718,16.469170671964,3.50973382128304e-50,1.80588559776794e-48,103.297997805789
"AGRP",-3.20699520487085,2.23247926829269,-16.4394499052019,4.89832034368055e-50,2.51406291639404e-48,102.966491634959
"FLAD1",1.35730435412211,9.93842439024391,16.4301917982736,5.4340749008589e-50,2.782083733532e-48,102.863270090672
"FANCI",1.97891818660525,8.9667831010453,16.4193265978168,6.13787024007925e-50,3.13458895594097e-48,102.742157060899
"SLC27A6",-3.65960212275799,1.82478449477352,-16.4179876114841,6.23067458091791e-50,3.17408806814503e-48,102.727233531475
"ESAM",-2.1584662794142,9.85606986062716,-16.4172027707353,6.28572109236232e-50,3.19420430757917e-48,102.718486375086
"RAPGEF4",-2.2404015303604,6.3217531358885,-16.4142427962665,6.49772822950916e-50,3.29237842125471e-48,102.685498406014
"TMPRSS4",4.7983526970545,9.73261341463414,16.4140608971229,6.51098703862353e-50,3.29237842125471e-48,102.683471267687
"LAMP3",-3.3927824913609,10.7451665505226,-16.4011619964972,7.52342963079577e-50,3.78568652745679e-48,102.539742601376
"MYO7A",2.15885600131646,7.88720522648084,16.3995024231767,7.66461709215327e-50,3.84730046214931e-48,102.521253405226
"TRHDE",-4.3103337896989,3.1462331010453,-16.3992235518721,7.6886001224267e-50,3.84992586618098e-48,102.51814658444
"TRIM58",-3.48207172947181,3.38628902439025,-16.3974642330872,7.84163846064937e-50,3.91700334786208e-48,102.498546983663
"DACH1",-3.13173579068622,5.69612160278746,-16.365041018356,1.12744616871739e-49,5.61807520479808e-48,102.137473251971
"ORC1L",2.81199701497452,6.43586916376307,16.3635817335824,1.14601520556205e-49,5.69677776517889e-48,102.121228315442
"MDK",2.77687188415339,12.0149205574913,16.3611114670653,1.17814703319574e-49,5.84235714770735e-48,102.093730198031
"EDN3",-3.32132910646705,1.39485,-16.3599424953798,1.19366424114552e-49,5.90504261945001e-48,102.08071814848
"MCM10",3.3904815402337,6.50195714285714,16.3492272569801,1.34575232013531e-49,6.64141709912931e-48,101.961460410479
"PVT1",2.39469682738195,6.47082491289198,16.332491171057,1.62288940249605e-49,7.98990873698896e-48,101.775248811381
"GPA33",-4.10051989797601,4.47128414634146,-16.330478823754,1.65983643686399e-49,8.15225886335353e-48,101.752863378402
"PKHD1L1",-3.52018761889093,4.02180452961672,-16.3297260497838,1.67387222806766e-49,8.19925743988279e-48,101.744489747282
"ZFP106",-1.41653086720422,10.4743334494774,-16.3295382027904,1.67739314405785e-49,8.19925743988279e-48,101.742400215678
"IQSEC3",-3.08824082935661,4.23448989547038,-16.3293218525746,1.68145747105975e-49,8.19960139687808e-48,101.739993636919
"CSTF2",1.09323458285339,8.65025191637631,16.326709935786,1.73130712642314e-49,8.42268609134292e-48,101.710940807029
"TFAP4",1.34259206845484,7.97762264808362,16.3112119556466,2.05894910365399e-49,9.99296101607952e-48,101.538588643023
"CDCA5",2.77383113378314,8.19074320557492,16.3063928830211,2.17293102989401e-49,1.05212910480481e-47,101.485008134873
"TRAIP",1.98718184301466,6.16348379790941,16.3014644569343,2.29601489768285e-49,1.1078308177876e-47,101.430217747732
"DPEP2",-2.63791451044925,6.37773170731707,-16.3013574760987,2.29876243729917e-49,1.1078308177876e-47,101.42902848533
"UNC45B",-2.4508691426691,2.28034268292683,-16.2993817153837,2.35009901220991e-49,1.12991879907891e-47,101.407065268714
"PDE5A",-2.03221020240252,8.50497212543555,-16.2985391952534,2.37233688580737e-49,1.13794570714078e-47,101.397699828208
"PPAP2B",-1.4331616554221,10.4347273519164,-16.2890610716042,2.63745334490033e-49,1.26216590141734e-47,101.292353313982
"LHFP",-1.77754496297517,9.09647961672473,-16.2438187626178,4.3718542359108e-49,2.08730622007555e-47,100.789807343906
"TGFBR2",-1.8406190653283,11.8839785714286,-16.225318148191,5.37468229854607e-49,2.56014449162763e-47,100.584452562331
"C1orf74",1.25920177390161,6.37992247386759,16.2220708039722,5.57303050177795e-49,2.64847954170142e-47,100.548416284309
"ESPL1",3.18572473259835,7.27586202090593,16.2209446062883,5.64351128235121e-49,2.67578029160901e-47,100.535919316013
"ADARB1",-1.87496584828042,8.79328763066203,-16.2125929377246,6.1947021159019e-49,2.93035102395083e-47,100.443254148082
"CMTM2",-2.25683138719765,2.47575104529617,-16.2027063586694,6.91702936215467e-49,3.26451983459851e-47,100.333581284043
"KL",-3.16826141846308,5.74223170731708,-16.1977753146372,7.30812403938698e-49,3.44118776441777e-47,100.278889929104
"PRC1",2.36418068125722,8.92711324041813,16.181563670796,8.75623582776629e-49,4.113627495287e-47,100.099126232237
"PLEK2",2.48685252262632,7.93889459930313,16.1584014250641,1.1335488995742e-48,5.31318696535579e-47,99.842406226321
"SIRPB1",-2.83568011518844,7.06724477351917,-16.156886475586,1.1528471039512e-48,5.39133281187202e-47,99.8256199612522
"GAB1",-1.5392566233339,8.90523083623694,-16.144862538435,1.31810941948955e-48,6.15017872320921e-47,99.6924105501315
"E2F3",1.37427284515387,9.05494703832752,16.1442467609279,1.32718227820478e-48,6.17846988016875e-47,99.6855895391418
"POLG2",1.15156217870661,6.92235365853659,16.1249256275367,1.64582754769699e-48,7.6445338357962e-47,99.4716172678603
"CENPA",3.28392080631894,6.06500714285714,16.1196115047601,1.74614702539684e-48,8.09218926216638e-47,99.4127826879874
"ASF1B",2.29051354615766,8.16393850174216,16.1192136857995,1.75389802681665e-48,8.10980326363644e-47,99.408378581696
"GSTM5",-2.83876836267898,5.76629599303136,-16.113459398658,1.86993049689607e-48,8.62689283174746e-47,99.3446795479672
"CKAP2L",2.97473415171963,6.60799930313589,16.1053840135803,2.04579716546359e-48,9.41708874595686e-47,99.2553006894875
"PALMD",-2.31184392627943,7.74902700348432,-16.1046026996924,2.0636646643016e-48,9.47808401747467e-47,99.2466539496727
"FRMD5",3.52590343590591,5.16982038327526,16.1013593838768,2.1395147320002e-48,9.80451728749197e-47,99.2107621073704
"NARF",1.2381771597828,10.2939979094077,16.0942446908296,2.31578989382587e-48,1.0588678512304e-46,99.1320375365868
"CDCA2",2.85539285502717,6.13277055749129,16.0861721781886,2.53340817040799e-48,1.15579710529947e-46,99.0427304394925
"EPM2A",-1.31848746091823,6.33820261324042,-16.0654280249832,3.19085225899159e-48,1.45250990858309e-46,98.8133128598884
"SPC25",2.75346334375517,5.87199947735191,16.0613662357207,3.33826602598884e-48,1.51625224587502e-46,98.7684050186188
"DNA2",2.22059568537109,6.75298867595819,16.0444964664501,4.02684357893183e-48,1.82496906568367e-46,98.5819357975581
"C10orf54",-1.67452395589931,10.046506271777,-16.0434849896755,4.07236739552317e-48,1.84153530022226e-46,98.5707578370711
"TBX3",-2.34425903241733,7.64412003484321,-16.0391305177413,4.2742880682509e-48,1.92859635255365e-46,98.5226390474456
"ECE2",1.99174497613956,7.6347287456446,16.0363768042624,4.40710578030481e-48,1.98416407170302e-46,98.4922118776493
"IL3RA",-1.86158223465527,7.49242439024391,-16.0357717193987,4.43683786299581e-48,1.9931790224793e-46,98.4855262545155
"KIF17",-2.26482259667601,5.10248292682927,-16.0296053325055,4.75148791178646e-48,2.12987001809991e-46,98.4173988780076
"IGSF10",-3.70335703801221,6.64252195121951,-16.0182692461277,5.38915997203497e-48,2.41044562583612e-46,98.2921816108157
"HMGB3",3.02005330590755,11.6610517421603,16.0174181515131,5.44034742709609e-48,2.42805071039745e-46,98.2827818610068
"MKI67",2.8519450748725,9.93125174216029,16.0138565147756,5.65987162309492e-48,2.52054586598999e-46,98.2434481089458
"C1orf170",2.63872664143494,5.28227491289198,16.013310564612,5.69429424306128e-48,2.53038659762009e-46,98.2374190765423
"KIF15",2.92501021227582,6.44670331010453,16.0089648692946,5.9758493320856e-48,2.64976645329843e-46,98.1894315122329
"FIGF",-5.0097182919204,5.52794163763065,-16.00051789659,6.56347990108328e-48,2.90405694761292e-46,98.0961695386864
"CCNA2",2.67294785584995,8.06869895470383,15.9984641007164,6.71486256438129e-48,2.96464792358598e-46,98.0734966623123
"CCNF",1.92287831166696,8.20559494773519,15.982364405107,8.028786740719e-48,3.53714574650131e-46,97.895802484186
"PLCL1",-1.98507785420439,6.41930731707317,-15.9778607226747,8.44026043384208e-48,3.71046138558411e-46,97.8461070309923
"FAM189A2",-3.63546064834626,7.29569198606271,-15.9673559369932,9.4836543191464e-48,4.16024408487341e-46,97.7302137519227
"NPM3",1.66956452855028,8.5509,15.9440582082289,1.2279953378319e-47,5.3754252208292e-46,97.4732872701903
"SLITRK2",-3.10828012506173,2.29632055749129,-15.9434602419803,1.23616430980391e-47,5.39967091069664e-46,97.4666948117125
"PSAT1",3.21244200098736,8.31820766550523,15.9372558331638,1.32419174135852e-47,5.77190158176017e-46,97.3982980388343
"CBLC",3.09857484943231,7.7283581881533,15.9129477244917,1.73361938101943e-47,7.54050972295105e-46,97.1304264305636
"MS4A7",-2.47435897975977,9.2104944250871,-15.9076757408455,1.83789458936249e-47,7.97716192803633e-46,97.0723507409771
"TCEAL2",-3.5388155636005,3.7696980836237,-15.9013476001842,1.97135604316624e-47,8.53838387472633e-46,97.0026503139921
"MYADM",-1.89517338489388,11.5088520905923,-15.8984745265311,2.03510025501538e-47,8.79591752325595e-46,96.9710087722652
"SLCO1A2",-4.93926522955411,2.76595470383275,-15.8932731421077,2.1557794397135e-47,9.29793107086516e-46,96.9137308464879
"SOSTDC1",-5.2942026592069,4.3014393728223,-15.8916384588862,2.19516143364398e-47,9.44793799427901e-46,96.8957311206991
"C17orf53",2.52507410564426,6.32181968641115,15.8878173638775,2.29004028667796e-47,9.83567512248922e-46,96.8536592975323
"SYNM",-1.97540366957382,8.18343118466899,-15.8838243147086,2.39356351452732e-47,1.02588432052706e-45,96.8096983650626
"AGMAT",2.70899064011851,5.14966411149826,15.8681570984992,2.84687187734626e-47,1.21763082587331e-45,96.6372535632574
"POLQ",2.99611692282379,6.02088588850174,15.8628818985742,3.01802624861449e-47,1.28815132815084e-45,96.57920569759
"CCNE1",2.96262185288797,6.53930487804877,15.8571989223427,3.2139155668005e-47,1.36891465946917e-45,96.5166790678181
"PEAR1",-2.25358101365807,6.95960121951219,-15.8461627200111,3.63129846313693e-47,1.54348980224019e-45,96.3952787059575
"FERMT2",-1.500381382261,9.88426951219512,-15.8436176097604,3.73498495029682e-47,1.58428183945441e-45,96.3672866592347
"MASP1",-3.41514609182165,5.19439825783973,-15.8416214151323,3.81837173176371e-47,1.61631281758987e-45,96.3453330087701
"EME1",2.54703937798259,5.73065940766551,15.839897195035,3.89189099678497e-47,1.64404366592583e-45,96.326371332017
"PBK",3.273555277275,6.68372909407666,15.8389218822815,3.93410119180056e-47,1.65846196032167e-45,96.3156459307805
"FXYD6",-2.0303238407109,9.1030256097561,-15.8343896371657,4.13632307311776e-47,1.74013755514565e-45,96.2658087278184
"BLM",2.15597221326314,6.87937717770034,15.8330586732166,4.19765537986376e-47,1.7623285265563e-45,96.2511743158397
"LDLR",-2.06642311666943,10.9721351916376,-15.8300334542945,4.34045719813208e-47,1.81748396675544e-45,96.217912761927
"TRPV2",-2.03602619713676,8.95615853658537,-15.8299027570382,4.34673466963917e-47,1.81748396675544e-45,96.21647583282
"HELT",-1.62047953266415,0.477337979094077,-15.8044559333471,5.75876797876177e-47,2.40299810170689e-45,95.9367931385954
"MANF",1.33890516702321,10.6183113240418,15.8027992912491,5.8651652627328e-47,2.44243088932869e-45,95.9185912938847
"ADCY4",-2.02113560967585,6.9094405923345,-15.8005445690021,6.01313229084559e-47,2.49897987714696e-45,95.8938194261543
"FPR2",-3.37230226756626,5.36357386759582,-15.7854662304528,7.10308515139249e-47,2.94598662945632e-45,95.7281943940552
"PHKA1",1.64908026328782,8.69728397212543,15.7731774642312,8.13559113711619e-47,3.36741302510071e-45,95.5932566979923
"SFXN4",1.36102839229884,8.71378937282229,15.7545472219536,9.99341020976197e-47,4.12806260777491e-45,95.3887646692897
"TK1",2.50736432779334,9.65682177700348,15.7514372466715,1.03423879473712e-46,4.26363904738015e-45,95.3546377541805
"HSPB6",-3.0283487411552,7.5849461672474,-15.7502343311168,1.0480608019902e-46,4.311961576124e-45,95.3414384257977
"RXFP2",-1.15649154846143,0.32830331010453,-15.7445524813718,1.11588040602514e-46,4.58180494713924e-45,95.2790981016144
"PHACTR1",-2.82052172782625,5.74988066202091,-15.7389557459723,1.18696297181865e-46,4.8639420781311e-45,95.2177003034164
"MARCKSL1",1.88807897646867,11.692306445993,15.7302623686758,1.3064368704737e-46,5.34285835673806e-45,95.122348525967
"ST6GALNAC6",-1.39987384893863,10.2696698606272,-15.724246274343,1.39606997161606e-46,5.69807485432958e-45,95.0563742317264
"FLI1",-1.84634139542539,8.72844442508711,-15.7215113693776,1.43882083736021e-46,5.86091106964389e-45,95.0263857404104
"GGCT",1.55085840381768,10.2010919860627,15.7051326925785,1.72360612653335e-46,7.00705619360983e-45,94.846835185095
"LRRC2",-2.84870640447592,3.9646862369338,-15.7023327213863,1.77763602693824e-46,7.21242443340751e-45,94.8161480355306
"TMEM204",-1.8800669639625,8.04633118466899,-15.6993619246664,1.83681095763311e-46,7.43691331184425e-45,94.7835910416986
"ANGPTL5",-2.37070768142178,1.51048658536585,-15.699194172732,1.84021040546365e-46,7.43691331184425e-45,94.7817527192469
"CCDC54",-1.25066196807637,0.621239547038328,-15.6874368297031,2.09479230072318e-46,8.44913279643357e-45,94.6529283864689
"SAMD10",1.67714351818333,7.6500236933798,15.6575671043608,2.91092097009262e-46,1.1717883826667e-44,94.3258206088607
"NOTCH4",-1.88204971202898,8.85912003484321,-15.6522230695156,3.08733456182467e-46,1.24037140027907e-44,94.2673234840831
"VWF",-2.53090133947674,11.9177317073171,-15.6027953341792,5.3182241054822e-46,2.12832633305165e-44,93.726653923996
"HBG1",-2.82692429488236,1.20527857142857,-15.5976016355694,5.63075718455228e-46,2.2490164396665e-44,93.6698820161337
"TFR2",2.79055978936978,5.01461846689895,15.5968023091849,5.68045772421549e-46,2.26446207918726e-44,93.6611453172259
"HYAL2",-1.18707889090013,10.8669548780488,-15.5882343037017,6.2414859788433e-46,2.48328889817157e-44,93.5675076671694
"MME",-3.63142131973016,7.76811951219512,-15.5778866414158,6.99321811102287e-46,2.77699744331334e-44,93.4544481923649
"TSPAN18",-2.17484389665956,8.30087735191638,-15.5651863145246,8.04039786305752e-46,3.1866673383894e-44,93.3157246642394
"SYNPO2L",-2.6960913213757,2.63286864111498,-15.5404678173986,1.05479266710126e-45,4.17242648469921e-44,93.045859766379
"SC65",1.91497141681752,9.23066010452962,15.539340493128,1.0679277011831e-45,4.21626071255558e-44,93.0335563096601
"LOC100131726",3.64715744281722,3.7328618466899,15.5380783749819,1.08282699625679e-45,4.26687873956852e-44,93.0197821607432
"GPRIN1",2.40945755142342,7.22256672473867,15.5353295746181,1.11599813224798e-45,4.38916506801744e-44,92.9897846476719
"FGR",-2.27654359716967,8.65383449477351,-15.5325411526025,1.1506832829307e-45,4.51692692133217e-44,92.9593569434185
"FAM111B",2.51046502879713,7.29693257839722,15.5323010374754,1.15371989508891e-45,4.52020409278157e-44,92.9567368725313
"PPM1F",-1.26479804508805,9.42523275261325,-15.5082499747205,1.50214154582989e-45,5.87408874969287e-44,92.6943815422902
"SPN",-2.53141624156658,8.63519006968641,-15.5018237995845,1.61183823846588e-45,6.29107206001988e-44,92.6243111102923
"ADRB1",-3.96661818002308,5.49209024390245,-15.4914161944798,1.80670186745013e-45,7.02492222324831e-44,92.510852613944
"FANCD2",1.65800942241239,7.88980888501742,15.4906457809944,1.8220276743093e-45,7.07112063394515e-44,92.5024551865119
"KDELR3",2.05127293730461,9.66263797909407,15.4903867423158,1.82720980198205e-45,7.07785230843237e-44,92.4996317299143
"TMEM182",1.45155891064671,7.0842280487805,15.4895335558027,1.84438218728548e-45,7.13091644161409e-44,92.4903323471273
"PKNOX2",-2.93593724206025,5.76131655052265,-15.4738291287327,2.19084927086912e-45,8.45453675393667e-44,92.3191978741439
"ST6GALNAC3",-2.3344272404147,5.41513954703833,-15.4699925385846,2.28492583889945e-45,8.80103704926935e-44,92.2774005146087
"KIFC1",2.5603326838901,8.31670836236933,15.4514894041456,2.79839526811891e-45,1.07385149260713e-43,92.0758794583168
"SH3GL2",-3.86474525259177,2.52525801393728,-15.4223482182498,3.85012627805183e-45,1.47468456135082e-43,91.7586980193612
"SYNPO",-1.86610702320225,11.2604918118467,-15.4104261707258,4.38665617209859e-45,1.67394147236401e-43,91.6290058369362
"POLE2",2.70391951949977,5.76281254355401,15.3965550355147,5.10543461314917e-45,1.94461173669671e-43,91.4781628290697
"TNXB",-3.39111687016623,9.1927168989547,-15.3831661980839,5.91041051258733e-45,2.23875881593022e-43,91.3326178083085
"BCL6B",-1.78925312818826,7.97133083623694,-15.3754731796572,6.42898434984232e-45,2.43070071274886e-43,91.2490135792526
"AMOTL1",-2.02157906203721,9.70550034843206,-15.3728386823959,6.61680989700112e-45,2.49711594090869e-43,91.2203870384153
"AFAP1L1",-1.81209868685208,7.96152334494774,-15.3706525193076,6.77682052573204e-45,2.55280964024365e-43,91.1966336547398
"B4GALT2",1.21334636498273,10.1133719512195,15.363182893314,7.3532346232083e-45,2.75981548106885e-43,91.1154842635539
"EPR1",3.18341213098571,7.88947526132404,15.3579777874576,7.78356947806566e-45,2.91068636401982e-43,91.0589460979376
"MTMR10",-1.14758792496298,9.21866463414634,-15.3577474443327,7.80318315816163e-45,2.9127154588556e-43,91.0564442810007
"LMCD1",-1.71340207339149,9.16735993031359,-15.3483923045195,8.64284930718194e-45,3.220284868901e-43,90.9548488223645
"CDH19",-3.09326910975813,1.99318693379791,-15.3331400646681,1.02093227107306e-44,3.7970542617989e-43,90.7892668800464
"GMPPA",1.00693836761561,9.81388519163762,15.3317978769068,1.036003913501e-44,3.8460761674832e-43,90.7746990490913
"SLC5A9",-3.62507236794474,4.24460400696864,-15.3316339505006,1.03785981333935e-44,3.8460761674832e-43,90.7729198618421
"SLC35F2",1.81165611650487,9.4708405923345,15.3237682932401,1.13091970369973e-44,4.1833840571091e-43,90.6875586853073
"ACADL",-4.42379058087877,4.99866027874564,-15.3212444002011,1.16250953319944e-44,4.2925037260044e-43,90.6601722826757
"SLC2A1",3.00636967582692,10.9006390243903,15.3195170008735,1.18463607979645e-44,4.36635165497687e-43,90.6414296033952
"SULT1C4",-2.72680144808296,4.69918292682927,-15.3123728447566,1.28069744349482e-44,4.71195672310906e-43,90.5639232302143
"ABCA8",-4.16279184795133,6.47240958188154,-15.3053510596506,1.38268035748427e-44,5.07704234201507e-43,90.4877591545104
"SLC25A39",1.20214044100709,11.6509771777004,15.3052058483234,1.38487272846003e-44,5.07704234201507e-43,90.4861842265956
"LIPN",-1.80835808458123,0.774467595818816,-15.291557618607,1.60719538430412e-44,5.88159023881705e-43,90.3381866195907
"RNF144B",-1.91849115023862,9.33587177700348,-15.2895996793958,1.64188415244612e-44,5.9978437099144e-43,90.3169598011582
"P4HB",1.10458242224783,14.7714231707317,15.2838492847655,1.74814151799267e-44,6.37466169882583e-43,90.2546240040224
"COX4I2",-2.6112260095442,5.88661933797909,-15.2800271651985,1.82253528549256e-44,6.62241582498446e-43,90.2131966519395
"FXYD1",-3.61761125226266,5.00037787456446,-15.278288052992,1.8574227523364e-44,6.73725955926968e-43,90.1943481259234
"HBA1",-5.98703548132307,6.18105836236934,-15.2780258636695,1.86273987731478e-44,6.74462957341665e-43,90.1915065918422
"LOC572558",-1.62716225111076,0.771742160278746,-15.2739328119787,1.94774199611426e-44,7.03998999651863e-43,90.1471499005931
"GYPC",-1.86860100707588,8.61517282229964,-15.2619507468396,2.21947430323605e-44,8.00805051765133e-43,90.0173280812066
"RBMS2",-1.33851727168012,10.4982095818815,-15.2616076769605,2.22778777725481e-44,8.02394439772652e-43,90.0136116594356
"CAMP",-3.38279437222318,2.6270331010453,-15.2582220141984,2.31151552784096e-44,8.31093061060855e-43,89.9769371923389
"SSFA2",-1.30367190719106,11.2168834494774,-15.2541012352054,2.41766899782769e-44,8.67740288905639e-43,89.932304350451
"FAM162B",-2.51265225275632,5.2294287456446,-15.2503333296378,2.51898231726259e-44,9.02525427109963e-43,89.8914979761595
"GSG1L",-1.92192349514565,0.901026132404181,-15.2447349742841,2.6773861287298e-44,9.57608662418514e-43,89.8308756845606
"GHR",-2.56838643409579,5.1876606271777,-15.2403776585336,2.80751919838737e-44,1.00240641987639e-42,89.7836985864541
"CORO2B",-2.59592772749714,5.72257735191638,-15.2362386452305,2.93697023275338e-44,1.0468055360838e-42,89.7388903323892
"E2F2",2.26375604739182,6.6320618466899,15.2352975776197,2.9672239267837e-44,1.05575575765805e-42,89.7287032101226
"GJB2",3.85833244034889,8.17256968641115,15.2339525092356,3.01100601216718e-44,1.06948016314519e-42,89.7141432118851
"HEMGN",-1.6309093895014,0.889319163763067,-15.2242590747847,3.34617289279755e-44,1.18647546613357e-42,89.6092304624913
"F8",-1.80408105644234,8.44894059233449,-15.2199051441426,3.50858980554407e-44,1.24191980530724e-42,89.5621167255175
"SEC14L3",-3.9125335033734,1.9274224738676,-15.216808643852,3.62886266812334e-44,1.28228142128352e-42,89.5286130632646
"ADAMTS1",-2.43925331248974,9.49958658536586,-15.2048934977536,4.13128218889778e-44,1.45730624292219e-42,89.3997198737559
"DCC",-2.98553926608526,2.58627909407665,-15.1995773622106,4.37728154515039e-44,1.54143379282912e-42,89.3422258696331
"RAB26",3.19489299654437,4.95177264808362,15.1901889123769,4.84794307490136e-44,1.70425122136515e-42,89.2407105878836
"FAM64A",3.00727621194671,6.04532526132404,15.1885095773543,4.93730368710706e-44,1.73269819993689e-42,89.2225551036438
"FGF2",-2.50808365970053,6.30074808362369,-15.1853312509754,5.1109501456375e-44,1.79057690255867e-42,89.1881961814228
"LOXHD1",-2.41509018594703,2.44085418118467,-15.1797847317915,5.42869824967675e-44,1.89865715614759e-42,89.1282434980658
"GNL3",1.10306507487248,10.5299346689895,15.1778759231236,5.54254642939695e-44,1.93517820060407e-42,89.1076132123791
"ADAMTSL3",-2.98183811420111,6.6018743902439,-15.1722095647039,5.89472858064776e-44,2.05464817929879e-42,89.0463780523839
"C10orf116",-3.52160349185457,8.54055452961672,-15.1701073485826,6.03099052461345e-44,2.09858026220871e-42,89.0236623095613
"RHBDL2",2.64071008721411,7.02793414634147,15.1698234260291,6.04963311041664e-44,2.10150537659651e-42,89.0205944536536
"CBX7",-1.86752999177227,9.32323205574913,-15.1665007192249,6.27212444929881e-44,2.17511342810988e-42,88.9846935700081
"TNFRSF21",1.84581672535792,11.6715407665505,15.1567439641204,6.97373495587367e-44,2.41434702603856e-42,88.8792939950903
"GPR112",-1.42338234655258,0.413916724738676,-15.1532706164411,7.24196203843386e-44,2.5029878897146e-42,88.8417793324884
"ESCO2",2.47462647688006,5.9823743902439,15.1520026894998,7.34242006877553e-44,2.53344342877247e-42,88.8280857185103
"ANO2",-2.41220826394605,3.04125174216028,-15.1401237725852,8.35376436661441e-44,2.87756346386903e-42,88.6998171117196
"CBX8",1.43110761889091,7.49644668989547,15.1393036786657,8.4285064418997e-44,2.89844618512899e-42,88.6909633165835
"SLC14A1",-3.1819247951292,4.75900156794425,-15.1384893351995,8.50338441890242e-44,2.91930572107135e-42,88.6821718062698
"NLN",1.47214706927762,8.54808135888503,15.1290198551408,9.42436676601205e-44,3.23008764117241e-42,88.5799557727952
"RAG1AP1",1.67809460259998,10.7554837979094,15.1267225089705,9.66240527766925e-44,3.3061530058425e-42,88.5551617381492
"CELSR3",3.00369608359391,7.46214024390244,15.1129552912068,1.12199173268926e-43,3.83269388887031e-42,88.406613222599
"FER1L4",4.06709293730463,6.83375696864111,15.0986878471689,1.30986351197032e-43,4.46702622936057e-42,88.2527283772135
"CDKN3",2.95919710383416,6.53353554006968,15.0967767482444,1.33730418543104e-43,4.55304393480918e-42,88.2321205063892
"PI16",-4.00015327299658,3.50270383275261,-15.0956545808995,1.35368333003034e-43,4.6011786035634e-42,88.2200204090077
"ENG",-1.64831959848611,11.6223324041812,-15.0894077177788,1.44858821239191e-43,4.91562247940594e-42,88.1526688376054
"RILPL2",-1.33867922659208,8.84883885017422,-15.0861634429172,1.50046586425995e-43,5.08326141802916e-42,88.1176948827252
"PTPRH",4.76852698700021,6.56550087108014,15.0675079828163,1.83683441695511e-43,6.21255528502281e-42,87.9166479150208
"SIX4",2.18399577093963,8.08456602787457,15.0556569429098,2.08857296283044e-43,7.05236890245213e-42,87.7889867527493
"TRAF4",1.28315800559488,10.9340637630662,15.0554395323587,2.09349906072984e-43,7.05739502738649e-42,87.7866451784504
"FANCA",1.89077311831497,8.20551010452962,15.0550001250566,2.10349057788616e-43,7.07945271541029e-42,87.7819126796777
"MSRB3",-2.12236117163076,8.79582822299653,-15.0545508870647,2.11375480233805e-43,7.10235451587565e-42,87.7770743641224
"SERINC2",1.91108773078823,11.5685569686411,15.0507045631301,2.20370595655721e-43,7.39249726930057e-42,87.7356518130954
"RASGRP4",-2.35793929241404,5.60581881533101,-15.0482281357764,2.26363050727584e-43,7.58113120952253e-42,87.7089846254355
"METTL7A",-2.15481489879877,10.406874738676,-15.0463170671411,2.3109832215386e-43,7.7271149084996e-42,87.6884067476886
"VAMP2",-1.20328521638967,10.3954482578397,-15.039843236596,2.47885691752487e-43,8.27494837671311e-42,87.618706653388
"TOM1L2",-1.43396624979432,9.92753257839722,-15.0338316241456,2.64561554216038e-43,8.81728686372607e-42,87.5539946084158
"DKC1",1.08877829192036,10.4525418118467,15.0294809776851,2.77323547513365e-43,9.2276376506473e-42,87.5071690216164
"NKAPL",-2.00432139871649,2.68252142857143,-15.0193302782258,3.09537423037453e-43,1.02828532280889e-41,87.3979408348629
"HBG2",-2.49111040315948,0.959478397212544,-15.0141660109007,3.27332527735483e-43,1.08564407017924e-41,87.3423821983746
"PRSS35",-2.73988162251113,3.49923536585366,-15.0117537595992,3.35990785706579e-43,1.11256303718646e-41,87.3164333600055
"BRIP1",2.51746636827384,5.83832613240418,15.0048691954574,3.61978116187512e-43,1.19668449683247e-41,87.2423853326072
"CLDN18",-7.05259289122929,8.12955400696864,-15.0005941568671,3.79114374139943e-43,1.25132123811785e-41,87.1964118922222
"SKA1",2.75230995886131,6.10779006968642,14.9997708631556,3.82506250696839e-43,1.26049010061093e-41,87.1875589073129
"PAX6",-1.64452182655917,4.6476618466899,-14.9874515059717,4.37029533441493e-43,1.43785517973619e-41,87.0551124670057
"GPM6B",-2.49714365311834,6.79132630662021,-14.9857439940877,4.45174730503351e-43,1.46230995475741e-41,87.036758597287
"MSI2",1.49569955899294,7.8872587108014,14.9851715586866,4.47939117372916e-43,1.46903994882843e-41,87.0306057516063
"UNC5CL",2.90982182326809,7.58969982578397,14.9825334777402,4.6090175824894e-43,1.50914084479278e-41,87.0022515506335
"TFAP2A",3.63160384071091,7.01886289198607,14.980916086541,4.69033380840613e-43,1.53332090902194e-41,86.9848688387441
"CDCA7",2.96698431462896,8.18107317073171,14.9764527178605,4.92223376348279e-43,1.60657327765185e-41,86.9369035740939
"LRP2BP",-2.09002383083761,6.04180609756097,-14.9761558410916,4.93805785502321e-43,1.60917980577185e-41,86.9337134303986
"MYL9",-1.86484658219518,11.6364243902439,-14.9753210439616,4.98282656069334e-43,1.62119539288485e-41,86.9247431125629
"BDNF",-3.49606580220507,4.53995540069686,-14.9743607549921,5.03482603983001e-43,1.63552181325491e-41,86.9144245907647
"NHSL1",-1.9954461477703,8.82118780487806,-14.9672961572078,5.43437982604197e-43,1.76252476822499e-41,86.8385227565038
"SPARCL1",-2.11140228073064,11.675343728223,-14.9546314677716,6.23144723368526e-43,2.01784876510344e-41,86.7024928102816
"CALCOCO1",-1.30530447918382,10.5923390243902,-14.9371387163086,7.52751638075867e-43,2.43369939050355e-41,86.5146879552768
"SIGLEC11",-2.77864707915092,4.25616637630662,-14.9317887631059,7.97519647616256e-43,2.57438339081159e-41,86.4572692435196
"MFAP3L",-2.56873000164557,6.03316254355401,-14.9307585669978,8.06440366144416e-43,2.59909273421426e-41,86.4462136327087
"BUB1",2.63835483297682,8.1480362369338,14.9253206604159,8.55203923560166e-43,2.7476270032379e-41,86.387861952593
"F11",-4.75703274642098,3.38083902439024,-14.9235762401116,8.71461345436052e-43,2.79500154452733e-41,86.3691453523134
"TIMM8A",1.26078092150733,7.0178681184669,14.9234476189366,8.72672182192898e-43,2.79500154452733e-41,86.3677653609825
"EMR1",-3.40646777028141,4.77949303135888,-14.9072151643619,1.03976308401774e-42,3.32239638990034e-41,86.1936473851996
"HN1L",1.10243246009545,11.6586297909408,14.9071428050702,1.04057519664195e-42,3.32239638990034e-41,86.1928714070528
"CD34",-1.67165787395098,9.88122351916377,-14.90547747116,1.05944161589658e-42,3.37738142458957e-41,86.1750128901865
"C7orf58",-2.54018312654272,7.37212770034843,-14.9025897377052,1.09296867135596e-42,3.47885997254851e-41,86.1440478234259
"MFAP4",-3.1371891492513,10.5293050522648,-14.8974465308094,1.15532394322899e-42,3.67164095270761e-41,86.0889039244506
"CD52",-2.51830960013166,9.55202578397213,-14.889995940081,1.25199789955012e-42,3.97272285591406e-41,86.0090358094847
"HSPB3",-2.44304582195164,1.95225,-14.8879916036155,1.27935467329559e-42,4.05326411153682e-41,85.987552920968
"EPB42",-1.30913007404971,0.291701567944251,-14.8826233370542,1.35559722425341e-42,4.28819892356279e-41,85.9300210152438
"CFP",-2.46724617409908,5.94563205574913,-14.8780660304563,1.42386741739965e-42,4.49723047372536e-41,85.881187371918
"NEIL3",3.45137924304759,5.14660888501742,14.8775343967382,1.43205157681807e-42,4.5161319311943e-41,85.875491100686
"MRPL3",1.03365885140695,10.766918466899,14.8769069642537,1.44177087266103e-42,4.53980920486672e-41,85.8687684942983
"DNASE1L3",-3.97423163402998,4.73157630662021,-14.87372753443,1.49204269735756e-42,4.6837364796255e-41,85.8347045116443
"HSPC159",-1.97594475563602,8.67189825783972,-14.8611745768382,1.70819091521357e-42,5.35407015104344e-41,85.7002452045899
"FLJ34503",-1.70237587625476,0.797545993031359,-14.839818748303,2.15003002615318e-42,6.7286762861166e-41,85.4716104618977
"KRT79",-2.73980879381276,1.53432613240418,-14.8211816440117,2.62774091766541e-42,8.21119041699708e-41,85.2722013204488
"ST6GALNAC5",-2.72857637650158,6.82515993031359,-14.8147203452078,2.81696377000541e-42,8.78909820641504e-41,85.2030941164627
"RECK",-1.79174758597994,7.63809616724739,-14.7965918459215,3.42356983895385e-42,1.06655369944951e-40,85.0092712122925
"C15orf42",2.61598352805663,6.04400679442509,14.7901202640674,3.67032042543596e-42,1.14169209597273e-40,84.9401051508743
"LATS2",-1.23172623333883,9.12119163763066,-14.7737432631695,4.37688343169022e-42,1.35941629126475e-40,84.7651336231089
"VARS",1.16467115023862,11.1999914634146,14.7617544884091,4.97868454520614e-42,1.54399386273538e-40,84.6371006915128
"SOX4",1.6238513049202,11.8939973867596,14.7599869792444,5.07413003171256e-42,1.57122005356047e-40,84.6182286828156
"GIMAP5",-2.05709312489717,8.78850278745645,-14.7545021866763,5.38208061938982e-42,1.66406799873604e-40,84.5596730164529
"MFNG",-1.68989894355769,8.37071672473867,-14.7543143103155,5.39295303342781e-42,1.66492219212441e-40,84.557667420224
"OLR1",-2.97923868685209,9.00805069686411,-14.7433727885123,6.0654093840834e-42,1.86971253236084e-40,84.4408854673552
"KLF9",-1.7124194701333,10.138894076655,-14.7317728033216,6.86983909005786e-42,2.11450969293685e-40,84.3171179630083
"DLC1",-2.66140543360213,10.4103350174216,-14.7259088839021,7.31611797623623e-42,2.24850152772649e-40,84.2545687716804
"SHCBP1",2.2411592068455,7.2527893728223,14.722131782968,7.61876838141925e-42,2.3380166647315e-40,84.2142851552062
"ATP10B",4.48080913608692,6.19918222996516,14.71759985232,7.99842114827646e-42,2.45085949513606e-40,84.1659572416782
"PRR19",1.93582291591248,5.06872595818816,14.7106477329148,8.61780425250857e-42,2.63671417740687e-40,84.0918337575676
"DAPK2",-2.2899807108771,8.34732770034844,-14.7030654093741,9.34797616237972e-42,2.85586236032226e-40,84.0110090071096
"TYMS",2.05870427842687,8.79655801393728,14.6996522345829,9.69649235160699e-42,2.95793444247387e-40,83.9746319575826
"RADIL",-2.98913891393783,5.20665452961673,-14.6900208915345,1.07513841553204e-41,3.27486523306717e-40,83.8720032312076
"HSPB2",-2.01294883988812,5.6753350174216,-14.6860374528177,1.12204432967628e-41,3.41267705011171e-40,83.8295657620114
"CXCR2",-2.82142389995066,4.85077630662021,-14.685255119336,1.13149346789875e-41,3.43632557632563e-40,83.8212318011232
"TIMELESS",1.58724881355933,9.53937073170732,14.6686642092413,1.35166238047526e-41,4.09891117742351e-40,83.6445411005824
"PMM2",1.05591642257694,10.1632475609756,14.6683551252879,1.35614577018275e-41,4.10644139555338e-40,83.6412502595036
"SLC24A4",-2.3894499621524,3.40609111498258,-14.6539445686821,1.58249647379674e-41,4.77952428065009e-40,83.4878547760942
"OSCAR",-2.46439893039331,7.74845104529617,-14.6539097613229,1.5830864641218e-41,4.77952428065009e-40,83.4874843462253
"GIMAP7",-1.99189772256049,8.03164268292682,-14.6455562450762,1.73121423560424e-41,5.21906435491264e-40,83.3985953704564
"MCM4",1.96138186605234,9.99970522648083,14.6444769226321,1.75133506785821e-41,5.27198078345e-40,83.3871120789428
"SECISBP2L",-1.61616319894686,10.4649801393728,-14.6420255106668,1.79790500754882e-41,5.40424448096299e-40,83.3610320700076
"LOC399815",2.56989093302619,3.40920278745645,14.640565582886,1.82622409271991e-41,5.48134219642395e-40,83.3455011747299
"ABCG2",-2.35618036202075,6.316356271777,-14.6335863121524,1.96787316028376e-41,5.89787386578476e-40,83.2712645279952
"FRMD4A",-1.44416723712359,8.52697334494773,-14.6297111574043,2.05119862087028e-41,6.13864543534503e-40,83.2300524782706
"ABI3BP",-3.11579511930231,8.62152038327526,-14.6261659794434,2.1305063017831e-41,6.36670951610001e-40,83.1923540569689
"PADI4",-2.38380337666614,1.88005052264809,-14.6164043064567,2.36503687462447e-41,7.0572975343082e-40,83.0885726529318
"PDZD2",-2.8729714628929,8.5980712543554,-14.6140138884843,2.42628777494106e-41,7.22956284753846e-40,83.0631636859451
"DEFA1B",-3.02376453842359,1.41775069686411,-14.6066377443863,2.62544033396494e-41,7.8116362400435e-40,82.9847708320749
"MSR1",-2.67667735066647,10.0497430313589,-14.6050129664407,2.67145392106722e-41,7.93704037619538e-40,82.9675052926107
"AURKA",2.35667577752182,8.27895940766551,14.5973586407642,2.89927640710088e-41,8.60146598811866e-40,82.8861791486526
"PTCRA",-2.4194895507652,2.90210871080139,-14.5920041760192,3.07006420925013e-41,9.09500984356496e-40,82.8293002664854
"AHNAK",-2.2823009840382,13.7120655052265,-14.5912855640132,3.09373611852389e-41,9.15193119788118e-40,82.8216673902404
"SEMA6D",-2.77512809610007,6.29178466898955,-14.5836124808214,3.35812800163623e-41,9.91976516166787e-40,82.7401769561744
"WDR12",1.21175617574462,8.64586724738675,14.5807261031352,3.46331464143082e-41,1.02157829868642e-39,82.7095278318897
"EPCAM",1.53019015632715,13.0064702090592,14.5771524834105,3.59810851903565e-41,1.05981589520519e-39,82.6715850405797
"C17orf91",-1.60887673194012,7.66328205574913,-14.5717360287424,3.81245039082018e-41,1.12134106767247e-39,82.614084117654
"C1QTNF6",2.10377102188582,8.82749076655052,14.5682216730246,3.95828446313523e-41,1.1625690991154e-39,82.5767810508234
"RPP40",1.61043872634525,6.59262108013936,14.5649711072751,4.09811863104674e-41,1.20191964993414e-39,82.5422816443867
"RAD51",2.24565969721904,6.50994930313589,14.5604047429545,4.30291463575012e-41,1.26018313084094e-39,82.4938231563685
"GAS6",-1.99837843672867,10.9273738675958,-14.5591067228823,4.36297005632789e-41,1.2759512144788e-39,82.4800497725614
"TFB2M",1.15200957380287,8.8043618466899,14.5562913445596,4.49611669365863e-41,1.31301956928608e-39,82.4501775256746
"ITPRIP",-1.64217900279745,9.38726724738676,-14.5558032753321,4.51960739715486e-41,1.3180048276078e-39,82.4449991927412
"CRYAB",-2.32412989303935,7.17990557491289,-14.5538065660164,4.61698994432602e-41,1.34449366747537e-39,82.4238152695133
"CTNNAL1",-1.43391070923154,9.53054512195122,-14.5497396105856,4.82185962580634e-41,1.40216399600289e-39,82.3806713619281
"BZW2",1.27397608030279,10.7471324041812,14.5311557444935,5.87955816866142e-41,1.70731724473294e-39,82.1835966375737
"RASGEF1B",-1.65155904229062,8.19967508710802,-14.5269304272872,6.15064564558904e-41,1.78243999631316e-39,82.1388049303753
"PDCD2L",1.41683765015634,7.50711637630663,14.526854554413,6.15562570572834e-41,1.78243999631316e-39,82.1380006725991
"CRABP2",4.63638265591579,10.056074912892,14.5199980199558,6.62267077775662e-41,1.91228454384449e-39,82.0653289068664
"BCHE",-3.10347963468819,5.21444965156794,-14.5171813547787,6.82462205406399e-41,1.96782992654401e-39,82.0354799129672
"RSPO2",-3.8582439953925,3.79296898954703,-14.5164358458406,6.87909413345644e-41,1.98075459410744e-39,82.0275799911283
"DBNDD1",1.86426370248479,9.0478662020906,14.5152401742905,6.96736484137817e-41,2.00336134724781e-39,82.0149102289585
"C5AR1",-2.14882671713018,8.80669825783971,-14.5068328259346,7.62075792376252e-41,2.18817007237545e-39,81.9258365454555
"PIP5K1B",-3.00981071910485,6.77858379790941,-14.5057429969696,7.70981205061555e-41,2.21064862289298e-39,81.9142918308317
"DES",-3.95438966595362,7.09412961672474,-14.5030924731319,7.93075090014254e-41,2.27082728005476e-39,81.8862161207281
"ANGPT1",-2.80166369261151,7.52133083623693,-14.5012731466662,8.08604652609806e-41,2.31206873510854e-39,81.866946249848
"GAPDH",1.59776169820637,15.4191114982578,14.500208240605,8.17834860084699e-41,2.33520857823906e-39,81.8556675369505
"POLR2H",1.14869872634524,9.77154216027875,14.4985067993378,8.32800813566234e-41,2.37463898646039e-39,81.8376478978257
"FAT3",-3.26310404805005,4.13733432055749,-14.4936152294761,8.7736557162164e-41,2.49824066371599e-39,81.785847653514
"GINS4",2.17049310515058,6.95275296167247,14.4928453736644,8.84592725736483e-41,2.51533083924792e-39,81.7776958485157
"IRAK1",1.17550172124405,11.6771240418118,14.4819419403872,9.93558750424216e-41,2.82126710182699e-39,81.6622636838709
"RXRG",-3.87824141846309,3.4063287456446,-14.4758129150566,1.06058375565806e-40,3.00742879884807e-39,81.5973947252323
"RETN",-4.22859712028966,3.75533606271777,-14.4615175848755,1.23495330155385e-40,3.4922302039808e-39,81.4461438631221
"KLF4",-2.59737160111899,9.19002595818815,-14.4515407681599,1.37330958375915e-40,3.87813559210115e-39,81.3406258090978
"ODF3L1",-2.46981577752182,3.1742299651568,-14.4497995974894,1.39899298681513e-40,3.9452370905652e-39,81.3222140851653
"SLIT2",-2.90969549119634,7.83914233449476,-14.4491393736867,1.40885645738428e-40,3.96760261592581e-39,81.3152329259929
"ABCA12",4.9975312226428,5.89997142857143,14.4452224290854,1.46881638665655e-40,4.1307945778163e-39,81.2738184800879
"ABHD6",-1.33266829356592,7.33189634146341,-14.4409230687521,1.53756288719312e-40,4.31231776968233e-39,81.228366698493
"CLEC1B",-1.00424691788712,0.252866898954704,-14.4394186178718,1.56236905701629e-40,4.37591224291194e-39,81.2124634979338
"C11orf80",1.41316204706271,8.41461010452962,14.4392867315424,1.56456259753109e-40,4.37608584840779e-39,81.2110693949084
"KIF23",2.48935503373377,7.8159144599303,14.4288869768834,1.74755874394679e-40,4.88127632833027e-39,81.1011575409117
"MAD2L1",2.32722003620209,7.88020592334496,14.4261700388988,1.79878530183214e-40,5.0175356313334e-39,81.0724491164281
"C20orf194",-1.43145991114037,8.74947282229965,-14.4237537646921,1.84559932313533e-40,5.14113352835391e-39,81.0469197586806
"ARL13B",-1.11264593384895,7.99013536585367,-14.4165873989759,1.99170899767057e-40,5.54062137156866e-39,80.9712146034407
"C1orf198",-1.25610719433932,11.2513608013937,-14.4122328286694,2.08606615352058e-40,5.79525549821076e-39,80.9252216871143
"RUSC1",1.10438631561627,10.0042912891986,14.4077396508694,2.188100211377e-40,6.0704996404824e-39,80.8777715908685
"SLC5A6",1.10390673358566,9.29639320557492,14.3903160082621,2.63306340653018e-40,7.29511359461062e-39,80.6938349487677
"JDP2",-1.37644528879382,9.18559703832753,-14.3882629895527,2.69110825891916e-40,7.44588309374802e-39,80.6721686380912
"CASQ2",-3.29445237781803,3.58809634146341,-14.3875748043522,2.71084936607183e-40,7.49040881365473e-39,80.6649062734847
"C12orf32",1.00260139871648,9.39902282229965,14.3809980898614,2.90694355689689e-40,8.02144505686735e-39,80.5955109145315
"FZD4",-1.73559650156328,9.44258240418118,-14.3717400375962,3.2071781229278e-40,8.8380358206319e-39,80.4978481137748
"LPHN2",-2.12184075695246,9.44984599303137,-14.3710725355161,3.22998325346553e-40,8.88894855142725e-39,80.4908078008929
"ACE",-1.94375138061545,10.0109130662021,-14.3694337192079,3.28666127184429e-40,9.03281872971395e-39,80.4735234414747
"C1orf162",-2.04681127530033,8.30894982578397,-14.3623246055624,3.54423252427329e-40,9.72768632664849e-39,80.3985553403428
"SALL4",2.96338171466186,4.67566968641115,14.3552662504847,3.81986583572925e-40,1.04702063561444e-38,80.3241397186366
"MGC42105",-3.19750564752348,3.88225104529617,-14.3545396433043,3.84942621632776e-40,1.05332730806299e-38,80.3164801369276
"PRAM1",-2.5284743162745,6.33222282229965,-14.3544488497937,3.85313593938287e-40,1.05332730806299e-38,80.3155230434118
"UTRN",-1.58029655422085,11.0483177700348,-14.3505213645853,4.01706694335817e-40,1.09668064291414e-38,80.2741244498783
"INTS8",1.06190493993748,9.61886968641115,14.3498244243497,4.04687489028276e-40,1.10335114870525e-38,80.2667787409521
"C14orf139",-2.13251374691461,6.00295818815332,-14.3464509769515,4.19430274473967e-40,1.14202964654516e-38,80.2312251729551
"GLDN",-2.96399580055951,6.56717595818815,-14.3455007450156,4.23678838375294e-40,1.1520697419662e-38,80.221211160401
"HIST1H2BD",2.22815696231695,8.10283885017422,14.3299505399434,4.99626799916894e-40,1.35679076749918e-38,80.0573797459534
"DCAF13",1.26178877077506,9.91900627177699,14.3126305418101,6.00291593631679e-40,1.6280034897303e-38,79.8750009120594
"PSMG3",1.46261434260327,9.42352508710801,14.3099872770748,6.17339613451868e-40,1.67202932244945e-38,79.8471765935308
"RNF182",-2.98985711699855,4.09473048780488,-14.3052398730346,6.49179406595838e-40,1.75594904050231e-38,79.797209147196
"ECT2",1.93599863419452,9.58263954703833,14.3014827076232,6.7553415659487e-40,1.82483108353851e-38,79.7576697227971
"KIAA1324L",-2.47395190060888,8.129956271777,-14.2949079079294,7.24245236233247e-40,1.95384424439797e-38,79.6884900569331
"KLF13",-1.44932200098734,10.9664857142857,-14.2887019726029,7.73431040389438e-40,2.08379780304399e-38,79.6232053542559
"COX7A1",-1.99498713509957,6.39349285714286,-14.2864996599174,7.91674801991661e-40,2.13015513563418e-38,79.6000408639301
"HN1",1.56276805660689,11.2921944250871,14.2757410380034,8.87155177122046e-40,2.38393923904654e-38,79.4869032075806
"CST1",5.84780013822615,6.38323658536586,14.2631289406173,1.01379440082325e-39,2.72067961423546e-38,79.35432581937
"COL6A6",-3.85984590422909,6.41264529616724,-14.2612012530617,1.0346778643666e-39,2.77309876702954e-38,79.3340670127402
"SLC5A4",-2.13787265427022,1.80936027874565,-14.2554506478034,1.09955902593901e-39,2.94314821414965e-38,79.2736394199333
"HPSE2",-2.7382706467007,1.94910278745645,-14.2501119708978,1.16341708326519e-39,3.11001988534302e-38,79.2175507442597
"PCDH12",-1.75945853546159,8.48019512195123,-14.2497292568309,1.16813440538425e-39,3.11856948537564e-38,79.2135302951408
"CILP2",3.42638959684058,6.83263362369337,14.247713035178,1.19330293611745e-39,3.18162458162225e-38,79.192350534307
"CPB2",-5.37866367944715,4.68513954703833,-14.2411216176911,1.27941746867134e-39,3.40680163836869e-38,79.123119750966
"CNTFR",-3.26903286160937,2.355643728223,-14.2343222826647,1.3747430765917e-39,3.65589059098804e-38,79.0517211380836
"ITM2A",-2.14611788382427,8.35778797909408,-14.2323353574936,1.4039133490794e-39,3.72863403060804e-38,79.0308598520666
"PCYOX1",-1.15778610498602,11.4051045296167,-14.2298382080891,1.44145084011702e-39,3.82338317152486e-38,79.0046435442988
"DIXDC1",-1.39548359716967,8.3094325783972,-14.2279576338885,1.47037887471082e-39,3.89508107068556e-38,78.984901793412
"CFD",-2.79413225275632,8.60088135888502,-14.2191676567464,1.61345503764904e-39,4.26535029189348e-38,78.892643513854
"DPYSL2",-1.78846935000824,11.5735306620209,-14.2191175382792,1.61430938957683e-39,4.26535029189348e-38,78.8921175558569
"LEPR",-2.32817319071913,8.41505923344947,-14.218009060394,1.6333209413872e-39,4.31003585175826e-38,78.8804850874872
"SYT12",4.8024880895179,7.05072543554007,14.2134225256126,1.71438631174622e-39,4.51814518358792e-38,78.832358168342
"SFTPC",-8.5584833635018,11.2866756097561,-14.2115885855321,1.7479120354307e-39,4.60059411376824e-38,78.8131165441392
"DUSP27",-2.81169658384074,1.70385801393728,-14.2088309008129,1.79955865784466e-39,4.73046597254173e-38,78.7841852591683
"GALNT7",1.54167170314301,10.4319088850174,14.2043885150223,1.88597473408521e-39,4.9512866100728e-38,78.737585157998
"MLF1IP",2.04556926443971,7.99342735191637,14.1973900889728,2.03057944422878e-39,5.32411187611966e-38,78.6641866154555
"COL11A1",5.85228294553239,7.55605522648084,14.1869242587821,2.26770449498174e-39,5.93826189821112e-38,78.554454673855
"FEN1",1.48458840875433,9.23975574912892,14.1846039789431,2.32390515429443e-39,6.07767806594454e-38,78.5301322892334
"ARHGEF16",1.63571803192366,9.20043588850175,14.1758905427955,2.54763739656654e-39,6.64586985406748e-38,78.4388105091663
"LOH3CR2A",-2.06170236959028,5.36923850174216,-14.1743796912946,2.58855957553081e-39,6.74405178751871e-38,78.4229786580393
"CNRIP1",-1.61943483626791,7.18227020905923,-14.1729677834393,2.62739387069835e-39,6.8365521122227e-38,78.4081843445436
"DKK2",-2.5236851966431,6.14735696864112,-14.170877104624,2.68596682422847e-39,6.98011378498866e-38,78.3862790012781
"HS6ST2",3.47217204212608,8.78815766550523,14.1646788856235,2.86737850792362e-39,7.44213410463615e-38,78.3213455086139
"CFL2",-1.49987384235644,9.13151132404181,-14.1600542970343,3.01064288033575e-39,7.80410332491073e-38,78.2729064860833
"C5orf34",2.11439135099558,5.50885505226481,14.155048364121,3.17377263497027e-39,8.21658917981585e-38,78.2204817307849
"CENPE",2.48311232516046,7.1594574912892,14.1537287240324,3.218224450586e-39,8.32117732626329e-38,78.2066632499964
"F12",2.76502685206519,5.82299982578397,14.15284516369,3.24833333832958e-39,8.38846332527122e-38,78.1974114810125
"PRKCH",-1.13946012506172,9.55547055749129,-14.1517158321844,3.28722647737267e-39,8.47534381307746e-38,78.1855866436894
"PHOSPHO1",-2.13276284021723,3.13984825783972,-14.1458115984396,3.49824791534298e-39,8.99987840877086e-38,78.1237728478573
"TMEM47",-1.94394715813726,8.56551707317073,-14.1448164731326,3.53512104745329e-39,9.08335858625983e-38,78.1133557020054
"NXF3",-3.66482576271189,2.5233181184669,-14.1373762173854,3.82336875716827e-39,9.79947073466475e-38,78.0354809714483
"MARCO",-3.9621147243706,9.41935452961674,-14.1344838793892,3.94164408191756e-39,1.00900190775271e-37,78.0052131340711
"FKBP11",1.80902916899788,9.65664128919862,14.1266816229035,4.27920436048529e-39,1.09348917322947e-37,77.9235786847504
"SELP",-2.72596292578578,6.89300644599303,-14.1266119643262,4.28234435107888e-39,1.09348917322947e-37,77.9228499498347
"TBX2",-2.02931137732436,8.89772891986063,-14.1262573152761,4.29836646837065e-39,1.09621693907639e-37,77.9191398069388
"HMGA1",1.98090459108114,11.6133839721254,14.1208631124513,4.5495600422542e-39,1.15740356465277e-37,77.8627141634054
"DNASE2B",-3.15936339970383,3.00083885017422,-14.1168923091399,4.74377146801674e-39,1.20531718116812e-37,77.821184519601
"GFOD1",-1.844160842521,5.03236864111499,-14.1127166159578,4.95692391221531e-39,1.25791901010853e-37,77.7775180605869
"A2M",-2.13916384071089,14.3266729965157,-14.1061467466542,5.31177784800913e-39,1.34630616320528e-37,77.7088276144835
"ITLN1",-4.3680630541386,3.01622073170732,-14.1036140096345,5.45524210580405e-39,1.37985116765076e-37,77.6823510239072
"PAK1",1.11679278262302,10.6186869337979,14.1035734600669,5.45757013215985e-39,1.37985116765076e-37,77.6819271476848
"SPC24",2.54624431133785,3.74819860627178,14.0998421738714,5.67608344151892e-39,1.43152267993485e-37,77.6429254660408
"AVPR2",-2.48585832483135,3.2935668989547,-14.0997287752461,5.68285915317538e-39,1.43152267993485e-37,77.6417402324373
"SRD5A1",1.72584063189075,8.42816620209061,14.0985233750821,5.75538358868544e-39,1.44801501318275e-37,77.6291417684902
"TIMP3",-2.21404131314795,13.0673733449477,-14.0874073086631,6.46922393304407e-39,1.62562016334633e-37,77.5129846806762
"VSIG4",-2.74727860457465,9.69850209059233,-14.0813463144792,6.89494212468456e-39,1.73047875085298e-37,77.449669133136
"LMNB1",1.76219488563437,9.49923623693379,14.0735363408124,7.48492890634066e-39,1.87625873561873e-37,77.3681025100407
"FAM189A1",-3.05600146782955,3.49383240418118,-14.0728795444726,7.53678117182403e-39,1.88695265192131e-37,77.3612439909716
"GATA1",-1.86798129011027,1.70793222996516,-14.069563168577,7.80411921893669e-39,1.95150508605079e-37,77.3266154927319
"DNASE1",1.67947507651804,6.31543763066202,14.0647483934259,8.20915540499187e-39,2.05029148983556e-37,77.2763482498397
"PDK4",-2.8485050715814,9.46221602787456,-14.0610813125129,8.53164130606918e-39,2.12824539506197e-37,77.2380687703685
"GREM1",4.2498396445615,8.68292299651567,14.0575304599947,8.85593307447084e-39,2.20646002450105e-37,77.2010071785974
"KIAA0907",1.42147803850585,9.86117979094076,14.0569560900511,8.90953139644576e-39,2.21712338871553e-37,77.1950126890683
"CENPI",2.8460235708409,4.99855923344947,14.0538162156454,9.20830070322156e-39,2.28869749923897e-37,77.1622450679053
"CCL23",-3.12437136415997,3.95615278745644,-14.0448953564533,1.01127576053814e-38,2.51045844786554e-37,77.0691666963586
"MAMDC2",-3.59726187921675,7.03763728222997,-14.0374981397163,1.09295089051129e-38,2.70993741330879e-37,76.9920074849556
"FAM124B",-1.93032999835447,4.8182243902439,-14.036578845226,1.10354997501087e-38,2.73291688624526e-37,76.9824198494311
"KPNA2",1.8079721276946,10.7688318815331,14.0324938891606,1.15190068091017e-38,2.84921939507057e-37,76.9398201469111
"DENND2A",-2.08576507158139,7.27165592334495,-14.0247437966399,1.24951085342353e-38,3.08693836591877e-37,76.8590153997349
"NOS1",-3.61946569359885,2.29382421602788,-14.023135705638,1.27077468961142e-38,3.13569764155318e-37,76.8422516940224
"VWC2",-1.7131843705776,0.981968815331011,-14.0080308588999,1.48896992622224e-38,3.66969418791627e-37,76.6848354687487
"HSPD1",1.20949135099557,12.6292674216028,14.0017755491662,1.58991741238893e-38,3.91378950555693e-37,76.6196695658854
"ALG3",1.09890574954748,9.99348083623693,13.976969057386,2.0620104284737e-38,5.05771494582617e-37,76.3613832815295
"ZNF643",1.50442228073064,5.19116620209059,13.9734696508368,2.13900596398415e-38,5.24030936045282e-37,76.3249653547062
"CD300C",-2.3642001612638,5.90932351916376,-13.9685599666085,2.25188490827759e-38,5.51027379820488e-37,76.2738783629902
"WASF3",-2.23182188250784,7.33084581881534,-13.962516430319,2.39901570849677e-38,5.86330863040937e-37,76.2110053313521
"SPATS2",1.14316276781308,9.22448031358884,13.9602961964121,2.45544157173858e-38,5.99408031721678e-37,76.1879108109108
"AFF3",-3.3778050781636,6.3771587108014,-13.959673865281,2.47149374634195e-38,6.02610054779101e-37,76.1814377447684
"SHMT2",1.37673823926281,10.8219013937282,13.9550331128248,2.59454004996953e-38,6.31112644856331e-37,76.1331722539726
"CAB39L",-1.55368949481654,7.92819843205575,-13.9546624972195,2.60462599773775e-38,6.32816233533207e-37,76.1293180584801
"KIAA0040",-1.25451698206353,10.0367350174216,-13.951901154131,2.68101380281275e-38,6.50605359004088e-37,76.1006032140224
"C1QTNF7",-3.17930220832651,5.64710034843206,-13.9499416032834,2.73657197624228e-38,6.63303691526021e-37,76.0802277953867
"GPR172A",1.36028576600297,10.6145010452962,13.9435347881394,2.92635547274308e-38,7.08467899238389e-37,76.0136195203763
"ACP5",-1.85238835609677,11.1625512195122,-13.9417003324321,2.98307273405877e-38,7.2134844794142e-37,75.9945504233022
"CDC25A",2.27787749876586,6.10550975609756,13.9370945099104,3.13034974445212e-38,7.56071532395318e-37,75.9466785133179
"ART4",-2.70443700510122,3.13007909407666,-13.9364548070913,3.15137024624525e-38,7.59135529519887e-37,75.9400301979364
"CCDC150",2.64195844989306,4.27157961672474,13.9364298234667,3.15219405135338e-38,7.59135529519887e-37,75.9397705507048
"PTTG1",2.20220685864738,8.33719337979093,13.9363711790277,3.15412862484395e-38,7.59135529519887e-37,75.9391610777383
"IL1RL1",-3.9374171926938,5.16829651567944,-13.9287838450534,3.41466694873127e-38,8.20879536972518e-37,75.8603189823824
"ADAMTS14",2.54726337666614,6.43800783972125,13.9282356129967,3.43430288729406e-38,8.24634365802891e-37,75.8546229698037
"XYLB",1.66784931709727,6.33773397212543,13.9269269923542,3.48162966025747e-38,8.35021693050069e-37,75.8410271305855
"ADAMTSL4",-2.30848080961002,9.07528850174217,-13.9223807088593,3.65115665768545e-38,8.73639232893732e-37,75.7937986703688
"PDE8B",-2.42043248971534,4.99591184668989,-13.919731473482,3.75371257770538e-38,8.97132936208282e-37,75.7662809464353
"TEX14",-1.90691219351655,3.15167073170732,-13.9184623060867,3.80385618612356e-38,9.08060087222288e-37,75.7530989637982
"GRHL3",3.35178553562615,4.67830470383275,13.903724424713,4.43739038879794e-38,1.05561558148345e-36,75.6000699965334
"ANKS1A",-1.07191215731447,10.2263381533101,-13.8976062199271,4.73033078129338e-38,1.12400105254575e-36,75.5365658910056
"TMEM79",1.30189961823269,7.54294337979094,13.8971935020594,4.75077185069189e-38,1.12755313404283e-36,75.5322825697542
"GIMAP1",-1.86273506335364,6.85496463414634,-13.894127737864,4.90539414126078e-38,1.16290694826887e-36,75.5004670328381
"CLCN2",1.54673827546488,6.69282247386759,13.8900024784147,5.12139581646351e-38,1.21271344996535e-36,75.4576618647368
"CA1",-2.19986995227909,0.8472287456446,-13.8897789291928,5.13336809221592e-38,1.21414800614277e-36,75.4553424175927
"SIDT2",-1.1084675037025,10.1992775261324,-13.8828878294411,5.51642773399721e-38,1.30324811713421e-36,75.38385249726
"PDF",1.18071655422084,7.18187404181185,13.8777316626024,5.82156159877875e-38,1.37375470830951e-36,75.3303726737782
"LGI4",-1.86032017442819,5.09368554006969,-13.8771658773239,5.85605159710842e-38,1.38030699527711e-36,75.3245049412127
"C10orf2",1.24249640283036,8.06926132404181,13.8759470269404,5.93104559601867e-38,1.39638034502595e-36,75.3118647037264
"BMPER",-3.46598604245519,4.5783043554007,-13.8732945915395,6.0975701674737e-38,1.43394175874267e-36,75.2843591979614
"HSD17B6",-3.34870781635678,8.08437700348432,-13.8701807005522,6.29902100979374e-38,1.47962129669411e-36,75.2520717665983
"CCIN",-1.94156217212442,2.23781114982578,-13.8487242823603,7.87951984512896e-38,1.84876048480569e-36,75.0296914082919
"C20orf20",1.11495489550766,8.75886846689895,13.8462293142547,8.08724456406783e-38,1.89533254452411e-36,75.0038439531761
"CLSPN",2.72678061872637,6.19409668989547,13.8396772110904,8.65910958588558e-38,2.02704127478028e-36,74.9359762766099
"ZNF423",-2.0483115945368,5.90171219512196,-13.8394984973479,8.67525970356114e-38,2.02850890334978e-36,74.9341253564091
"C1orf183",-1.72584177061051,5.51028362369338,-13.8362645776585,8.9727462791427e-38,2.09568237896245e-36,74.9006340307705
"PTPLAD2",-1.68087183149582,8.53212613240418,-13.8303729710864,9.54108486596701e-38,2.22589173066253e-36,74.8396290108356
"SEPT4",-1.6244265492842,7.41074581881534,-13.8272785518168,9.85381783499162e-38,2.29624154542994e-36,74.8075928285122
"ILF2",1.05084066480172,12.0508613240418,13.8229155517664,1.03121892602429e-37,2.40033158177764e-36,74.7624292356741
"FBLN5",-2.13117476715487,9.78623919860626,-13.8227570195984,1.03292386747131e-37,2.4015772366009e-36,74.7607883237213
"HSPB8",-2.2890695507652,9.0040231707317,-13.8218889159667,1.04230985904222e-37,2.42065853010596e-36,74.751803047847
"PHLDA2",2.40862344248809,8.60834547038326,13.820501744475,1.05748478542291e-37,2.45312572256863e-36,74.7374457622508
"C6orf25",-1.30989095606386,0.696915505226481,-13.8097265466244,1.18310680737053e-37,2.74144274890711e-36,74.6259464629356
"LILRA5",-2.39416269870003,5.91101533101046,-13.8081929066906,1.20215655103555e-37,2.78244351665838e-36,74.6100802323915
"EML1",-1.98906467335858,7.80536080139373,-13.8079257221302,1.20550644846784e-37,2.78705488592847e-36,74.6073161716866
"IPO4",1.20878775382591,10.0356141114983,13.806106912568,1.22855879273785e-37,2.83715545724501e-36,74.58850104823
"CHEK1",1.90402493993749,7.35423031358885,13.8024083733358,1.27679936184876e-37,2.94524616839944e-36,74.5502444150264
"GSTA3",-2.81314764521973,1.38081881533101,-13.7907153016324,1.44208318559539e-37,3.32277977556379e-36,74.4293283125613
"CENPL",1.3406649103176,7.28544442508711,13.787576165175,1.48997671157578e-37,3.42928496509538e-36,74.3968757502496
"FBXO32",2.18448046733588,8.55299581881533,13.7860487230893,1.51385080430072e-37,3.48033113239572e-36,74.3810863080144
"ARHGAP24",-1.58963296692448,8.19781898954703,-13.7819589374826,1.57966817794751e-37,3.62758251602488e-36,74.3388137717816
"ZNF536",-2.1198536185618,1.13268989547038,-13.7783293924313,1.64046306958874e-37,3.75878424315367e-36,74.3013035978219
"ADRA1D",-2.46966903077178,2.91354128919861,-13.7685468025578,1.81618388558372e-37,4.15677315173176e-36,74.2002283411214
"PLA2G4F",-3.42138076682577,7.20383832752613,-13.7536782691893,2.11982284345029e-37,4.8355514417816e-36,74.0466732572534
"CYP27B1",2.26328340957711,6.53933101045296,13.7529787809152,2.13529197392385e-37,4.86543221139364e-36,74.0394513284965
"C6orf129",1.47502610498602,8.10702717770034,13.7452941728242,2.31282446652888e-37,5.2641115629532e-36,73.9601230573135
"SYNPO2",-2.17853489221657,8.2072555749129,-13.7380968584996,2.49241258193182e-37,5.6665814293533e-36,73.8858453326357
"ENO1",1.17989899621525,15.1022066202091,13.7370247671557,2.52032725307451e-37,5.7237077992942e-36,73.8747828093447
"NAT9",1.04130948823434,9.374125087108,13.7363852014375,2.53712814417541e-37,5.75549622098576e-36,73.8681835685316
"CYBRD1",-2.14132712851738,11.3179574912892,-13.7326011387202,2.63884108229593e-37,5.97962554299508e-36,73.8291415787625
"MCM2",1.80619219680765,9.70834337979095,13.7289280162803,2.74145654859651e-37,6.20530352179564e-36,73.7912493906704
"MRM1",1.27519651801877,7.16224773519164,13.7252274136458,2.84886082065798e-37,6.4413119656507e-36,73.7530788757255
"VEPH1",-3.65667460260001,6.8821094076655,-13.7194556715246,3.02480633713384e-37,6.83160331148051e-36,73.6935555757684
"EPHA10",3.32090791838081,6.85300261324041,13.7055391601539,3.49485024391342e-37,7.88453577005961e-36,73.550088135717
"C6orf105",-2.82750834951459,5.77262404181185,-13.7022670935431,3.61554168502926e-37,8.14786726604289e-36,73.5163665689594
"TLCD1",1.67055059075203,8.43094233449478,13.6976977541772,3.79106393035333e-37,8.53405071163969e-36,73.469282251599
"SLC1A1",-2.81354894849435,8.2134418118467,-13.6867297311821,4.24780922838411e-37,9.55175503381444e-36,73.3562957004736
"SRL",-2.09181408918877,3.71431341463415,-13.6782608121267,4.6376565750814e-37,1.04055835504285e-35,73.2690848644125
"CENPK",2.15892529866712,6.26809790940766,13.6745690153278,4.81857049609155e-37,1.07997000310873e-35,73.2310762041812
"UBL3",-1.21664516373212,10.5235632404181,-13.6738944121354,4.852380920917e-37,1.08636183540268e-35,73.2241314311097
"CASC5",2.47623940102026,6.288806271777,13.6701488967416,5.04444802328168e-37,1.12813200346376e-35,73.1855759879151
"GPER",-2.46728074707917,5.70825696864112,-13.661212091713,5.53387567200118e-37,1.23624012563857e-35,73.0936042690732
"SLC39A11",1.29933831495805,10.0604283972126,13.6590943080455,5.65662688112956e-37,1.26228858553902e-35,73.0718139022317
"DUOX1",-3.68959532664147,8.92087421602787,-13.6555604603975,5.8675263975137e-37,1.30792960847944e-35,73.0354571406652
"TRIP13",2.55645786407769,8.01878606271777,13.6331075030574,7.40312240169645e-37,1.6466533359353e-35,72.8045693282403
"IL33",-2.79077305907523,8.62206306620209,-13.6303741867585,7.61552133329234e-37,1.69206334385814e-35,72.7764753315583
"KIAA0427",-1.24149698864573,9.18365400696864,-13.6193516108563,8.53546870358987e-37,1.89236687348488e-35,72.6632104748115
"GPBAR1",-2.0516066973836,4.25091341463415,-13.5954095637822,1.09329412878138e-36,2.41867763619415e-35,72.4173497394013
"C6orf174",-2.94052761230873,6.50554547038327,-13.5936443703717,1.11342176271823e-36,2.46055422912866e-35,72.3992317181338
"SCAI",-1.32745415171961,8.07766097560975,-13.5832953698568,1.23907778451955e-36,2.73529751786949e-35,72.2930333162727
"BMP8A",2.38968754648677,7.47240679442509,13.5704356770462,1.41507301159775e-36,3.12045638325475e-35,72.16112857278
"PTH1R",-2.46305845318416,5.09705034843205,-13.5692762576068,1.43211503655109e-36,3.15464825111522e-35,72.149239291432
"KLF17",-1.90087494158303,1.92315522648084,-13.565233516548,1.49315390045144e-36,3.28557873271899e-35,72.1077870221419
"PLEKHA8",1.28150212275795,6.7250543554007,13.5550395631309,1.65882169487242e-36,3.64621085607395e-35,72.0032913682052
"DUS1L",1.12256836267896,10.8052078397213,13.5401898677442,1.93345270366918e-36,4.24532449265543e-35,71.8511429985646
"HSPE1",1.23609099226593,10.7739651567944,13.5387579262877,1.9622186571832e-36,4.30388344358665e-35,71.8364760088684
"DOK2",-2.08147427019913,8.29921585365855,-13.5386526481216,1.96435031822126e-36,4.30396072925107e-35,71.8353977044893
"C1QTNF2",-2.06616204377162,4.59429146341464,-13.5367694760822,2.00287273390487e-36,4.38368627154233e-35,71.8161101721646
"MUSK",-2.26208055948661,1.65990243902439,-13.532273629311,2.0979112163469e-36,4.58680695118231e-35,71.7700690842507
"ZFYVE9",-1.43971875267403,8.62950017421603,-13.5198107294711,2.38551437928587e-36,5.21006491561053e-35,71.6424800929052
"BYSL",1.2313333519829,8.8638287456446,13.5163636733206,2.47177828941955e-36,5.39273201719271e-35,71.6072015231867
"SYNJ2",1.5186741681751,8.54341080139373,13.5143905252175,2.52254859873638e-36,5.4976563409828e-35,71.5870096107772
"METTL1",1.3246196050683,8.68030261324042,13.5056376667848,2.76058778340715e-36,6.00618656766171e-35,71.4974568740062
"ZEB2",-1.68785099226593,9.55841010452962,-13.5055973620661,2.76173410612404e-36,6.00618656766171e-35,71.4970445752788
"RAD54B",1.75858795787397,6.41864581881533,13.4990867818491,2.95326968475619e-36,6.41593932571901e-35,71.430452665699
"SLC25A25",-1.32035738686853,9.24375540069686,-13.4946624843564,3.09092547054231e-36,6.70789639643061e-35,71.3852092534419
"SNRPE",1.07673877571171,9.67749912891985,13.480396727226,3.57983065613986e-36,7.75252356229444e-35,71.2393780274636
"RPH3A",-2.18966096100051,1.82335278745645,-13.4773823560365,3.6926114347734e-36,7.98833643370896e-35,71.2085739205023
"KCNIP1",-2.16736625308542,2.23333554006969,-13.4714261880267,3.92597049950067e-36,8.48422887944724e-35,71.1477178260635
"FAM125B",-1.63782637156493,8.89481655052263,-13.4680203207668,4.06595419364571e-36,8.76828147012043e-35,71.1129252345138
"CXorf36",-1.66737955899294,8.04420783972125,-13.4673199401091,4.09535105710176e-36,8.82240894043012e-35,71.1057710697313
"ZEB1",-1.52778420602272,8.80497996515679,-13.4662993456954,4.13856767448543e-36,8.90616293052263e-35,71.0953463685047
"MRC1",-2.96879598486097,10.2209132404181,-13.4602006775167,4.40644883374885e-36,9.47271147192293e-35,71.0330610081102
"XDH",3.54830913937802,7.26061289198606,13.4543474163232,4.6797798924732e-36,1.00497783674137e-34,70.9732957235196
"IL1RL2",2.41220777357251,4.42712578397213,13.453792665398,4.70654557259593e-36,1.00966959880245e-34,70.967632085009
"BTNL8",-2.81198512094786,2.3496618466899,-13.4534320117457,4.72402818161908e-36,1.0123621980025e-34,70.963950115683
"BMX",-2.92082784926776,3.46866271777004,-13.4520889689627,4.78970288292756e-36,1.02536600820128e-34,70.9502392327779
"FGFR4",-3.22137986835613,7.65179181184669,-13.4507938702934,4.85389446921492e-36,1.0380255568019e-34,70.9370184749344
"MAP3K3",-1.09656909330262,9.68225801393729,-13.4503418826915,4.87649841964417e-36,1.04177432419662e-34,70.9324046045489
"SRPX",-2.25446529208493,7.13924512195122,-13.44967261628,4.91016126410653e-36,1.04678723522437e-34,70.9255729089119
"CXCR1",-2.93262025670564,3.78247055749129,-13.448678629823,4.96058464800062e-36,1.05643986331383e-34,70.9154268817733
"PLSCR4",-1.61122295211454,8.8193142857143,-13.4461864138775,5.08929078222215e-36,1.08272683688104e-34,70.8899895225373
"FRY",-1.83464292907686,9.08932857142858,-13.4401895658964,5.41278577652276e-36,1.15035705995872e-34,70.8287913786119
"FIBIN",-2.49933133124899,7.32466010452962,-13.4282961102681,6.11621299503585e-36,1.29582923413917e-34,70.7074599929139
"CYP17A1",-2.71399208491034,1.90833327526133,-13.4220489846377,6.52144861587258e-36,1.38005833598723e-34,70.6437521492965
"RDM1",2.6037696922824,2.94842804878049,13.4219629522457,6.52721210055332e-36,1.38005833598723e-34,70.642874903314
"STRA6",4.17936514398556,6.3977381533101,13.421031101007,6.58996480820392e-36,1.39189277276159e-34,70.6333732887159
"AQP11",1.58492046075368,4.45030034843206,13.4103774762459,7.35156721337084e-36,1.54956545062118e-34,70.5247680797237
"CBX3",1.00646655257529,11.8477940766551,13.410238271232,7.36207808483374e-36,1.55018936493986e-34,70.5233492927942
"PC",1.65778138555209,9.23883310104528,13.3948628372663,8.62013378781358e-36,1.81137509379542e-34,70.3666890711431
"ZNF365",-2.29802823761726,5.0490463414634,-13.3925739705224,8.82490118496223e-36,1.8525073755345e-34,70.3433758329379
"PTPN1",-1.00042044758928,10.8029458188153,-13.3915734405217,8.9159263026591e-36,1.86970344222259e-34,70.3331855936486
"FIGNL1",1.40020738851408,8.17172770034843,13.3814799964473,9.88816549710062e-36,2.07146977199465e-34,70.2304076955112
"KDM5B",1.01866165213099,11.0922966898955,13.3784722078484,1.01978116262641e-35,2.1341597623568e-34,70.1997882972281
"PKP3",1.46791041303276,10.422837804878,13.3569274308254,1.271696003856e-35,2.65594292565245e-34,69.9805669218767
"SVEP1",-2.65338807635349,8.41709947735191,-13.3476632091205,1.398252319564e-35,2.91728863014724e-34,69.8863589369394
"S1PR4",-1.89826350172784,6.89209146341464,-13.3446187429943,1.44252209048935e-35,3.00659680383212e-34,69.8554072024878
"TPPP3",-2.96147739674184,9.20387787456446,-13.3434774113885,1.45947574992234e-35,3.03884758072066e-34,69.843804745243
"PPIF",1.09625528714827,10.1767722996516,13.343263140781,1.4626806462651e-35,3.04243502206916e-34,69.8416265883178
"ZC3H8",1.08920835280567,6.66143275261324,13.341372696677,1.49126200080121e-35,3.09874583769726e-34,69.8224101701631
"AQP10",-1.90716551587956,1.20061463414634,-13.3370227541093,1.5591588586335e-35,3.23655524446368e-34,69.778198304869
"BCL2L2",-1.01072944215897,9.8349506968641,-13.3314328714939,1.65094956091302e-35,3.42363580662064e-34,69.7213950698439
"PGM2L1",1.66011686687512,9.39072682926828,13.3311061918962,1.65647741917435e-35,3.43163283709883e-34,69.7180758057585
"C8B",-4.49964932367948,3.5450768292683,-13.3302519774986,1.67101917499635e-35,3.45631515307283e-34,69.7093966680121
"FAM13C",-2.20522219187101,6.22536393728223,-13.3302087247374,1.67175886361487e-35,3.45631515307283e-34,69.708957211551
"PRICKLE2",-1.62250984696398,8.61114686411151,-13.323454735946,1.7913571816514e-35,3.69613697882444e-34,69.6403445631107
"GPR17",-2.41340635181835,2.83314459930313,-13.3139809289725,1.97361255986585e-35,4.06809898132991e-34,69.5441325350055
"ENTPD8",3.7275118808623,4.94036533101045,13.3006963792023,2.26069354983247e-35,4.65050486754114e-34,69.4092808480886
"LIMCH1",-1.88245083758435,11.4384364111498,-13.2999573482145,2.27783309243436e-35,4.68107241117892e-34,69.4017810136202
"RALGPS2",1.63786611485932,8.69807334494774,13.2910503692705,2.49487201613282e-35,5.12197224912067e-34,69.3114084811397
"P2RY1",-1.98400031594538,5.21601986062717,-13.290367506885,2.51233781141617e-35,5.1526768499874e-34,69.3044812984138
"S100A3",-2.34609086720423,4.62172055749129,-13.2870366208949,2.59929483840529e-35,5.32570090144318e-34,69.2706943759959
"EXD1",-1.87093722560475,1.36295470383275,-13.286461991309,2.61459664976556e-35,5.35171178660888e-34,69.2648660587096
"POC1A",1.53782906697385,7.25689512195122,13.2836203200832,2.69159680703394e-35,5.50383291318793e-34,69.2360456871583
"ANXA8L2",-4.26526067467504,5.52147665505226,-13.2794161382967,2.80967880097153e-35,5.73957271482044e-34,69.193412632597
"PID1",-2.39892504196151,7.96751707317072,-13.2766304896423,2.89074701450656e-35,5.89930777413714e-34,69.1651683226857
"MEFV",-2.08287794306403,4.33806324041811,-13.2724332356511,3.0173170814416e-35,6.15149152750705e-34,69.122617342845
"ZNF366",-2.19921842356428,4.6499031358885,-13.266111429038,3.21844759820413e-35,6.55503265785027e-34,69.0585414610624
"MGC12982",1.50281276287643,6.20834076655052,13.2626683392043,3.33355209542076e-35,6.78273781159447e-34,69.0236501525186
"OIP5",2.3635032943887,5.35460209059234,13.2595642964005,3.4408324814288e-35,6.99408820234982e-34,68.9921987570989
"TLR4",-1.91747627447755,8.64531114982577,-13.2594252999175,3.44571604508161e-35,6.99708708264347e-34,68.9907904805784
"SLC11A1",-2.11068523942737,8.96754808362369,-13.2558382395229,3.57416174306145e-35,7.25074511709995e-34,68.9544500114035
"NEK7",-1.0189815040316,10.6457773519164,-13.2463815165778,3.93611172361462e-35,7.96926762187458e-34,68.8586690052165
"ZBED2",-2.72863526740169,6.12702404181185,-13.2393082970421,4.23049866484293e-35,8.54843873909698e-34,68.7870526278191
"OLFML1",-1.81474445943724,7.54995121951219,-13.2348717213718,4.42623776562138e-35,8.93516827219341e-34,68.7421426285035
"RFC4",1.61160931709727,8.09277473867595,13.2296908057953,4.66626265845478e-35,9.40121416860419e-34,68.6897080256957
"PVRL4",2.1662072272503,9.93430592334495,13.2240146610927,4.94413692483261e-35,9.95128735949151e-34,68.6322738535942
"GIMAP4",-1.67515527398388,9.2870567944251,-13.2183579696307,5.23745266334536e-35,1.05107432237029e-33,68.575049539354
"TMEM132C",-3.14218472601615,2.36976533101045,-13.2167353935098,5.32474266420322e-35,1.06754850484465e-33,68.5586376086469
"CCDC50",-1.14607893697549,10.0785015679442,-13.2145949640097,5.44211221361798e-35,1.09001525605441e-33,68.5369893647401
"FAM167B",-1.48581808787232,6.34387317073171,-13.2139260873242,5.47931560780398e-35,1.09639716791633e-33,68.5302247468192
"RBM28",1.06153907191049,8.6672837979094,13.2135757627962,5.49890188695712e-35,1.09924494390681e-33,68.5266818471188
"PTPRM",-1.69289263781472,9.83040871080138,-13.2122127299659,5.57577344325685e-35,1.11352751741307e-33,68.512897707524
"TBX4",-2.65139626131317,7.30525435540069,-13.2111993598834,5.63361782653593e-35,1.12398614167913e-33,68.5026501429487
"COL1A1",2.8219993450716,14.9242433797909,13.2103092416218,5.68491975191613e-35,1.13312041268775e-33,68.4936492900597
"CDH13",-2.17971223959192,7.29497212543554,-13.2079408971927,5.8236967777705e-35,1.1585319268181e-33,68.4697022227307
"IHH",-3.7167996346882,3.1906712543554,-13.2070570143257,5.876349653494e-35,1.16787471816294e-33,68.460765593161
"DTL",1.98805300641765,7.85422473867596,13.2000674744099,6.30976648897016e-35,1.25279986478295e-33,68.3901080133986
"TDRKH",1.33115110416325,9.05932038327527,13.199842998149,6.32420169914925e-35,1.25445276215975e-33,68.3878391024537
"C20orf151",2.27368799736714,6.0592763066202,13.1981468049192,6.43434608565148e-35,1.27506877546742e-33,68.3706953637957
"LYPD1",3.11091066315619,6.88724128919861,13.1975480390178,6.47368229254419e-35,1.28162678366376e-33,68.3646438061667
"MMP1",4.65514518676983,8.58427160278745,13.1949108284305,6.64980567979737e-35,1.31522649909672e-33,68.3379920043166
"CNKSR2",-2.68981601118976,2.90296672473868,-13.1927475545365,6.79783500977472e-35,1.34321032483807e-33,68.3161319515018
"CENPM",1.97275889090013,6.88476707317074,13.1842073525097,7.41498505914717e-35,1.45953636878515e-33,68.2298511892362
"CDK1",2.17510803027812,8.84574268292683,13.18384993629,7.44199621824573e-35,1.46345002261097e-33,68.2262408999758
"KRT4",-4.72906225440189,5.25059721254355,-13.1827655853743,7.52454550830537e-35,1.47826717019626e-33,68.2152881056446
"PCDH17",-1.83698740496957,8.44048101045297,-13.1773178252732,7.95327845436938e-35,1.56100197579544e-33,68.160268727783
"PDK1",1.51642453842358,8.9102449477352,13.1706985665298,8.50707533572864e-35,1.66659941059781e-33,68.0934341865183
"GBP7",-1.60603520157974,0.931362020905923,-13.1706932950813,8.5075313312543e-35,1.66659941059781e-33,68.0933809679364
"PLAC2",-3.25770699358239,4.94356306620209,-13.1698188232793,8.58351367136417e-35,1.67988117896193e-33,68.0845527834997
"P2RY6",2.62768951127203,7.70101463414634,13.156949845698,9.78311524462647e-35,1.91283196163982e-33,67.9546709016064
"ARHGEF6",-1.66952103011355,8.93402038327527,-13.1558489825304,9.89317621966017e-35,1.93251101607634e-33,67.9435634431455
"CCDC69",-1.75565134112228,9.81335505226482,-13.1553353907032,9.94494464551037e-35,1.9407767449841e-33,67.9383815886479
"LMO7",-1.59988277110418,12.2441634146342,-13.1474836204947,1.07708172125621e-34,2.09995135207883e-33,67.8591750866992
"GATA6",-2.30207135099558,7.94985609756097,-13.1460303738399,1.09310021476185e-34,2.12916009573631e-33,67.8445179081089
"ZYG11A",3.85423541550111,4.28063954703833,13.1345260106194,1.22857284631339e-34,2.39076782320512e-33,67.7285176317382
"ALOX5",-2.09614282376174,9.81991097560975,-13.1340901163002,1.23402227897354e-34,2.39909823743625e-33,67.724123511401
"ANKRD29",-3.10314721408592,7.12178519163763,-13.1314594967871,1.2674244411232e-34,2.46170518223834e-33,67.697606681309
"TNFSF12",-1.24613930886952,9.28193292682927,-13.1254520914794,1.3471181469491e-34,2.61155198837253e-33,67.637062288141
"PPP1R14A",-2.05426854698043,6.7669031358885,-13.1241391813527,1.36518904013044e-34,2.64408782961112e-33,67.6238323728404
"SFRP5",-3.80848329109761,3.48112508710801,-13.1203703717321,1.41841538826228e-34,2.74458698595897e-33,67.5858588260992
"CBX4",1.05900073391477,9.58229111498258,13.1136223819813,1.51893163111147e-34,2.93631510232755e-33,67.5178824561688
"GPC3",-3.06426781306569,8.23276149825785,-13.1121753973341,1.54139258697986e-34,2.97693224935997e-33,67.5033085946702
"SEPT10",-1.09022124732599,10.347605923345,-13.103960423313,1.67532582348339e-34,3.22952480339099e-33,67.4205847042727
"ERO1L",1.80654915254239,10.9556094076655,13.0982129839229,1.77586103439803e-34,3.41690975034597e-33,67.3627251849951
"ITIH5",-2.84768291920357,7.97806045296168,-13.0976916781774,1.78527175820931e-34,3.43180048652033e-33,67.3574778709034
"RHBDL1",2.83416160934674,5.70632839721254,13.0970814223342,1.79635135354264e-34,3.44986840862774e-33,67.3513353533438
"PGLYRP1",-1.45653449399376,0.674287456445992,-13.0938328622163,1.85649401119407e-34,3.56203944390788e-33,67.3186396296993
"ADCYAP1R1",-1.51938546980419,0.799274738675958,-13.0851203021234,2.02788178029309e-34,3.88724677398852e-33,67.2309720373068
"SLIT3",-2.72660557511933,8.39613832752613,-13.0786542618917,2.16518365601193e-34,4.14656907256762e-33,67.1659297094881
"RRAS",-1.40337899621525,9.91548432055749,-13.0744299285708,2.25984570829362e-34,4.32382408119925e-33,67.1234462157327
"JUND",-1.37053014316276,11.2482041811847,-13.0735437025871,2.28022207900142e-34,4.35874853648967e-33,67.1145345112014
"AMICA1",-2.15538157314466,8.63157648083623,-13.0716427504546,2.32454865735522e-34,4.43934734283745e-33,67.0954200296945
"NDRG4",-2.52558756952446,6.9730925087108,-13.0599098304104,2.61777674204684e-34,4.99469856080128e-33,66.9774761904285
"ABCC13",-2.73207210465693,1.87502351916376,-13.0538309073439,2.78390370465371e-34,5.30673565984593e-33,66.9163909951792
"NTN4",-1.9580611058088,9.93946742160279,-13.0511778856173,2.8596589362368e-34,5.4460851540762e-33,66.8897364253664
"WIF1",-5.43390631232521,6.72439041811846,-13.0498409710623,2.89860810379825e-34,5.51514591019259e-33,66.8763057251396
"TRIM71",-2.48482828369263,1.40970801393728,-13.0373309409262,3.2896609921061e-34,6.24184289907008e-33,66.7506654816337
"PUS7",1.17256086884977,8.61561428571428,13.036565336576,3.31523139931332e-34,6.28455222787649e-33,66.7429785106236
"LOC100190938",-2.37779765344745,4.13851689895471,-13.0288976191829,3.58250126738731e-34,6.78494013094662e-33,66.6660050685886
"C2CD4A",3.5091522889584,6.81183850174216,13.0283923094324,3.60085001750383e-34,6.81340560915702e-33,66.6609333079191
"HNF4G",3.23336032252759,6.22898432055749,13.0238572766755,3.76977212775892e-34,7.11991000762563e-33,66.6154202521496
"TMEM90A",-3.04508346881688,3.4252637630662,-13.0185956190553,3.97567277913604e-34,7.50188990401314e-33,66.5626256345261
"ADH1B",-4.86668939937473,8.91919268292683,-13.0183579344494,3.98523383108774e-34,7.50815701281309e-33,66.5602410187792
"AWAT2",-2.26718420931384,1.27609965156795,-13.0183312565442,3.98630839939906e-34,7.50815701281309e-33,66.559973369125
"MMRN1",-2.70728425868029,7.17561602787456,-13.0128274436792,4.21428370418677e-34,7.93026988514705e-33,66.5047619898262
"PLK4",1.87321119960509,6.92452282229965,13.0065485510816,4.49025859862025e-34,8.44185064374302e-33,66.4417908811924
"C10orf25",-1.28846927431299,5.69270818815331,-13.0048502179584,4.567949425725e-34,8.58005505124741e-33,66.4247611066272
"EPB41L2",-1.59106939608361,9.72440139372822,-13.002581110011,4.67384366013037e-34,8.77093330369986e-33,66.4020098591891
"SLC27A3",-1.46408429488236,9.24263571428572,-12.999340078846,4.82934883416891e-34,9.05447776853768e-33,66.3695173465116
"DNMT3A",1.16281835774232,9.43489860627178,12.9960412223201,4.99292037434337e-34,9.35261453332749e-33,66.336449631838
"SLC22A18AS",2.75846082935661,5.43732735191638,12.9951443608394,5.03833680724409e-34,9.42908428921798e-33,66.327460286982
"P4HA3",2.38231659371403,6.40874094076655,12.9921580688069,5.19254703395311e-34,9.70883338862088e-33,66.297530771692
"ANXA3",-2.30356149744942,9.8706987804878,-12.991772747218,5.21278418078634e-34,9.73780338776557e-33,66.2936692353578
"WFIKKN2",-2.50698245186772,1.991693728223,-12.9813616255498,5.79033227248887e-34,1.07872524096367e-32,66.1893567809572
"C1orf220",1.86238644396908,3.15245139372822,12.9802015076239,5.85851131788226e-34,1.09043732870465e-32,66.1777359946591
"PROS1",-1.81593424387035,9.79881254355401,-12.9784370493406,5.96374263317687e-34,1.1090184443761e-32,66.1600626744191
"CYP24A1",5.21111020569365,7.81955818815331,12.97450151518,6.20528672256747e-34,1.1528917322562e-32,66.1206479472037
"ZBTB47",-1.14586957051178,8.38842839721254,-12.9700742589147,6.48867288487663e-34,1.20336453772825e-32,66.0763163591376
"TBRG4",1.03899276287643,10.0824956445993,12.9640103780392,6.89784699977625e-34,1.27809385293688e-32,66.0156100818657
"DDX12",1.92501820635183,6.26741149825784,12.959410165834,7.22530932747598e-34,1.33756177180416e-32,65.9695670987989
"ZBTB4",-1.050087487247,11.1356635888502,-12.95754526018,7.36243022878385e-34,1.36171795132372e-32,65.9509040157374
"PTRH2",1.01288889912787,8.72626306620209,12.9551914642447,7.53920327648367e-34,1.39315790518641e-32,65.9273504441779
"BAI3",-2.60473570182658,3.13834930313589,-12.9550908736412,7.54685122154119e-34,1.39331704656691e-32,65.9263439229568
"GATA2",-1.98474394602602,7.89151707317073,-12.9487755971216,8.04279938771064e-34,1.4835460146424e-32,65.863161073873
"APOA1",-2.4805877801547,2.10486010452962,-12.9383433547785,8.93413445873936e-34,1.64647917807827e-32,65.7588258017105
"SLC2A5",2.75036389007737,6.54982369337979,12.9365668593735,9.09543342124554e-34,1.6732011481915e-32,65.7410632376002
"SUV39H2",1.23022580220505,7.40570452961674,12.9301614442522,9.7014761472054e-34,1.78309136349263e-32,65.6770287749798
"ST14",1.39391852887939,12.379575087108,12.9293082958294,9.78517389285364e-34,1.7968660109149e-32,65.668501221835
"XPR1",1.61023363172619,11.3374980836237,12.9158428038625,1.12055765337769e-33,2.05218988615914e-32,65.5339491325481
"ZDHHC19",-1.92290115517526,1.50639303135889,-12.9151004676231,1.12895970138254e-33,2.063895162011e-32,65.5265336715962
"KAT2B",-1.31310426526248,8.80142909407665,-12.9056655534399,1.241375386974e-33,2.26738760627902e-32,65.4323053019996
"FAM65A",-1.2903809642916,10.1437167247387,-12.905046605838,1.2491281017068e-33,2.27951999360361e-32,65.4261250681017
"TENC1",-1.55193753825902,10.5472364111498,-12.9016905111515,1.29201255202055e-33,2.35568540790248e-32,65.3926170643315
"PDE2A",-1.98260034227416,6.66172508710802,-12.8909951594339,1.43870380331712e-33,2.6208153577729e-32,65.2858641691321
"KIF22",1.07787795622841,9.95596358885017,12.881459159424,1.58341870266698e-33,2.88060696174984e-32,65.1907240390297
"MYH10",-1.63257557347377,11.015156445993,-12.8814148826519,1.58412336084538e-33,2.88060696174984e-32,65.190282382408
"LCN6",-1.4924227414843,0.618010104529617,-12.8812698567369,1.58643361382847e-33,2.8822550523804e-32,65.1888357684372
"SLC31A2",-1.52659667270036,8.79126916376307,-12.8797939724776,1.61013600776565e-33,2.92273140932173e-32,65.174114530771
"ARHGAP18",-1.28800753332237,9.94875975609756,-12.8778746380319,1.64148837924685e-33,2.97438273838815e-32,65.1549714770541
"XPO5",1.01210911634031,10.0874329268293,12.8767372320368,1.6603540456331e-33,3.005914334819e-32,65.1436279597034
"SORBS1",-1.84859448741156,8.79098902439024,-12.8724251711862,1.73385811604014e-33,3.13622089183297e-32,65.1006281460456
"GPR120",-2.74764513740335,3.73058170731708,-12.8703478056973,1.77041697238206e-33,3.19952996857427e-32,65.0799155122227
"LDHA",1.26970732927432,13.9133770034843,12.8696480927784,1.78290300262034e-33,3.21926109444113e-32,65.0729393506209
"C2orf40",-3.91888413690969,4.23256358885017,-12.8639504471744,1.88789373518091e-33,3.4058399282306e-32,65.0161413996742
"NCRNA00092",-2.18576922823764,3.40997839721254,-12.861833813322,1.92844635146593e-33,3.47594412603999e-32,64.9950449014311
"ZNF485",1.15493954911964,5.77138048780488,12.8606328675407,1.95183978915768e-33,3.51502376064976e-32,64.9830759198571
"THBS2",2.5838256080303,11.1463712543554,12.8596107902177,1.97197146466193e-33,3.54816600959766e-32,64.9728900791332
"HHIP",-4.70337337172952,5.78582526132404,-12.8529002571072,2.10938144572636e-33,3.78876649875434e-32,64.906025176139
"SLC7A5",2.30724290933028,10.6783059233449,12.8474461162129,2.22805704037524e-33,3.99842753836571e-32,64.8516933508876
"PTGER4",-1.90878339312162,8.07103763066202,-12.8463378454176,2.25297252642753e-33,4.03960925480849e-32,64.8406547841591
"CRIM1",-1.54720481158468,10.6450860627178,-12.8397790408509,2.40620735771898e-33,4.31059660156813e-32,64.7753387211508
"TACC3",1.55015258186607,9.57654006968642,12.8386907737873,2.43261813064693e-33,4.35411074299752e-32,64.7645029592855
"PITX1",4.24628258680274,6.4938637630662,12.8309658966025,2.62857316040262e-33,4.70074973720085e-32,64.6876017342128
"NCAPG2",1.59366112555539,8.84697648083625,12.8252485641474,2.78365340117424e-33,4.97375146441316e-32,64.6307020972662
"ARAP3",-1.36042050353794,8.57126620209058,-12.8170623253792,3.02169188893692e-33,5.39437691129347e-32,64.5492559855994
"PCDH9",-2.86273302945535,4.8141318815331,-12.815011058713,3.08444825559812e-33,5.49685092772825e-32,64.528852132808
"SEPP1",-2.00927451374035,12.3831740418118,-12.8126867851461,3.15712672206223e-33,5.62149276703708e-32,64.5057348764244
"RAB11FIP1",-1.60013517854206,12.189525087108,-12.8079878944172,3.30930733281532e-33,5.88735524633435e-32,64.4590067327461
"BCL9",1.26741995392465,9.86280609756096,12.8014168959038,3.53444300951543e-33,6.28243419786595e-32,64.3936773164933
"MYO1B",-1.02931182162252,11.6582580139373,-12.7991383008644,3.61602166299156e-33,6.42187930287343e-32,64.371027669904
"LOC84740",5.2257015599803,8.52632770034844,12.798001221658,3.65743012053622e-33,6.48980469962045e-32,64.3597257325045
"CASS4",-2.15616139213429,6.53695139372822,-12.7967945950955,3.70188771932216e-33,6.56301855593126e-32,64.3477331413607
"NCF2",-1.88214061872636,9.578524912892,-12.7915496643613,3.90147223054583e-33,6.90493318044017e-32,64.295611362984
"C4orf38",-1.62232798749384,3.20337613240418,-12.7892707461113,3.99149702896511e-33,7.05817691685216e-32,64.2729681832868
"HMBS",1.16187533651474,9.01616777003484,12.7864676270604,4.10507102508707e-33,7.25276317943525e-32,64.2451196479924
"PAPSS2",-1.75264947836105,10.6041958188153,-12.7811613771079,4.32894838648088e-33,7.63516412151653e-32,64.1924121845228
"PGR",-2.27571498107621,5.42696777003485,-12.778246137675,4.45707808606641e-33,7.85440455853592e-32,64.1634600137177
"SCN7A",-3.28415612637817,6.93996986062718,-12.7759568921979,4.560335455465e-33,8.02891630886277e-32,64.1407273582116
"MOSC2",-1.69798592397566,7.76680505226481,-12.7758781643834,4.5639285593974e-33,8.02891630886277e-32,64.1399456158322
"RASL12",-1.68903746914597,7.93513710801394,-12.769562199127,4.86156347358593e-33,8.54519675622595e-32,64.0772387896167
"IL17D",-2.00284579891396,4.1400724738676,-12.7657921560023,5.04835448548074e-33,8.86592964815394e-32,64.039816864613
"HSD17B4",-1.02250278426856,11.1081705574913,-12.7631825197313,5.18182036576202e-33,9.09254462470891e-32,64.0139168819782
"CCBE1",-3.28836554879054,5.16997108013937,-12.762947701873,5.19400069034306e-33,9.10613442978165e-32,64.0115865182398
"KLF2",-1.92412896494983,8.68603379790942,-12.7578687688629,5.46454172255622e-33,9.57227317099653e-32,63.9611883446393
"RCCD1",1.15060649004444,7.6246724738676,12.756708218988,5.52830450759569e-33,9.67571112880984e-32,63.9496737922093
"AGTR1",-2.75162409741652,4.83082020905923,-12.7553275863112,5.60512459184308e-33,9.80180646256716e-32,63.9359764175135
"HIST1H2AM",2.24045958532173,2.55661759581882,12.7549662114564,5.6254068428524e-33,9.82890233904339e-32,63.9323913229201
"GNPNAT1",1.31567454665132,9.95823292682927,12.7478997902516,6.03702795831216e-33,1.05212380292147e-31,63.8622987788586
"KCNK3",-3.13823548132305,7.031937456446,-12.7471728246831,6.08103904723732e-33,1.05889509448501e-31,63.855089160846
"FABP5",-2.38269349020901,6.80043954703833,-12.7356763081117,6.82107570277069e-33,1.18675156082951e-31,63.7411039077517
"ABCA9",-2.25053289781143,5.33025975609756,-12.7355081997612,6.83253692834071e-33,1.18773906129411e-31,63.7394375782439
"ALOX5AP",-2.21062185617905,9.54481759581884,-12.7306684403368,7.17085091989866e-33,1.2454955108758e-31,63.6914700035958
"DAO",-1.2563132071746,0.637338675958188,-12.7290772217219,7.2856854618483e-33,1.26437128091078e-31,63.6757014205763
"CHRNA4",-1.60021037024849,0.733518641114983,-12.7132446386482,8.53290207603606e-33,1.47956486166402e-31,63.5188643712631
"ANO7",1.67579297679778,4.88872891986062,12.7075465090712,9.03199845721299e-33,1.56346482568788e-31,63.4624455678833
"ICAM2",-1.46066956392958,8.90734860627177,-12.7007072108005,9.66956718048262e-33,1.67101190416926e-31,63.3947463999359
"FRMD4B",-1.2331757972684,9.16927073170732,-12.6972881115865,1.00049048429147e-32,1.72750795984053e-31,63.3609099022637
"SORBS3",-1.22644604903736,10.4535850174216,-12.6969262979697,1.00410612730007e-32,1.73229401625801e-31,63.3573295774001
"MUSTN1",-2.0532749909495,4.98769965156794,-12.6911817695545,1.06328618506682e-32,1.83285183706312e-31,63.3004922751519
"HYLS1",1.20269199605069,6.89351271777003,12.6809168037475,1.17781277811492e-32,2.02686473886834e-31,63.1989648942182
"LOC100125556",1.35344190883661,5.97261149825784,12.6790232286592,1.20024352071529e-32,2.06200832471004e-31,63.1802411982665
"FOXP3",2.1266556754978,5.96636045296168,12.6770905755932,1.22357576726659e-32,2.10033532625277e-31,63.161132714942
"MMACHC",1.05480150074051,6.99567944250872,12.6690039722425,1.3262012172564e-32,2.27459573853584e-31,63.0811967519888
"GIPC2",-2.6717820766826,4.97050801393729,-12.6632442580504,1.40447993971119e-32,2.40684250102427e-31,63.0242795078058
"SSTR1",-3.28655712028965,5.55034616724739,-12.6588995292148,1.4665567103383e-32,2.51112671086283e-31,62.9813547014074
"NEDD9",-1.91733039657728,11.341743728223,-12.6572386886077,1.4910017104628e-32,2.55085542631678e-31,62.9649482077225
"MNX1",3.20957164390326,4.18490522648084,12.6570211875453,1.49423288614186e-32,2.554254883638e-31,62.9627997287655
"SLC12A4",-1.11460990291263,9.96115801393729,-12.6517715711892,1.57437094562213e-32,2.68453783335733e-31,62.9109502270559
"MFSD9",1.00395463880205,7.69603188153311,12.6440706382289,1.69973419229192e-32,2.89589568197121e-31,62.8349113966444
"PPP1R14D",4.80275006417645,5.45897404181185,12.6337057704402,1.88428915928744e-32,3.20500881857259e-31,62.7326100544423
"FANCG",1.15603758762548,8.1276775261324,12.6326246633904,1.90465251233098e-32,3.23687546276032e-31,62.7219422372594
"GKN2",-5.37742868520656,5.10900522648083,-12.6325441636105,1.9061775131404e-32,3.23687546276032e-31,62.7211479267359
"MSL3L2",2.28512632548957,7.05791010452961,12.6306974962439,1.94149683136661e-32,3.28905960623931e-31,62.7029272021223
"STOM",-1.36659435247656,12.451581184669,-12.6306862100244,1.94171468230007e-32,3.28905960623931e-31,62.7028158476979
"LPL",-3.16641445120951,9.3654193379791,-12.6300349151943,1.95432753606363e-32,3.30769532690737e-31,62.6963900033812
"LMOD1",-2.02302117821295,8.37019459930314,-12.6280346954087,1.99357560616881e-32,3.37134326150295e-31,62.676656481033
"NME4",1.32886274477539,10.5452231707317,12.6277232068919,1.99975781557425e-32,3.3790146463983e-31,62.673583594356
"MTBP",1.6768466875103,6.2227031358885,12.6269541669456,2.01510304765044e-32,3.40214355002168e-31,62.665997068614
"GALNTL4",-1.58346703636664,9.01945452961672,-12.6203085824888,2.15268670431776e-32,3.63144273127721e-31,62.600449684663
"LIFR",-1.96117950633538,10.2335085365854,-12.6193108910458,2.17413410168013e-32,3.66425289398501e-31,62.5906108351428
"C21orf45",1.14381216060557,7.72445278745644,12.6192381583815,2.17570593169397e-32,3.66425289398501e-31,62.5898935907124
"GCNT3",4.00724087872308,7.93366881533102,12.6133340464318,2.30714681720275e-32,3.88243640632561e-31,62.5316786752385
"GPR4",-1.47888734572981,7.15093728222996,-12.6067253581244,2.46367006318362e-32,4.14243623236362e-31,62.4665348225582
"NRN1",-2.22188783281226,6.92996724738676,-12.6050319121508,2.50545197891457e-32,4.20924133609787e-31,62.4498451113453
"SOX5",-2.20008711206189,3.92114407665505,-12.6042774043478,2.52429419576136e-32,4.23742925911535e-31,62.4424094875916
"SERPING1",-1.52190862925787,12.6329092334495,-12.5949372604126,2.76956318667335e-32,4.64535393973887e-31,62.3503838133613
"ROR1",-2.36154640776701,6.02249094076656,-12.5896980112532,2.91738519012537e-32,4.88929942475705e-31,62.2987799181254
"C12orf48",1.83977775547147,6.5287869337979,12.5883829667459,2.95570531277162e-32,4.94948042995117e-31,62.2858293152955
"PCOLCE2",-3.29273973342112,6.34200243902439,-12.5870671372676,2.99454983374549e-32,5.01044075687001e-31,62.2728717476716
"PRDX4",1.354166407767,11.032475087108,12.5864697312693,3.01235316854345e-32,5.03202689586631e-31,62.2669890736035
"CRY2",-1.26881745598158,9.91818919860627,-12.5811732200769,3.17487516096065e-32,5.29920219955465e-31,62.2148410826711
"CHRNA5",2.85860971202899,6.1005618466899,12.5810598365876,3.17844809446258e-32,5.30085616403872e-31,62.2137248758116
"DTYMK",1.26701408589766,9.0154843205575,12.5804488142162,3.19777161819693e-32,5.32875416571291e-31,62.2077097473618
"CCDC99",1.21355570840877,7.6328292682927,12.5775182220556,3.29208939111902e-32,5.47703364665102e-31,62.1788622207896
"CHTF18",1.78873164719435,7.94109111498257,12.5758747601566,3.34618910798705e-32,5.55803093745746e-31,62.1626863323398
"HYAL1",-2.82206310679614,7.94640958188153,-12.564820555653,3.73379749803919e-32,6.19218952748162e-31,62.0539156596197
"TMOD1",-1.53875236136253,7.49143919860627,-12.5648147077194,3.73401394789198e-32,6.19218952748162e-31,62.0538581317231
"AGAP11",-2.28204943886788,4.11498780487805,-12.5460589886639,4.49662084296635e-32,7.44480854081444e-31,61.8694305615698
"PGM5",-2.47134765838409,7.2196606271777,-12.5408206283879,4.73604906434182e-32,7.8348982506799e-31,61.8179489783514
"B3GNTL1",1.26931723876914,6.81358972125436,12.5397204658576,4.78792424801121e-32,7.91433855166427e-31,61.8071383471182
"C8orf12",-1.34544868191543,0.529729616724739,-12.5356931990397,4.98269072874656e-32,8.22965733396354e-31,61.7675694304133
"ANO6",-1.04517289122923,10.7825865853659,-12.5355479482436,4.98986080720693e-32,8.23487478874263e-31,61.7661424394842
"WFDC12",-2.95608657890408,1.72123153310105,-12.5311313927872,5.21285073645473e-32,8.59596992927034e-31,61.7227572537297
"LOC283392",-2.3595817936482,1.38041463414634,-12.5295851852558,5.29323998533844e-32,8.72152623587465e-31,61.7075704345368
"KRT80",2.28280758268885,9.69380766550523,12.5241476919937,5.58586893661942e-32,9.18893343499973e-31,61.6541719496916
"KCNA5",-2.2625642389337,3.57881254355401,-12.5227194492629,5.6653673836833e-32,9.3122491903137e-31,61.6401481882047
"WNT7A",-4.01339042619716,3.85590017421602,-12.5226347180397,5.67011890378925e-32,9.31260328758346e-31,61.6393162500475
"SHROOM4",-2.05438861938458,8.79350557491289,-12.5223698907992,5.68499536033442e-32,9.32957272163594e-31,61.6367160499266
"PDLIM1",-1.04766987987495,11.5915869337979,-12.5196880853087,5.83784999017661e-32,9.57276839443497e-31,61.6103865678404
"ATAD2",1.61563815369427,9.54233013937282,12.5072375633215,6.60283715024322e-32,1.08099080298639e-30,61.488191650877
"GNG11",-2.02331796610171,9.26253170731708,-12.5029207734325,6.89072917263333e-32,1.12722446146743e-30,61.4458409419729
"STYK1",2.31787786736879,6.87661045296168,12.5027109000319,6.90504007789658e-32,1.12866618470714e-30,61.4437821504724
"WDR62",2.25047930228733,7.08351080139373,12.5022916570432,6.93371617744297e-32,1.13245181482024e-30,61.4396695687002
"C8orf30A",1.10005997038013,9.31475540069686,12.4997120172729,7.11279018919912e-32,1.16077569621827e-30,61.4143662139411
"PLA2G1B",-4.26585580055952,4.58803083623694,-12.4973903428507,7.27788927027775e-32,1.18677574836221e-30,61.3915957538983
"EFEMP1",-2.01103959190392,11.0102581881533,-12.4952409845458,7.43413296743667e-32,1.2112916652498e-30,61.3705174821275
"ENDOU",-1.70309332565412,1.6911531358885,-12.4851817450608,8.21092349874667e-32,1.33679825082688e-30,61.2718962916221
"TNS3",-1.21702104986014,11.6600209059234,-12.4835832887663,8.34158904366984e-32,1.35699542841951e-30,61.2562291367662
"CYP27A1",-1.94867686687512,10.2687735191638,-12.4796907639785,8.66850532058394e-32,1.4090610786349e-30,61.2180816262039
"PCDHGB7",-2.23000375514236,6.66988554006969,-12.4632729252263,1.01936533996287e-31,1.65435339363144e-30,61.0572584035242
"WNT3",1.83227239427351,5.41922421602788,12.4588059372188,1.06529892663158e-31,1.72753451530381e-30,61.0135223606521
"PCDHGC3",-1.30294417311174,10.6238228222997,-12.4577112353448,1.07686643913165e-31,1.74491460105546e-30,61.0028055617437
"NEXN",-1.73104417311175,7.78412613240419,-12.4570369410955,1.08405371987256e-31,1.7551753051249e-30,60.9962046941208
"WISP2",-2.46534639789372,7.36600435540069,-12.4530846127957,1.12715199636326e-31,1.82351698072008e-30,60.9575182871475
"ATAD5",1.6881888596347,6.4768743902439,12.452473989569,1.13396098074659e-31,1.83308810509665e-30,60.9515419768124
"CEP72",1.39750923811092,6.73682891986062,12.4500046087367,1.16191686824555e-31,1.87680199095839e-30,60.9273752892627
"CRTAC1",-4.04361160441011,8.0446599303136,-12.4459468977091,1.20935175503763e-31,1.95188612664485e-30,60.8876703129186
"CD300LF",-2.13768452525919,7.24867822299652,-12.4456478855206,1.21292253528591e-31,1.95611151998583e-30,60.8847447518956
"RGS17",3.16294378476224,4.77469216027874,12.4433032156731,1.24128863247985e-31,2.00028694072302e-30,60.8618056966275
"C21orf34",-2.10157354944876,3.55029947735192,-12.4414450228191,1.26423752082336e-31,2.03567029823558e-30,60.8436278443629
"DARS2",1.1303164719434,9.22272055749128,12.437395746524,1.31571987362334e-31,2.11690666187204e-30,60.8040210157718
"ANKRD34C",-1.28497732762878,0.504663240418118,-12.4326731113467,1.37840487844066e-31,2.21602601052363e-30,60.7578372645454
"TRIM59",1.43220860622019,7.59004128919861,12.4289363311221,1.43010375159403e-31,2.29734194211467e-30,60.7213015521046
"C19orf48",1.34009425374363,9.52270191637631,12.428662539171,1.4339667230549e-31,2.30174642879727e-30,60.7186248472592
"FAM71A",-1.61603262135925,0.547375261324042,-12.4278376671298,1.44566786250205e-31,2.31871572009118e-30,60.7105607571466
"KHDRBS2",-3.11425206187267,3.41228449477352,-12.4245937729535,1.49261288646292e-31,2.39214227627508e-30,60.6788508736647
"SRM",1.03419618232681,10.1867209059233,12.4174001309675,1.60220154886328e-31,2.56377223680149e-30,60.6085481737379
"SNX22",-1.16360000000001,7.86360348432055,-12.4164518195838,1.61723335148654e-31,2.58581002383323e-30,60.5992821725325
"ADCK5",1.61377771597829,7.56344059233449,12.4162961552458,1.61971418393365e-31,2.58776126040139e-30,60.5977612068281
"PROM2",2.31577174592729,10.1323987804878,12.4088481707431,1.74294662496935e-31,2.78248010969057e-30,60.5250012222929
"LIMD1",-1.26942837584336,10.4486020905923,-12.4082003646433,1.75409630547651e-31,2.79810389677023e-30,60.518673937016
"DGCR5",3.12038242553894,6.05460557491289,12.4067941042446,1.7785450173171e-31,2.8349013358323e-30,60.5049392915609
"ATP1A2",-3.02089264439693,4.75274773519164,-12.4055231259662,1.8009334356117e-31,2.86836023530707e-30,60.492526688152
"CCNE2",2.03875558663816,6.9354987804878,12.4050453167089,1.80942245846268e-31,2.87964674978595e-30,60.4878605058655
"SYT7",2.84354391311505,9.35869547038327,12.3996538787179,1.90801460842551e-31,3.03420138737225e-30,60.4352160515007
"REM1",-1.78811976962318,4.40567142857143,-12.398549709857,1.92885664807444e-31,3.06497112886751e-30,60.4244360692972
"NME2",1.15726923481982,12.7222012195122,12.3954133457942,1.98930213567529e-31,3.1585748527002e-30,60.3938188139141
"BPHL",1.20225859141025,8.61926114982579,12.3935829634954,2.0254455391825e-31,3.21050108230248e-30,60.3759526426516
"PEBP4",-4.76482307717629,6.70597317073171,-12.3935201593115,2.02669722487287e-31,3.21050108230248e-30,60.375339644509
"CCL14",-2.91813313806157,7.17734146341463,-12.3915057337147,2.0672556698306e-31,3.27222505024073e-30,60.3556788597409
"TPBG",1.62174379463553,9.26295226480836,12.3875905014298,2.14841020468127e-31,3.39022763275223e-30,60.3174714774329
"AGTR2",-4.82975826230052,4.7723362369338,-12.3748017856856,2.43624214167175e-31,3.83264759912038e-30,60.1927193788078
"NTNG1",-3.39866092479846,4.07551777003484,-12.3722730161323,2.49754669098382e-31,3.92307831414674e-30,60.1680603945768
"PDE1B",-1.92405602764523,6.2674094076655,-12.3707732821607,2.53462733433896e-31,3.97827975336229e-30,60.1534372977564
"HOXA4",-2.03499031429984,5.01311167247387,-12.3697506440348,2.56022557757332e-31,4.01538816711843e-30,60.1434666918437
"GFI1B",-1.91788201744283,1.43108101045296,-12.3666880444171,2.63843672475256e-31,4.13489358466948e-30,60.113609538905
"CACNB4",-2.37578223136418,5.42795905923346,-12.3662931674128,2.64869245170936e-31,4.1477998500071e-30,60.109760210521
"NOP2",1.09495194010204,9.62916393728224,12.3630809421083,2.73360800940422e-31,4.27751314276438e-30,60.0784495277918
"TM6SF1",-1.60140289945698,7.04042665505226,-12.3608758234404,2.79346371750407e-31,4.36784540139822e-30,60.0569581852195
"RSPO4",-3.14312242553895,4.79679181184669,-12.360475888132,2.80445847394965e-31,4.38169957916181e-30,60.0530606065308
"RANBP3L",-2.49372379463553,3.03709634146341,-12.3598366019958,2.82212282483335e-31,4.40594536835199e-30,60.0468305801953
"ID4",-2.41187103834131,7.97337125435539,-12.3585350846003,2.85842849524586e-31,4.45923533490862e-30,60.0341474961173
"WDHD1",1.65856636169164,7.69964756097561,12.35470113838,2.96809989029562e-31,4.62681023141755e-30,59.9967907740104
"CKS1B",1.55194598650651,9.40501184668989,12.3491532352345,3.13425523336325e-31,4.8784124291848e-30,59.9427456788246
"GPI",1.06527126213593,12.580574738676,12.3480120116418,3.16956531197091e-31,4.92963453445173e-30,59.9316301495991
"MRPL12",1.18864044758928,10.1294275261324,12.3456514297982,3.24386443613661e-31,5.04137296547197e-30,59.9086399446255
"HPCAL1",-1.16519823597171,10.7036763066202,-12.3448338311177,3.27000040535872e-31,5.07430901904872e-30,59.9006777713649
"MMP19",-1.44616154681588,8.88744843205576,-12.3411445931151,3.39056431626243e-31,5.25742336955193e-30,59.8647539738737
"TTYH3",1.37179106137898,11.3721254355401,12.3397202873646,3.43828533439159e-31,5.32739606906108e-30,59.8508865202284
"NEBL",-2.00588687510286,10.1260405923345,-12.3392386567435,3.45457302816737e-31,5.34859609866335e-30,59.8461974345125
"C1orf106",1.99244629257859,10.2379003484321,12.338651342389,3.4745386691881e-31,5.37545432392101e-30,59.8404795707098
"ACOXL",-3.07227390488731,5.12108850174216,-12.3367459951448,3.54010463499029e-31,5.46864922169681e-30,59.8219309368482
"CD83",-1.67311184136911,9.09394442508712,-12.3322210073843,3.70079345386511e-31,5.71257816600381e-30,59.7778866427262
"SEMA4B",1.50117446437388,11.6916318815331,12.327680808473,3.86931748562781e-31,5.9682259939849e-30,59.7337036977108
"SMUG1",1.01408161263782,9.20601114982578,12.3266217546396,3.90971364657595e-31,6.02600759491023e-30,59.7233988715484
"GFPT1",1.02709041961495,11.7621912891986,12.3245831345049,3.98865942918751e-31,6.14307412462262e-30,59.7035640949306
"MC1R",1.77384172453515,7.26074355400697,12.3244442104871,3.99409666002538e-31,6.14683691381716e-30,59.7022125014097
"ITGA11",2.85151687674842,8.5900099303136,12.3219748893654,4.09198158670191e-31,6.29276269475582e-30,59.6781899188926
"KIAA0408",-4.92216298173447,4.94186515679443,-12.3136502891684,4.43990271356535e-31,6.81249646558271e-30,59.5972253183122
"RDX",-1.08379573802864,10.9709608013937,-12.3118930935964,4.51702514401305e-31,6.92565542991695e-30,59.5801389894139
"HLA-E",-1.28406567056114,13.526843902439,-12.3116329400082,4.52855590783636e-31,6.93815319312541e-30,59.5776094710666
"CAMK2A",-1.90732238604576,3.16344337979094,-12.3111542620996,4.5498489022793e-31,6.96557777507785e-30,59.572955283999
"MAST1",2.56169569524439,4.23427195121951,12.3088686884828,4.65289972991914e-31,7.11273503017423e-30,59.5507340914556
"TIMP1",1.55974027645221,12.9707524390244,12.3045761456019,4.8527587035744e-31,7.41273334705226e-30,59.5090068751744
"TTC28",-1.40064816521311,8.9331768292683,-12.3039339301072,4.88338592549978e-31,7.45397123052123e-30,59.5027647139359
"SOCS2",-2.18076909330264,8.45510017421603,-12.3033452855724,4.9116272989105e-31,7.49150879989841e-30,59.4970434141785
"ALG1L",3.1970446634853,6.16360993031359,12.3027216756835,4.94172354162557e-31,7.53181769187625e-30,59.4909824439297
"IKBKE",1.18265182162252,8.42052055749129,12.3016407480642,4.99432597840011e-31,7.60634364514498e-30,59.4804771478659
"FAM83D",2.16044144150076,7.67460905923344,12.2989038179699,5.1300216274975e-31,7.80143288981656e-30,59.4538799285906
"GMFG",-1.59774356425869,8.67337595818815,-12.2953737905489,5.31047040438505e-31,8.06987101421355e-30,59.4195805454209
"CCT5",1.15272495310187,12.2941799651568,12.2921498567938,5.48078513202554e-31,8.3225235769589e-30,59.3882603107524
"CCRL2",-1.82091446766498,7.18161202090592,-12.2904719578343,5.57156541231942e-31,8.45411957981654e-30,59.3719615585152
"HTR3A",4.23137636991941,4.95760836236933,12.2901311670204,5.59018543909971e-31,8.47610835042223e-30,59.3686513473935
"LRRTM4",-2.29025490867206,1.90951219512195,-12.2894225306533,5.62910221987531e-31,8.52881686893285e-30,59.3617683046407
"KLB",-3.14773986177393,4.64322526132404,-12.2892575512505,5.63820115882009e-31,8.53630308190092e-30,59.3601658793871
"LRRC8C",-1.28352561132138,8.65009285714285,-12.2862177232717,5.80849779302537e-31,8.78765362496764e-30,59.3306426322814
"ALDOA",1.13507962810598,14.6106144599303,12.2861251032692,5.81376612052877e-31,8.78914716159467e-30,59.3297431601764
"TUBG1",1.06564061543526,9.86621968641116,12.2844268812508,5.91121024671085e-31,8.92988567807018e-30,59.31325170561
"FLJ37543",-1.15936114530197,0.769094773519164,-12.2793782138523,6.21060718102437e-31,9.37527686959047e-30,59.2642318700894
"PPFIBP1",-1.30282275135759,9.7224775261324,-12.2788466764217,6.24299358303212e-31,9.41724160614618e-30,59.2590716109545
"MCM6",1.3340088662169,9.87886236933797,12.2707361385787,6.75853546723927e-31,1.01874253408533e-29,59.1803492148157
"PUS1",1.15617455652461,8.60617160278746,12.269675762212,6.82899694276255e-31,1.02860827024883e-29,59.1700592432438
"KCTD12",-1.60112319236467,11.1756369337979,-12.2642739821414,7.19945174084295e-31,1.08361249442453e-29,59.117648009642
"BRIX1",1.1449514365641,9.64267665505226,12.2625782670902,7.31981822462116e-31,1.1009221109998e-29,59.101197963632
"HMGCLL1",-2.47150488398883,3.86780261324042,-12.2616717033328,7.3849880187927e-31,1.10991071761211e-29,59.0924039784633
"MMP12",4.09307498107623,7.49129041811847,12.2569098327986,7.73690437601071e-31,1.16110121958699e-29,59.046218397105
"PIK3R1",-1.1916069507981,9.93485156794427,-12.2557940318216,7.82174992844224e-31,1.17297681541942e-29,59.0353977100587
"CSF3",-4.01684936975485,4.12221202090592,-12.2524963568961,8.07795589134679e-31,1.21051412006825e-29,59.0034212550333
"CD68",-1.6413183840711,12.2283343205575,-12.2486335902765,8.38870489794948e-31,1.25524862649346e-29,58.9659716809125
"TPI1",1.06736999506336,13.1668357142857,12.2482080180082,8.42366038195712e-31,1.2595611627209e-29,58.9618461736163
"ARHGAP11A",1.79044524271847,7.99770993031358,12.2473927989856,8.49102582559889e-31,1.26871004512042e-29,58.953943655473
"SH3BP5",-1.48075894684879,10.1646783972125,-12.2424592962313,8.91029843340602e-31,1.33038855882055e-29,58.9061261354111
"CTDSPL",-1.14448653611981,10.1107794425087,-12.2392758484758,9.19171527262001e-31,1.37140926269541e-29,58.8752768355788
"TMC2",-2.23572210630247,1.70941428571429,-12.233740330104,9.70227686001462e-31,1.44548435367272e-29,58.82164588616
"LOC723809",-3.91033044265267,4.44036010452961,-12.2311398333381,9.95177900982998e-31,1.48158102300079e-29,58.7964558322086
"LAD1",1.8066147112062,11.1407783972125,12.2300304234417,1.00601537824641e-30,1.49663012430426e-29,58.7857103402007
"SNHG1",1.43547595194999,9.10445923344948,12.2278276495795,1.02788292569864e-30,1.52805477658169e-29,58.764376462962
"ZNF692",1.59301217706106,8.77938745644599,12.2264282998785,1.04201970297606e-30,1.54794967453679e-29,58.7508249207392
"NPNT",-2.43848371894029,10.2286296167247,-12.2216700396544,1.09155284032569e-30,1.61802020302429e-29,58.7047519022675
"RMST",-1.7068630047721,0.869403135888502,-12.2172086076234,1.14012203912583e-30,1.68879548796922e-29,58.6615625301037
"HOXA5",-1.77292427842687,5.77894738675958,-12.2155332632364,1.15891093937527e-30,1.71538872280997e-29,58.645346563045
"TOX2",-1.82328501892383,6.95975801393728,-12.2082247123466,1.24454644578732e-30,1.84081689711913e-29,58.5746209876653
"CNFN",2.35426487082444,4.87538275261323,12.2041290232451,1.29525992864653e-30,1.91444826026734e-29,58.5349974401146
"UBASH3B",-1.91471014974495,7.92319634146342,-12.2021417936904,1.3206019150024e-30,1.95050052625894e-29,58.5157748912501
"SLC7A7",-1.65908801711372,9.45156236933797,-12.1959807698894,1.40234860363636e-30,2.06826270349529e-29,58.4561907357847
"PREX2",-2.72233146947509,4.74266463414634,-12.1878535325801,1.51793391514182e-30,2.23712729920039e-29,58.3776180516325
"NIPSNAP1",1.02587768964951,10.5294184668989,12.1850708828895,1.55964885814591e-30,2.29695775163096e-29,58.3507229552184
"L1TD1",-2.30005027480667,3.31657282229965,-12.1804589567301,1.63131353164855e-30,2.39905922670091e-29,58.3061553266599
"MDGA1",-2.14509630738853,6.60047404181184,-12.1707387875928,1.79326460016752e-30,2.63345652656933e-29,58.212256349433
"CD302",-1.6621276419286,10.3739097560976,-12.1689344059023,1.82504294500242e-30,2.67820812443887e-29,58.1948304740977
"SOBP",-1.95474378805333,6.1494386759582,-12.1653937917154,1.88903712233205e-30,2.76816075099764e-29,58.1606412928104
"MMP13",4.88074483462239,6.20037735191637,12.1643079134056,1.90910745549522e-30,2.79557603861033e-29,58.1501569145673
"SHANK3",-1.41388793812738,8.84881149825785,-12.1595995040614,1.99861682106316e-30,2.92456189140604e-29,58.1047026255115
"DBF4",1.30025030442654,7.8130263066202,12.1571433179254,2.04695531203891e-30,2.99316186297428e-29,58.0809950777402
"AP1S1",1.06980108606221,10.0122864111498,12.1539570462281,2.11139953089025e-30,3.08272789466829e-29,58.0502448151227
"YDJC",1.23411652460096,8.51695296167248,12.1538931553,2.11271220058367e-30,3.08272789466829e-29,58.0496282612496
"APBB1",-1.57498472272504,8.67625818815331,-12.1530525662636,2.13005832257219e-30,3.10583077858005e-29,58.0415166703815
"AIMP2",1.00130619713675,8.95337770034843,12.1390278479971,2.44129033192936e-30,3.55458797975247e-29,57.9062284686208
"TUBB6",-1.38299513904888,10.2215221254355,-12.1380845299057,2.46377900337721e-30,3.58478971930079e-29,57.8971321395868
"NTRK3",-2.30482772420604,3.35133728222996,-12.1316643594055,2.62240905939072e-30,3.81289362530394e-29,57.8352341064218
"PTGES",2.41753174263619,8.93041777003485,12.1247176623996,2.80551233381352e-30,4.07047125181566e-29,57.7682815046873
"LRRC18",-2.84605175250949,2.64526463414634,-12.1221263122235,2.87702711924556e-30,4.16833922075592e-29,57.7433117448075
"P2RX2",-2.4832751291756,1.99878118466899,-12.1205891699997,2.92030254909119e-30,4.22805439582807e-29,57.7285016227172
"C5orf23",-2.10105886457135,7.69987142857143,-12.1204637780817,2.92386117252222e-30,4.23022338772947e-29,57.7272935403668
"DNAJC22",2.97454124732601,5.31972961672473,12.1155783603771,3.06592039392851e-30,4.43262997798256e-29,57.6802309687168
"PLEKHO2",-1.22046402830345,10.1513047038328,-12.1138898965559,3.11659815680179e-30,4.50272766777908e-29,57.6639681396966
"DOCK11",-1.66733957873952,8.75645557491289,-12.1138041487622,3.11919392622331e-30,4.5033088119103e-29,57.6631422757728
"MAPK4",-3.9631637255225,4.54720487804877,-12.1120362614619,3.17319366896633e-30,4.57583428904388e-29,57.6461159681347
"ZNF239",1.48211393450717,6.62653222996516,12.1120137891685,3.17388603390087e-30,4.57583428904388e-29,57.6458995496645
"RAB40A",-1.71407666940926,3.22154111498258,-12.1028282318719,3.46985680392191e-30,4.99202243759754e-29,57.5574583140849
"ATAD3A",1.13304230047722,9.46804756097561,12.0969750290035,3.67261914851398e-30,5.27633807690637e-29,57.5011226707434
"ITPKA",3.95240120125066,6.03653885017422,12.0968765741581,3.67612868776267e-30,5.2776868503334e-29,57.5001752049183
"KRT27",-2.21986468981408,1.56167735191638,-12.0939068186318,3.78357210642898e-30,5.42814362997813e-29,57.4715983420658
"COL3A1",2.37977070594045,14.5851109756098,12.0864261388315,4.06826781939594e-30,5.83250966006974e-29,57.3996329350554
"PAQR4",1.38360700016457,9.07593362369339,12.0827690630636,4.21510580270754e-30,6.03459708016638e-29,57.3644608481648
"NDRG2",-1.84249458614449,9.4307212543554,-12.0825160015807,4.22545959063024e-30,6.04224995531114e-29,57.362027251597
"TMEM150B",-2.35707081454667,4.93657090592334,-12.0824945720216,4.2263375235396e-30,6.04224995531114e-29,57.3618211730192
"MFSD2B",1.7580699522791,5.31068275261324,12.0813298437957,4.27432850023436e-30,6.10660849755125e-29,57.3506208235037
"N4BP2L1",-1.46959689649499,7.88427787456445,-12.08075985312,4.29801138310305e-30,6.13197283576394e-29,57.3451398684094
"LMOD3",-1.5181689978608,2.91705261324042,-12.0807587829198,4.29805597207224e-30,6.13197283576394e-29,57.3451295776493
"MT1M",-2.95589164061217,5.24618101045297,-12.0780652681192,4.41174999022216e-30,6.28980745133756e-29,57.3192311703373
"RASGRF1",-3.53372313312493,7.14794843205575,-12.0775287272295,4.43475244309102e-30,6.31821427180143e-29,57.3140726863745
"APOLD1",-1.72741006417642,8.59385958188154,-12.0702331325613,4.75963121186944e-30,6.77636815393063e-29,57.2439438840664
"NES",-1.78247682409085,9.89374790940767,-12.0602429610648,5.24324319624834e-30,7.45455559688216e-29,57.1479542997849
"HYOU1",1.08188175086392,12.3144592334495,12.0574572843761,5.38660573336556e-30,7.64250281313027e-29,57.1211968137486
"APBB2",-1.16490936646373,9.52798972125435,-12.0573543233263,5.39197863122558e-30,7.64484263115063e-29,57.1202079039991
"ZNF705A",-1.01329943722232,0.518866898954704,-12.0560271079801,5.46171703421025e-30,7.73837479036138e-29,57.1074608510878
"REEP1",-2.57017356261316,5.36054024390244,-12.0543179237035,5.55284957821735e-30,7.85151933773097e-29,57.0910464595855
"LOC344595",-1.43414876090177,6.04939425087109,-12.0543142461311,5.55304728611075e-30,7.85151933773097e-29,57.0910111429926
"WFDC1",-2.25526198124077,6.2020743902439,-12.048951834515,5.8489132572868e-30,8.26415617151398e-29,57.0395214559431
"PFKP",1.88070733256543,11.1021552264808,12.0379995057702,6.5028102441433e-30,9.17544290805925e-29,56.9343999158287
"MRAS",-1.21009857495476,8.78961149825784,-12.0378272571413,6.51365483846282e-30,9.18443226879407e-29,56.9327471106576
"RNF122",-1.15834325489552,7.64765888501742,-12.0370193119374,6.56476287186455e-30,9.25014287984758e-29,56.924994691016
"ABCG1",-1.56658653611981,9.61026602787457,-12.0351029159924,6.68758917505794e-30,9.41674936652534e-29,56.906607670681
"LRCH1",-1.05097073885142,8.72289146341463,-12.0344892178444,6.72740383171576e-30,9.46631944243485e-29,56.9007198611377
"RBP4",-3.32965175250949,5.93507264808362,-12.0319557194843,6.89428048173318e-30,9.6944916636974e-29,56.8764154133337
"C6orf134",1.20716715155505,7.77767195121951,12.0279700802818,7.16518118906162e-30,1.00685263389073e-28,56.8381864034468
"WNT2B",-1.64615877571172,4.04291010452962,-12.0258398995896,7.31428419897011e-30,1.02710160468438e-28,56.8177574673297
"SNCA",-1.87705489221657,5.47474721254355,-12.0216300241717,7.61809576376713e-30,1.06830263681789e-28,56.7773901082496
"SH2D1B",-2.1571858746092,3.55142543554007,-12.0202966181861,7.716916485248e-30,1.08142181189175e-28,56.7646061946612
"MS4A15",-4.86228991607706,6.26856707317073,-12.0031799393316,9.10466526623228e-30,1.2732886779002e-28,56.600576646927
"CPXM1",2.39860427513578,7.40543919860628,11.9963665725455,9.72379198790601e-30,1.3589479204337e-28,56.5353228105557
"OR7E37P",-1.45653789369756,0.803043728222997,-11.9942028534918,9.92903801121159e-30,1.38668809775628e-28,56.5146047973222
"OGN",-3.35169630409745,5.93417874564459,-11.992865156173,1.00580795284723e-29,1.40375508306959e-28,56.5017972131028
"C8orf85",-3.09560968899131,4.14956829268292,-11.9869534069338,1.06486340564982e-29,1.48315099850684e-28,56.4452062723202
"STK39",1.37873971038343,9.89016324041813,11.9858877715678,1.07586977143591e-29,1.49746484119181e-28,56.4350071221595
"KIAA1683",-2.44286285009053,6.50057857142857,-11.9813861488413,1.12362728750917e-29,1.56076239597857e-28,56.3919282686261
"DLG5",1.17163548132303,10.3459043554007,11.9782162002152,1.15851701142292e-29,1.60813754188725e-28,56.361598848665
"LDB3",-2.03849385881193,4.31004790940766,-11.9745153170582,1.20061630287291e-29,1.66544950662033e-28,56.3261956318109
"C1orf135",1.96834496626627,5.17648989547039,11.9739556114956,1.20711437035085e-29,1.6733327497166e-28,56.3208419724049
"KCNN4",2.88005332565413,9.04313013937281,11.9718879523068,1.23142431782168e-29,1.70587997603773e-28,56.3010658314502
"EPB41L5",-1.275674569689,9.41548606271777,-11.9701838496901,1.25182553465741e-29,1.73297223375028e-28,56.2847684668959
"PDGFB",-1.49013753825902,8.82578414634147,-11.9653737876438,1.31124290419221e-29,1.81400382904758e-28,56.2387744281471
"PFDN6",1.00472794800067,9.17992909407666,11.9618885271901,1.35604059209627e-29,1.87471470408999e-28,56.205455123134
"ITGA8",-2.96039004442984,6.13860261324042,-11.9594963025828,1.38766700545573e-29,1.9171469462992e-28,56.1825886745182
"HLX",-1.38980183643246,7.41315574912892,-11.9566788857057,1.42585694027538e-29,1.9685839262847e-28,56.1556614752193
"GJA5",-1.75012720421262,9.22557578397213,-11.9564857530063,1.42851281555693e-29,1.97092527576504e-28,56.1538157667255
"TXNDC17",1.4396370182656,10.2780519163763,11.9511004361834,1.50458441740805e-29,2.07309517378438e-28,56.1023571859011
"COL24A1",1.9381115945368,5.1183149825784,11.9406109926259,1.66451516985518e-29,2.29191793676237e-28,56.0021668236655
"TSPAN7",-2.77121671219354,8.63750418118466,-11.9359484048373,1.74093019784384e-29,2.39392477975445e-28,55.9576488751014
"GUCY1A2",-1.81318694092481,4.533906271777,-11.9238350379695,1.95616120075475e-29,2.68628691983244e-28,55.8420404154245
"SELPLG",-1.62450267895344,9.61145209059235,-11.9191458733699,2.04641222748322e-29,2.80646914029596e-28,55.7973065614997
"PHLDB2",-1.89487776863585,8.8140512195122,-11.9157024876492,2.11531283860218e-29,2.89708956481006e-28,55.7644639715641
"ZNF138",1.06346192529209,7.38574459930313,11.9120417790637,2.19109427016618e-29,2.99887769110077e-28,55.7295548448569
"RPL36A",1.46181714332731,6.053543728223,11.9076456529856,2.28567686216228e-29,3.12416417977308e-28,55.6876411870123
"BRI3BP",1.29731476715486,6.69911114982578,11.8965819999765,2.54207144248683e-29,3.46768948267472e-28,55.5821990599236
"LHFPL3",-3.20228618397239,3.23310087108014,-11.8949397880476,2.58249316482813e-29,3.52049035019399e-28,55.5665529958658
"KIAA1024",1.65742761559982,4.7203224738676,11.8922248908491,2.65072519870331e-29,3.61110738748368e-28,55.5406898505057
"DUS4L",1.01691071581373,7.2738799651568,11.8920204875024,2.6559343659031e-29,3.61580454456171e-28,55.5387427704082
"BET3L",-1.18410579562285,0.852837630662021,-11.8910814699405,2.67999614930771e-29,3.64614452917742e-28,55.5297982524445
"FAM101B",-1.32556327135101,8.47882020905924,-11.8874568802675,2.77492564635214e-29,3.77029937257508e-28,55.4952765810636
"GFRA2",-2.12095439855193,4.27782090592334,-11.8842079200959,2.86285642634433e-29,3.88719857360113e-28,55.4643379127156
"ACSS3",-2.32478263616919,6.69280975609756,-11.8834978032253,2.88244132904279e-29,3.90917414304288e-28,55.4575764070264
"KISS1R",3.29633330590754,3.29773362369338,11.8827950124971,2.90195540171283e-29,3.93248477869071e-28,55.4508848985645
"NEGR1",-2.31639393121608,6.04612264808362,-11.8782509440436,3.03133944924155e-29,4.1051054678713e-28,55.407625049334
"CHRDL1",-3.22347937469149,7.93841149825783,-11.8776968344893,3.04750421013207e-29,4.12427563836595e-28,55.402350570882
"VIT",-1.93700867533325,1.34113728222997,-11.8619369194219,3.54495758131985e-29,4.77859350915932e-28,55.2523967460244
"LOC144571",-1.22961499753169,4.6818350174216,-11.8575790631275,3.69623677061596e-29,4.97924809060011e-28,55.2109534713782
"SLC5A7",-2.58503330590754,1.56415365853659,-11.8571857998839,3.71020045223364e-29,4.99478133012175e-28,55.2072139854355
"CLEC12A",-2.52851737370415,5.81900452961672,-11.8444567103459,4.19165281948787e-29,5.63922885872123e-28,55.08621535793
"BCL2L15",2.91561140036204,7.22144006968642,11.8439395760503,4.21247453326259e-29,5.6635299389575e-28,55.0813013088011
"MITF",-1.45626482804016,8.11357177700348,-11.8390967947036,4.41252480269418e-29,5.92689281855193e-28,55.0352892680664
"CARD14",2.77333917722563,6.31003571428572,11.8390587084681,4.41413498274033e-29,5.92689281855193e-28,55.0349274498202
"ARHGAP29",-1.43423746585487,10.0521282229965,-11.8358152264678,4.55342667947859e-29,6.1059340123903e-28,55.0041170424947
"ABHD11",1.31772336350174,9.6190236933798,11.8287963583219,4.87000053723418e-29,6.51342742862656e-28,54.9374610933155
"ENPP6",-1.83252686522957,2.64802543554007,-11.8254291240545,5.02955194385616e-29,6.7180677558469e-28,54.9054920543784
"KCNE1",-2.90850437057761,4.47791271777003,-11.8252124182372,5.03999651658722e-29,6.72764164405303e-28,54.9034348051471
"C18orf56",1.91644033898307,3.30283397212544,11.8204515483407,5.27497891426564e-29,7.03287980253256e-28,54.8582442996753
"DHH",-1.64657781471122,2.27909006968641,-11.8204409048856,5.27551626687781e-29,7.03287980253256e-28,54.8581432836348
"FOSB",-3.81848704294886,9.54080383275262,-11.815026000354,5.55607948915825e-29,7.4020968145632e-28,54.8067580874926
"CPNE7",2.67467330590755,5.8022724738676,11.8077418151847,5.95704248039421e-29,7.92086024109412e-28,54.7376567445799
"C1orf115",-1.90141211782131,8.77237665505226,-11.8067294283846,6.01500223820803e-29,7.99275054695216e-28,54.7280547970254
"SORD",1.28628655915749,8.98431480836238,11.8054406354964,6.08959867443699e-29,8.08664041307836e-28,54.7158320091776
"RAD51AP1",1.87806122099722,7.0359031358885,11.7976695586416,6.55930356913935e-29,8.69351209002136e-28,54.6421490500665
"LOC652276",1.01417958203062,5.40440243902439,11.7938431828701,6.80364965048658e-29,9.01154369835416e-28,54.6058793710078
"CCDC64",1.95037125884484,8.16411620209059,11.7925462187354,6.8885094284163e-29,9.11218418591409e-28,54.5935872537142
"KAZ",-1.79720456804346,7.63100348432056,-11.790266863782,7.04020543880735e-29,9.30086342720174e-28,54.5719864142107
"EXOSC5",1.16185257857497,8.49487108013938,11.7889832882092,7.12708789999152e-29,9.40958936249685e-28,54.5598234286598
"CABLES2",1.18904348198125,8.19759930313588,11.7862879741246,7.31301436293716e-29,9.64885506883675e-28,54.5342856258097
"C10orf128",-1.95778700016457,4.65870487804878,-11.7834775462719,7.5120208313826e-29,9.90506022275433e-28,54.5076609178046
"PPBP",-3.4175824913609,3.16861567944251,-11.782438421368,7.58695753301624e-29,9.99744789170882e-28,54.4978177025178
"C4orf32",-1.21953670561133,8.04375365853658,-11.7786045511905,7.86992735820366e-29,1.03636695743375e-27,54.4615055538604
"BAIAP2L1",1.13773456310681,10.7321897212543,11.778476648922,7.87954635914396e-29,1.03696850482837e-27,54.4602942633394
"STAC",-2.86704020404807,6.53971149825784,-11.7729197689651,8.3089430232029e-29,1.09277770830465e-27,54.4076759118154
"GPR123",-2.39175210794802,1.39148153310105,-11.772120700783,8.37257428896375e-29,1.10044142223064e-27,54.4001107426333
"ELMOD1",-2.00523361197962,2.23169111498258,-11.7705961659138,8.49532340091442e-29,1.11586045694672e-27,54.3856780936484
"GPRIN2",-2.62493358235974,8.02962073170732,-11.767197347663,8.77546362736417e-29,1.15191987384774e-27,54.3535058560193
"HCN3",1.56138693434262,6.53311289198606,11.7590155204549,9.48808837435677e-29,1.2438726329856e-27,54.276082264545
"MIF",1.45446390324174,12.2338513937282,11.7576316008111,9.61419276670242e-29,1.25960036694576e-27,54.262989656844
"PYCRL",1.27408497613955,8.67593519163762,11.7566519053144,9.7044702315487e-29,1.26980735407071e-27,54.2537217905688
"CYP4B1",-4.40258598979764,9.49907682926829,-11.7512443233966,1.02181556675171e-28,1.33531976991805e-27,54.2025748396368
"PCYT1B",-2.55933878558501,3.72004947735192,-11.7496616448884,1.03735529730836e-28,1.35476490163745e-27,54.1876079862378
"H2AFX",1.22218985025507,9.63266236933798,11.7488198935469,1.0457156655053e-28,1.36481516928314e-27,54.1796483309422
"LEPREL1",-2.8983117393451,8.53540174216028,-11.7473128292358,1.06085175100887e-28,1.38369037155096e-27,54.1653983028906
"DERL3",2.20079243376668,8.97604128919862,11.746318183238,1.07096057187293e-28,1.39598860574929e-27,54.1559940514375
"CD97",-1.38994670067469,11.2768817073171,-11.7433006848096,1.10221808496291e-28,1.43582089367314e-27,54.1274669634831
"KCNA10",-1.17731860457464,0.609589895470383,-11.7424416570236,1.11128131936397e-28,1.44670928893737e-27,54.1193466309599
"ANXA8",-3.93926410070761,5.87207334494774,-11.7374155936069,1.16581440939555e-28,1.51578022956875e-27,54.0718428628805
"CA2",-2.41719093302618,8.29110156794425,-11.7357681249767,1.18426245350032e-28,1.538791656352e-27,54.0562745411319
"SLC16A11",-2.41874740826068,4.94213728222997,-11.7341076493428,1.20314994514351e-28,1.56234461567339e-27,54.0405846570652
"GADD45B",-1.57443028797105,10.1393827526132,-11.7327803867191,1.21846244164841e-28,1.58092003594705e-27,54.0280442888713
"KIR3DL1",-2.04880293236795,1.48690017421603,-11.7327345378384,1.21899484505805e-28,1.58092003594705e-27,54.0276111106414
"ERBB4",-3.09555695902587,5.06680034843206,-11.7301243642577,1.249689175488e-28,1.61970446797782e-27,54.0029520112386
"MSH5",1.59893093631728,7.81462665505227,11.7291284151365,1.26160260356686e-28,1.63411365622887e-27,53.9935438630752
"CHEK2",1.37981584663486,7.74661689895471,11.7264142045744,1.29464617655714e-28,1.67480063041702e-27,53.9679067857646
"MCM8",1.35832222807308,7.75068170731708,11.7256150992191,1.30453773053632e-28,1.68653398034702e-27,53.9603595273951
"SUSD2",-3.46908965278923,10.7736722996516,-11.7242802437899,1.32122888598555e-28,1.70703769850745e-27,53.9477530070844
"AQP4",-4.68346343590592,9.56340226480837,-11.7214868620765,1.35684805722939e-28,1.75195538458613e-27,53.9213748476212
"ZNF217",1.14042669738359,10.6133644599303,11.7183444156043,1.39806093396406e-28,1.80290144310817e-27,53.8917050363731
"VIM",-1.38161463551095,14.1333081881533,-11.7143842220401,1.45177602035444e-28,1.87090127235176e-27,53.8543212985029
"ABCB6",1.63079047885471,9.20500296167247,11.7143235995634,1.45261404195261e-28,1.87090127235176e-27,53.8537490899497
"SGCA",-2.63268700674677,5.75131341463414,-11.7100222119989,1.51331945790566e-28,1.94786510788735e-27,53.8131534201938
"MTP18",1.15707618232681,8.57287038327527,11.7061919456575,1.56949614268639e-28,2.01764281836892e-27,53.7770117912419
"RAB40AL",-1.38903732104658,2.57606202090592,-11.7054070251205,1.58126176786237e-28,2.03149587573306e-27,53.7696063322958
"TNFSF13",-1.30014087872307,10.462275261324,-11.7008803246438,1.65084711305102e-28,2.11956793189103e-27,53.7269043893121
"GJA4",-1.50359555372718,7.38236707317072,-11.7000954764252,1.66321805301885e-28,2.13411666427981e-27,53.7195016727221
"CXCL13",3.63205993746918,7.98288397212544,11.6965980741044,1.7194752972094e-28,2.20354730659857e-27,53.6865177506363
"MOCS1",-1.46892090176075,8.22657421602787,-11.6925136373129,1.78757501729862e-28,2.28796228835042e-27,53.6480051774444
"C1orf182",2.04594131643905,2.39778658536586,11.688202375857,1.86236815295271e-28,2.38220674019434e-27,53.6073628061062
"SMAD9",-2.30255469475072,4.88596480836237,-11.6857872377889,1.90561846301261e-28,2.43601164667801e-27,53.5845992589254
"PUSL1",1.14484500575943,8.06551167247386,11.6856751006616,1.90765070587498e-28,2.43709203432566e-27,53.5835423962278
"CGREF1",3.22998067467504,5.69485714285714,11.6842771094698,1.9331679482515e-28,2.46815534686587e-27,53.5703672225864
"SMAD7",-1.10523082112886,9.28667473867596,-11.682590915371,1.96439774429594e-28,2.50646896770638e-27,53.554477208597
"LOC338758",-1.33936407437882,4.67678710801394,-11.6799872321461,2.01360860390447e-28,2.56766364212167e-27,53.529943913334
"P2RY14",-1.68806820470628,6.07892369337979,-11.6788525259324,2.03543688704324e-28,2.59388698268142e-27,53.5192531557467
"TSTA3",1.2565650452526,10.8444245644599,11.6740039238656,2.13139156491517e-28,2.71280029929996e-27,53.4735787158072
"BOLA2",1.12799705775877,10.0900209059233,11.6723859293809,2.16440269376569e-28,2.75310949832773e-27,53.4583395986236
"EDN1",-2.19404758268885,8.68972891986063,-11.67014592404,2.21094527801937e-28,2.81057006549459e-27,53.4372442015107
"CA9",4.9250693039329,5.97192717770035,11.6696453935931,2.22148054858981e-28,2.82221507812802e-27,53.4325307634689
"FAP",2.11781988152051,8.48750574912892,11.667756104413,2.26169856467356e-28,2.8715319438929e-27,53.4147406632178
"FBXL19",1.1761417903571,8.86880679442509,11.666409287636,2.29081008513277e-28,2.90669536760047e-27,53.4020597234398
"FGFR2",-2.41917327628766,8.5986975609756,-11.6619556790122,2.3897546866473e-28,3.02849776030055e-27,53.3601332281577
"SPI1",-1.73328520980748,9.57618832752614,-11.6505408250233,2.66319286909447e-28,3.36878309319221e-27,53.2527182088395
"PILRA",-1.74443548790523,7.72760958188154,-11.6373020439791,3.01949913029336e-28,3.81343431960265e-27,53.1282209966929
"CNTD2",3.18356174099065,4.66576881533101,11.6334862942799,3.13072946234027e-28,3.94802677284064e-27,53.0923539688776
"ARRB1",-1.35370623004773,9.72813101045297,-11.6316373453817,3.18608325941891e-28,4.01536459888706e-27,53.0749769525144
"TCP11L2",-1.22965475728156,7.26273832752613,-11.6312454393024,3.19794057466881e-28,4.02783558269637e-27,53.0712939119872
"TMEM132A",1.80115763699195,9.69220766550522,11.6287331593934,3.27500017653497e-28,4.11983784462395e-27,53.047685918806
"PARD6B",-1.24777398716473,8.47221881533101,-11.6283718283436,3.28623420776768e-28,4.1314383518353e-27,53.0442907355342
"SNX25",-1.44488517360541,9.3113393728223,-11.6230519800892,3.45613722378473e-28,4.33707195625308e-27,52.994311258967
"ZWILCH",1.03166943228568,8.19139285714285,11.6223736282098,3.47842084410858e-28,4.35970573440471e-27,52.9879392213796
"RAB8B",-1.13463487246998,9.42594390243904,-11.6221590152701,3.48550051310834e-28,4.36591369945785e-27,52.985923321774
"SSR4",1.30235109099886,12.3165552264808,11.6213143406996,3.5135041712365e-28,4.39830735582228e-27,52.9779893583024
"RPL23AP32",-1.37627957215732,1.11986097560976,-11.621241782099,3.51592013080899e-28,4.39864962129851e-27,52.9773078375363
"EPT1",1.09714483791345,9.97386533101044,11.6117105862242,3.84807340032391e-28,4.8112635145341e-27,52.8878070748831
"CCDC21",1.00250284021722,8.64256829268292,11.6029741859507,4.17985672891694e-28,5.22291288159858e-27,52.8058095442142
"CENPH",1.33290394931711,7.06922526132404,11.5991369460943,4.33443311956347e-28,5.41276836646217e-27,52.7698062934839
"DDX39",1.05433781142012,9.82806341463416,11.5830246850641,5.04799126067401e-28,6.29618837069486e-27,52.6187119970574
"DAB2IP",-1.0971896725358,10.2007825783972,-11.5766287438329,5.36261369481487e-28,6.68454518242557e-27,52.558769506011
"ACACB",-1.60741420437717,7.8117756097561,-11.5764739408934,5.37046551727992e-28,6.69027045326194e-27,52.5573189537139
"GYG2",2.13445844001976,7.41410017421603,11.5707571051977,5.66857910378306e-28,7.05736379628054e-27,52.5037588248984
"PIF1",2.06717111074545,5.32354947735192,11.5684398856408,5.79404993183615e-28,7.20920273336946e-27,52.4820538341384
"SCARA5",-3.65717724864246,5.28464825783972,-11.5649363256948,5.98902127019146e-28,7.44728084052276e-27,52.4492417210148
"SCN2B",-2.43689134770448,4.31777526132405,-11.5637286452267,6.05772904657339e-28,7.52815843378643e-27,52.4379327832794
"EIF4E3",-1.22949840381768,9.1602362369338,-11.563045288951,6.09695345347225e-28,7.57232029036814e-27,52.4315340364985
"CACNA2D2",-3.94514230047725,9.02200104529617,-11.5612487858642,6.20128103062013e-28,7.69723697452426e-27,52.4147132304073
"RGS9BP",-1.96022562119469,2.90900505226481,-11.5554244181567,6.55187866620153e-28,8.12160279275305e-27,52.360190353038
"LRRC20",1.13858479183809,9.14880679442508,11.5553733325539,6.55503937047823e-28,8.12160279275305e-27,52.3597122076553
"C7orf16",-1.32796692446933,0.682858536585366,-11.5540316026136,6.63859827095886e-28,8.22017023539115e-27,52.3471545019266
"HDHD3",1.11718431792003,9.06959076655052,11.5528061257761,6.71584240406632e-28,8.31080437344674e-27,52.3356856397138
"RICH2",-2.08928862925788,8.59694878048782,-11.5514554969329,6.80201079204915e-28,8.41236635908248e-27,52.3230463934827
"SH3BGRL",-1.01824116175745,11.0507026132404,-11.5512899437023,6.81264823197876e-28,8.42044962086237e-27,52.3214972019601
"MFSD2A",-2.05645542208328,9.39388850174217,-11.5508157230727,6.84321040279712e-28,8.45313535315432e-27,52.3170596809338
"GMNN",1.24516408425211,8.24873954703832,11.5445768150574,7.25821694998039e-28,8.96038448485252e-27,52.2586896202814
"C17orf103",-1.29713707421426,8.29321777003484,-11.5400120439548,7.57762752715528e-28,9.3490801161357e-27,52.2159948896035
"LRRK2",-3.27497068948497,10.0325111498258,-11.537241104175,7.77829614441047e-28,9.59089608677159e-27,52.1900831516075
"TSLP",-2.2588729603423,3.36523118466899,-11.5309627317018,8.25273377662317e-28,1.01636847290986e-26,52.1313868700229
"PITX2",4.50736501234166,4.41446951219512,11.530113382772,8.31908819393439e-28,1.02392614281459e-26,52.1234478635103
"HSH2D",1.37005476386376,8.34209303135889,11.5268148647378,8.58185038279854e-28,1.05563444193442e-26,52.0926195150341
"PPIL1",1.01950621359224,9.4637137630662,11.513463924468,9.73240098537147e-28,1.19572825990231e-26,51.9678961241642
"TLR8",-2.24884072733258,6.98043222996515,-11.5115167133188,9.91255883698354e-28,1.21640665226104e-26,51.9497129621112
"H1F0",1.08721268059899,12.466325261324,11.5078490426658,1.02609483946628e-27,1.25765534652195e-26,51.9154692631379
"TUBA1C",1.11234362349845,12.283281533101,11.5072299609917,1.03209439737448e-27,1.26425405597244e-26,51.9096897951207
"FBXO43",1.73843013987166,3.41519895470383,11.5054810375873,1.04923244009095e-27,1.28448073912148e-26,51.8933636804473
"GPR182",-1.42870795458286,1.96960801393728,-11.5013000859747,1.09135786376005e-27,1.33445961542548e-26,51.8543409733521
"TLL1",-1.97054278097747,5.36365853658537,-11.4955252895891,1.15232101029947e-27,1.40816371080049e-26,51.8004567458745
"APOB48R",-1.7475013789699,8.47903170731707,-11.4880629151204,1.2361397161495e-27,1.50969353792678e-26,51.7308508627259
"RNASEH2A",1.21180596675992,8.53674581881533,11.4852413747624,1.26938770324374e-27,1.54845689528187e-26,51.7045400776831
"FBP1",-1.6948624683232,10.951831184669,-11.4837581919297,1.28722000567073e-27,1.56927712092756e-26,51.6907110580747
"DBF4B",1.30325841369098,7.0784862369338,11.4823534266057,1.30433910362292e-27,1.58920366750021e-26,51.6776142228383
"DECR2",1.20813547144974,8.61680853658536,11.4788229688753,1.34836881012761e-27,1.64187495088492e-26,51.644703662355
"CDCA4",1.29321704130329,8.43975156794425,11.478646438071,1.35060877922695e-27,1.64362763707938e-26,51.6430582265622
"PRKCQ",-2.09183639295707,6.23174425087108,-11.4765477797052,1.37752345149438e-27,1.67538841582818e-26,51.6234979368582
"SLC46A2",-3.1765392265921,6.49918780487804,-11.4754861940788,1.39134041076888e-27,1.69119115648816e-26,51.6136044088505
"PF4",-2.24335578081292,1.69473135888502,-11.4701688136005,1.4626495796504e-27,1.77576557482098e-26,51.564057289243
"LOC90586",-1.35713909165708,1.86131202090592,-11.4700266339281,1.46460536120453e-27,1.77708912916838e-26,51.5627326623913
"NFIX",-1.79875173934509,10.4240407665505,-11.4695046459239,1.47180799775756e-27,1.78477366768829e-26,51.5578696127496
"AATK",-2.57561120947839,7.30033101045295,-11.4682809358245,1.48883168936967e-27,1.80420891080013e-26,51.5464695812796
"F10",-2.11899721573146,5.5715362369338,-11.4682265475455,1.48959284160069e-27,1.80420891080013e-26,51.5459629200359
"LOC100129550",-1.13297818002305,7.53916759581881,-11.4667534097862,1.51035690360055e-27,1.82827990748345e-26,51.5322402811819
"RFX2",-1.68813684712853,7.77252142857143,-11.4655430649081,1.52763203847799e-27,1.84810169416342e-26,51.520966447716
"IL7R",-2.45950175415503,7.73004146341463,-11.4644924380614,1.54278673227904e-27,1.86533637300876e-26,51.5111809216311
"FAM128A",1.23027298996216,8.65512822299651,11.4621688533904,1.57683607989254e-27,1.90538226722742e-26,51.4895410743752
"TCF4",-1.38510232022381,9.87471289198607,-11.4603855579206,1.60347400672373e-27,1.9352922609076e-26,51.4729348730606
"CA3",-2.83932700016458,5.00547613240418,-11.4587721262501,1.62795989861758e-27,1.96355267992728e-26,51.4579118518316
"CYGB",-1.2812839657726,8.37178205574912,-11.458717077685,1.62880185772828e-27,1.96355267992728e-26,51.4573993057561
"SC4MOL",-1.1532641007076,10.6688074912892,-11.4460508215429,1.83450403376628e-27,2.20634843662693e-26,51.3395073582534
"CCDC152",-1.54021296692448,5.87775923344948,-11.443034093448,1.88718775504635e-27,2.2683820029919e-26,51.3114410261078
"SERPINH1",1.07456247490539,12.3602905923345,11.4412667249257,1.91874883900165e-27,2.30496861701017e-26,51.2950003491007
"MAG",-2.19939896001319,1.45688013937282,-11.4384527101134,1.97008703683999e-27,2.36387415934103e-26,51.2688266902218
"MRPL24",1.03643042948824,10.0960153310105,11.4247099977896,2.2411087551583e-27,2.68123326010488e-26,51.1410612853589
"C20orf46",-1.8021749876584,5.28957108013937,-11.4242539148351,2.25071219520977e-27,2.69115441861716e-26,51.1368227547041
"GLT25D2",-2.49457661346061,4.99364982578397,-11.4230949992205,2.27529919511873e-27,2.71896929428333e-26,51.1260530442985
"LSAMP",-1.9377480500247,6.19503153310104,-11.4210303990177,2.31976422874478e-27,2.76888137303083e-26,51.1068685792308
"HSF2BP",1.83750552575286,4.30792961672474,11.4204220054799,2.33303117132784e-27,2.78192077830389e-26,51.1012157430094
"MAP3K15",-2.69920923811094,2.21976951219512,-11.4203992046832,2.333529841134e-27,2.78192077830389e-26,51.1010038950452
"LNX2",-1.08116991607702,9.57923536585366,-11.4194687395656,2.35397043998899e-27,2.80319101699385e-26,51.0923589351426
"E2F7",2.24408883330593,5.54318397212543,11.4193122443195,2.35742579731179e-27,2.80567835471368e-26,51.0909049798496
"TMED3",1.12253250946191,11.3378841463415,11.4141260395692,2.4748328427155e-27,2.94370325961467e-26,51.0427284266572
"S100A12",-2.41729110745436,2.67989982578397,-11.4139780393485,2.47826728982732e-27,2.9460814974033e-26,51.0413538002874
"NTRK2",-2.97643727826232,5.80208449477352,-11.4138842871591,2.48044532522454e-27,2.94696426660068e-26,51.0404830355455
"COLEC12",-2.2174830212276,9.26976167247387,-11.410901552811,2.55074210320737e-27,3.02697892363279e-26,51.0127819235553
"C12orf49",-1.06172010202403,9.9918893728223,-11.4089178724434,2.59858641239613e-27,3.08019509506309e-26,50.9943616992403
"PMP22",-1.34471773901597,10.516193902439,-11.4084736713577,2.60942175669372e-27,3.09125381794126e-26,50.990237175728
"GSG2",1.71323695573475,5.43188344947735,11.4082422688935,2.61508411295928e-27,3.09617513489354e-26,50.9880885831942
"ZBTB16",-3.37111364159951,5.21757421602788,-11.4051230394337,2.6926137135232e-27,3.18613023277414e-26,50.9591289337872
"LILRA1",-1.82559373045912,3.235737456446,-11.3979581350195,2.87946193356138e-27,3.40526229815755e-26,50.8926271640306
"RPGR",-1.11460213263124,7.42624634146342,-11.393400527519,3.00496731489757e-27,3.55163954950185e-26,50.8503389642121
"KCNJ5",-2.43983859799245,5.70820383275261,-11.3930539607449,3.01473047984653e-27,3.56112869684978e-26,50.8471237466162
"KLF10",-1.03013437880534,10.606606445993,-11.3890665343002,3.12935513981984e-27,3.69440258887299e-26,50.8101354684096
"ARAP2",-1.41829846305744,9.04347804878049,-11.3887583202635,3.13839354375472e-27,3.70294364674049e-26,50.8072767441074
"FAM167A",-2.60572738522299,7.49364599303136,-11.3871272088014,3.18665991917149e-27,3.75773280531825e-26,50.7921487895885
"NR4A3",-2.48823892381111,7.44282421602787,-11.3837034057728,3.29038758255842e-27,3.87559707802206e-26,50.760398724591
"MB",3.12292473259834,6.21871707317073,11.3829601216732,3.31334587132234e-27,3.90040084508301e-26,50.7535067984697
"SLCO2A1",-2.00916871482641,10.1593181184669,-11.3825563292117,3.32588475412078e-27,3.91291770785671e-26,50.7497628471802
"STON1",-1.47759005430312,7.71934529616724,-11.382481204809,3.32822277613031e-27,3.91342574994017e-26,50.7490663052609
"RORA",-1.45994404475894,8.45563344947735,-11.3790360403741,3.43721732846928e-27,4.03696062662897e-26,50.7171263829532
"TMTC4",1.09551241402008,8.95968205574913,11.3780546260117,3.46891068720347e-27,4.07185456879859e-26,50.7080288618471
"SMTNL2",-2.27494563435908,4.04240888501742,-11.3755134835817,3.5523297370787e-27,4.16739025727004e-26,50.684475262197
"G6PC2",-1.02492966595361,0.41607787456446,-11.3748070241556,3.5758731971855e-27,4.19261431971549e-26,50.677927748404
"CXorf57",-2.22511053809447,5.11140121951219,-11.3692162530754,3.76774600206938e-27,4.41253995564657e-26,50.626121148808
"CCND2",-1.56661990126708,9.52234965156793,-11.3648087089854,3.92619768041189e-27,4.59548679468963e-26,50.5852901895011
"CDC14A",-1.30001281224289,7.19589355400696,-11.3600419454589,4.10502667996502e-27,4.79932788950352e-26,50.5411427112545
"ELTD1",-1.30502153365148,8.36240644599303,-11.3581069164381,4.17991087509885e-27,4.88409620180873e-26,50.5232247368078
"EGR2",-1.8321228731282,8.01447264808362,-11.3540781050207,4.34020816952009e-27,5.06563238887137e-26,50.4859249484784
"FLVCR2",-1.44417733750207,8.46888292682928,-11.3495558399136,4.52742856745589e-27,5.2781435826161e-26,50.4440665945819
"TMEM220",-1.69680579891395,6.32015540069687,-11.3494444405309,4.53214039395166e-27,5.2806380413069e-26,50.4430356082553
"ETS1",-1.31659989468489,11.0662334494774,-11.3491151535184,4.54609667085511e-27,5.29389476192032e-26,50.439988138561
"ABCA3",-2.82216546322201,11.7920668989547,-11.3453988974839,4.70659709959877e-27,5.47768925480515e-26,50.4055989839439
"CCHCR1",1.10272677966103,8.86997351916377,11.3416196017318,4.87559763417006e-27,5.67116257390999e-26,50.3706337797496
"PRICKLE1",-1.7207148461412,7.46975644599303,-11.3405109922179,4.92630657647127e-27,5.72366010271393e-26,50.360378568146
"ZFP36",-1.81709795293732,12.0732803135888,-11.3399607625174,4.95166899983073e-27,5.74987356145503e-26,50.3552888941181
"CLIC3",-2.59909095277277,7.92681045296168,-11.3397580918663,4.96104362811562e-27,5.75750286519014e-26,50.3534142117918
"LAMB2",-1.06231572486425,11.7934583623693,-11.3390394507616,4.99442714770137e-27,5.792971149283e-26,50.3467670275063
"DDX11",1.54492006253087,8.7355674216028,11.3378469030952,5.0503188679385e-27,5.85449160693267e-26,50.3357369576209
"ATP1B2",-1.88033822280733,5.21666916376306,-11.3376768168714,5.0583408878128e-27,5.86048185252803e-26,50.3341638618979
"CABYR",3.32543491854537,6.19910836236934,11.3328838433088,5.28968173308562e-27,6.12505166273253e-26,50.2898406824413
"RASSF8",-1.7302164851078,8.62041620209059,-11.3247055447776,5.70895758099674e-27,6.59937495145626e-26,50.214238986611
"ASNS",1.41584577587627,9.22549425087108,11.3197767298796,5.97742968471976e-27,6.90583181920634e-26,50.1686928047405
"AKAP7",-1.29685787724207,6.59771742160278,-11.3180264302813,6.07575788837263e-27,7.0154842209387e-26,50.1525216619401
"MYL3",-1.73289023860459,1.87623083623693,-11.3132282391025,6.35363361425483e-27,7.33221462060998e-26,50.1081989571144
"AVL9",1.04202078657233,8.7295581881533,11.3126834406101,6.3859723445262e-27,7.36539394568107e-26,50.1031672005686
"RHOV",2.97753053151229,7.70991672473868,11.3089962333326,6.60918458219358e-27,7.61428504334647e-26,50.0691162077932
"SEC14L1",-1.06355152542374,10.9388597560976,-11.3066824193229,6.75319892571995e-27,7.77147836014746e-26,50.0477519593114
"AG2",-1.89796744446275,9.04979268292683,-11.3041490943691,6.91445540846678e-27,7.95259213085843e-26,50.0243640693835
"DUOXA1",-2.95803154846144,6.97513902439024,-11.2988961520279,7.26112563809574e-27,8.346635461932e-26,49.9758790146528
"SOX18",-1.52503382260985,7.0303256097561,-11.2970772347576,7.38514944691703e-27,8.48444981226674e-26,49.9590936038349
"C7orf47",1.22676983050849,8.13618344947735,11.2927040726151,7.69202116979343e-27,8.83205786442165e-26,49.9187440199628
"SYNGR3",2.33891436893206,5.31690331010453,11.2847638894817,8.28195086201596e-27,9.50410571253146e-26,49.8455081834992
"CCDC102B",-1.27829675826889,6.86073170731707,-11.2745895514674,9.10404096367766e-27,1.04242030666092e-25,49.7517135883552
"ASPRV1",-1.20279297350667,4.77753397212543,-11.2714850825456,9.37067383894469e-27,1.07235191702082e-25,49.7231050011632
"SIGLECP3",-2.17602691130494,4.03689390243903,-11.2690898606089,9.58168428765002e-27,1.09588845919473e-25,49.7010357564509
"GJA9",1.33763111403654,3.26437839721255,11.2629843809468,1.01411633582688e-26,1.15923209212283e-25,49.6447942069814
"KIAA1328",-1.08331263452362,6.59271289198606,-11.2594585460997,1.04789239870836e-26,1.19717478828507e-25,49.6123242819631
"ADAM8",1.85981343426034,9.78974285714286,11.2563075760304,1.07902236020037e-26,1.23205389626883e-25,49.58331201802
"RTN1",-2.06459342109595,6.82255139372823,-11.2526805802366,1.11599476432985e-26,1.27356156262878e-25,49.5499231938546
"PRKG1",-2.01598460753663,5.5685350174216,-11.2418184157267,1.23442237262108e-26,1.40714554746867e-25,49.4499710135335
"GMDS",1.28926317261808,8.38307020905923,11.2356760919082,1.30683573608157e-26,1.48721383934339e-25,49.393477415342
"FHL2",2.1066705018924,9.68653797909407,11.2350777945498,1.31411098307154e-26,1.49466473587029e-25,49.3879756693506
"EXOC3L",-1.43314488727992,6.40835087108014,-11.2344043256366,1.32234848416824e-26,1.50320123920122e-25,49.3817828940324
"MYOZ1",-2.48628788876093,4.63736114982578,-11.2298950707542,1.37884117601631e-26,1.56655281370309e-25,49.3403248668972
"GPR19",1.89870826723714,3.91031097560976,11.2239609981948,1.45685519959581e-26,1.6533575040189e-25,49.2857832748311
"LTC4S",-1.87915119302289,4.30951045296167,-11.2220581866728,1.48278828695751e-26,1.68185875863192e-25,49.2682979405599
"FAM72B",1.99944162580222,6.47691393728223,11.2211457281124,1.49538629115021e-26,1.69521151614102e-25,49.2599138390292
"C3orf54",-1.40966771762384,5.0220487804878,-11.2196234012454,1.5166417913564e-26,1.71835849760193e-25,49.2459269477951
"RHBG",2.54395332236303,2.6488956445993,11.2140085851087,1.59766783253657e-26,1.80816541355986e-25,49.1943494140127
"LOC148709",2.15383469475072,3.20720174216028,11.2116865655921,1.6324208764898e-26,1.84647937158873e-25,49.1730242342556
"MYOCD",-2.60515059733423,4.10336010452962,-11.2050021520667,1.73671585781961e-26,1.96228819818583e-25,49.1116510546505
"IDH2",1.11385387526741,11.2201602787456,11.2008081116783,1.8055085817204e-26,2.03889390444003e-25,49.073155275344
"DNAJB4",-1.43408870824421,8.15004982578397,-11.1977425723681,1.85749810497407e-26,2.09529868654493e-25,49.045023485502
"ACP6",1.12638873786409,8.50121010452962,11.1888777957159,2.01636142358441e-26,2.27075699540252e-25,48.9637010864248
"ZC3H12B",-1.44416514398553,4.62411759581882,-11.1868675309494,2.05422496279647e-26,2.31212930297213e-25,48.9452653479973
"C6orf125",1.04412611815041,10.246043728223,11.1861532068387,2.06784881319979e-26,2.32618828136941e-25,48.9387149345131
"NOSTRIN",-1.98877053480338,7.49922979094077,-11.1848586732156,2.09276788171736e-26,2.35293124926929e-25,48.9268446326856
"RIMS4",-2.8142491624157,3.91302543554007,-11.1810750546132,2.16732450325721e-26,2.43542266293763e-25,48.8921555659855
"TSPAN12",-1.52636607207506,9.63622351916376,-11.1778914545418,2.23209873786956e-26,2.50546676262778e-25,48.8629734307044
"CST5",-2.52195348362682,2.41325644599303,-11.176785364356,2.25505094815474e-26,2.52984677407742e-25,48.8528358180831
"PLXNB3",3.13970680269873,7.98494703832753,11.1716743864879,2.36419131086754e-26,2.65083820929059e-25,48.8060006902393
"MCC",-1.53250656573969,7.84851080139373,-11.166181073059,2.48735523193535e-26,2.78741282268738e-25,48.7556772984588
"MEIS1",-1.31548509791016,7.88270993031358,-11.164598536007,2.52400555153068e-26,2.8269412969408e-25,48.7411828682382
"PPP4R4",-2.72862309034065,3.9213519163763,-11.1629094178226,2.56371653384064e-26,2.86985280478453e-25,48.7257137176375
"PRG4",-3.55169463551098,6.39878519163763,-11.1624752628471,2.57402339522611e-26,2.87825165054423e-25,48.7217379160013
"ZDHHC9",1.26963405956888,11.6298841463415,11.1612924196429,2.60231357951932e-26,2.90830145822164e-25,48.710906458093
"LOC339524",-1.67445016290934,5.62333519163762,-11.1585052297633,2.67020304984418e-26,2.98093258279993e-25,48.6853866904893
"MAFF",-1.22110628599639,9.35951829268293,-11.1585050686855,2.67020702375503e-26,2.98093258279993e-25,48.6853852157645
"TMEM139",-2.9870852163897,6.27350052264808,-11.1544660470085,2.77172368575682e-26,3.09258082981454e-25,48.648410822816
"SLC15A3",-1.51823697548133,9.80628484320556,-11.1536807710478,2.79190167298694e-26,3.11171234236818e-25,48.6412231736763
"SCD5",-2.10573202896168,8.13305487804879,-11.150366549061,2.87868273323852e-26,3.20495425777586e-25,48.610891603316
"CEACAM21",-2.01989615599804,5.10724756097561,-11.1463708918847,2.98687806720776e-26,3.32361012031303e-25,48.5743312767441
"RAC3",1.92608250781637,7.42499860627178,11.1448358031904,3.02951191536186e-26,3.36922424823288e-25,48.5602874297597
"PDZRN4",-2.23631851242391,2.63171986062718,-11.1434753549967,3.06780070739367e-26,3.40627087738194e-25,48.5478423304908
"PODXL",-1.14360766496628,10.6884628919861,-11.1382376214276,3.21975635889434e-26,3.57112901394386e-25,48.4999377437399
"C20orf24",1.14828182326807,11.0335240418118,11.1364187092,3.2742573453794e-26,3.62765803025576e-25,48.4833052646437
"C6orf59",-1.60411372716802,2.39813344947735,-11.1342752219345,3.33966169962449e-26,3.69414087787127e-25,48.4637070522615
"HK3",-2.17740202402503,7.9383736933798,-11.1326777180432,3.38924940481547e-26,3.74697308997639e-25,48.4491024226766
"MTHFD2",1.42647494816523,10.3249698606272,11.1301989859804,3.46764346786945e-26,3.82951696586121e-25,48.4264441367678
"KLHL33",-1.22293554714498,0.975841463414635,-11.1291508484559,3.50133228065316e-26,3.86464256568868e-25,48.416864005398
"NCRNA00162",-2.37598538752678,1.22345644599303,-11.1256764286403,3.61534912072862e-26,3.98834591340992e-25,48.385111449111
"BRSK1",2.26506033898307,5.39112020905923,11.1232840271326,3.69599608680427e-26,4.07512350494585e-25,48.3632511166033
"FLT4",-1.48091159124569,8.50857195121952,-11.1165739379082,3.93185621175424e-26,4.33285067242697e-25,48.3019544924895
"NMU",3.80829980582528,4.4081543554007,11.1124372118287,4.08465452208389e-26,4.4964052192162e-25,48.2641773978556
"ABCC3",2.1768707816357,11.5782378048781,11.111788744019,4.10913625279562e-26,4.52093072185927e-25,48.2582563309804
"C10orf105",-1.78458901760739,3.27762909407665,-11.0987971530772,4.63152118532009e-26,5.08204863359816e-25,48.1396789126629
"SLC15A2",-2.24050184301467,8.62523432055749,-11.0954743061577,4.77540942342045e-26,5.23713437301399e-25,48.1093648480469
"MXD3",1.04552364982723,7.44898066202091,11.0946197454796,4.81312687238833e-26,5.2728652449377e-25,48.1015697067284
"TNFRSF18",2.29525443804511,6.41483954703833,11.0922350649235,4.91995173275457e-26,5.38701915058407e-25,48.0798191498689
"GALNT14",3.15256184301467,7.30487735191638,11.088930454538,5.07189149823918e-26,5.54746576765319e-25,48.0496829464344
"KRTCAP2",1.01498958038507,11.0634885017422,11.0877071986077,5.12930937711890e-26,5.60429598255727e-25,48.0385290048824
"ZC3HAV1L",1.45037696560805,5.5543862369338,11.0797280325501,5.52001895017925e-26,6.01837435194796e-25,47.9657925511458
"LBX2",1.653466407767,3.58811080139373,11.0782882877689,5.59360365815164e-26,6.09536534510898e-25,47.9526717335204
"PLLP",-2.09305028467996,8.82945174216029,-11.0758286218479,5.721578211289e-26,6.23151197229513e-25,47.9302586238749
"PAQR5",-1.97813745269049,7.73495975609756,-11.0750590910063,5.76221074500513e-26,6.27243831362435e-25,47.9232471211677
"TBC1D4",-1.11596903406287,9.01201655052264,-11.0623631636866,6.47550691025784e-26,7.04142780019033e-25,47.807614933419
"CREB3L4",1.25567205858154,8.70149285714286,11.0603557888181,6.59605456928108e-26,7.16871362135207e-25,47.7893399852625
"PLCE1",-1.87391528385718,7.83578275261324,-11.0597391017648,6.63353396343363e-26,7.20182190741896e-25,47.783726156461
"NOP16",1.01904356096759,7.84482578397213,11.05892953132,6.6830573752283e-26,7.24792223525816e-25,47.7763567780997
"C11orf9",-2.70420202073394,8.80630348432055,-11.0571751207951,6.791643402444e-26,7.36179720444431e-25,47.7603878837461
"SLFNL1",-2.28948907684714,4.62686202090592,-11.0570846976436,6.79728724600543e-26,7.36402676308662e-25,47.7595648837887
"FAM124A",-1.35452294882344,4.35531010452962,-11.0336309786098,8.43028822834855e-26,9.1043565138346e-25,47.5462445685417
"FGD4",-1.10720985683727,9.01723641114984,-11.0314137749934,8.60350875453259e-26,9.28393173880923e-25,47.5260934675935
"AK3L1",2.53720690143165,7.07841724738675,11.0313871230632,8.60561232291962e-26,9.28393173880923e-25,47.5258512569524
"SASS6",1.14788253743624,6.9714200348432,11.0310373669286,8.63326508597568e-26,9.30887249028785e-25,47.5226727359428
"ZCCHC24",-1.09130279085076,9.28797961672473,-11.030854943133,8.64772307532487e-26,9.31956717776481e-25,47.5210149271529
"INSIG1",-1.14382063189075,10.0461294425087,-11.0272017381423,8.94237669507213e-26,9.63205632475503e-25,47.4878195197919
"GJC2",-1.60300649662664,5.01396585365854,-11.0256677856389,9.06905383462977e-26,9.76338097666226e-25,47.4738831520251
"PKIG",-1.32377351653778,9.46666498257839,-11.0237527703523,9.22970538997976e-26,9.93112430064384e-25,47.4564864931586
"RAET1K",1.57460880039495,2.25970452961673,11.014382247069,1.00575095584468e-25,1.07935531225778e-24,47.3713897189111
"EHD2",-1.42284245844991,11.5608350174216,-11.0132707593131,1.016046959117e-25,1.08983511341024e-24,47.3612990545745
"APOL3",-1.54329519828864,9.41483449477352,-11.0097528522869,1.04932962082129e-25,1.12435997471092e-24,47.3293660244612
"INSC",-2.31813585650816,2.01126655052265,-11.0071426194097,1.07472291872738e-25,1.15096825881446e-24,47.3056764918754
"BST1",-1.51475494487413,6.65790557491289,-11.0070140720108,1.07598913090372e-25,1.15172350664512e-24,47.3045099363446
"INSL3",1.50178204048052,2.42665836236934,11.0063569026922,1.08248555030598e-25,1.15807338967076e-24,47.2985463250573
"TRIM46",1.85828794470957,5.82907247386759,11.0032234986797,1.11400065009949e-25,1.18992889420096e-24,47.2701148214558
"FPR1",-2.03650393286162,7.82870278745645,-11.0022912867756,1.12355140716702e-25,1.19950652049604e-24,47.2616572452763
"CP",3.16385159453681,11.9573642857143,11.0000551520524,1.14679416544603e-25,1.22368421084236e-24,47.2413716116387
"NUP155",1.19248783610335,9.12872351916376,10.9998103998423,1.1493669924859e-25,1.22579243406418e-24,47.2391514459387
"SCN1A",-3.20579883495149,4.74551707317074,-10.9985607362072,1.16259309122354e-25,1.23796868064415e-24,47.2278161539419
"GGTA1",-1.65919816027646,7.29162456445993,-10.9970597300777,1.17867938915987e-25,1.25444727109654e-24,47.2142021233007
"FCGR3B",-2.58062114530198,5.39882247386759,-10.9957099498444,1.1933337663114e-25,1.26807507098207e-24,47.2019607341091
"B4GALNT4",3.87909387526742,5.70686829268292,10.9957096459643,1.19333708579511e-25,1.26807507098207e-24,47.2019579782785
"RBMS3",-1.8387049201909,5.1547637630662,-10.9942933406707,1.20890843285483e-25,1.28329318130867e-24,47.1891143130968
"CTGF",-1.76945984202733,11.7406235191638,-10.9941727284537,1.21024377682041e-25,1.28338350920056e-24,47.1880205994053
"FGD3",-1.42981182162252,8.0173243902439,-10.993307843171,1.21986228655692e-25,1.2929154746006e-24,47.1801780332553
"MS4A2",-2.60339806483464,5.97033588850175,-10.9931318323551,1.22182900986573e-25,1.29433176328913e-24,47.1785820598067
"GPC5",-2.92707368109268,3.40709616724739,-10.9914869853831,1.24036130861182e-25,1.31328610963386e-24,47.1636682568716
"VGLL3",-1.8640992002633,8.46257630662022,-10.9892406210063,1.26612282088966e-25,1.33987121200334e-24,47.143302850779
"C8orf73",2.08194280072406,8.96797909407665,10.9871984585037,1.29000354910147e-25,1.36443961169774e-24,47.1247910779562
"LAGE3",1.10635767977621,8.76368205574913,10.9850079512516,1.31611668167637e-25,1.39134271240041e-24,47.1049370809825
"FLVCR1",1.20828155010697,7.42250400696864,10.97987534943,1.37937804503405e-25,1.45746944233397e-24,47.058427057375
"C1orf129",-2.59750606878396,1.71026463414634,-10.9795040218601,1.38407029458958e-25,1.46167505904959e-24,47.0550627528787
"TSPAN6",1.14024065492843,10.1698280487805,10.9725573555089,1.47483371484635e-25,1.55592683277469e-24,46.9921381867227
"KCTD16",-1.78967719927597,3.30871306620209,-10.9694111092528,1.51786450592609e-25,1.59967958453093e-24,46.9636472751964
"C7orf41",-1.54545428336352,9.56301428571428,-10.964172484953,1.59229744983164e-25,1.67726355284984e-24,46.9162206018343
"S1PR5",-1.83561379628108,4.06202020905923,-10.9609945827376,1.63920646979093e-25,1.72579019614399e-24,46.8874573996091
"WISP1",1.97940184301467,6.95240348432056,10.9566327101997,1.70583550457955e-25,1.7940985096833e-24,46.8479869362714
"ACSBG1",-2.04283214415009,2.97384198606272,-10.9524222976068,1.77270158772541e-25,1.8634697181773e-24,46.8098967550677
"CCDC34",1.3517660062531,7.63559599303136,10.9513185671078,1.79065676755297e-25,1.880418590172e-24,46.7999132588985
"PTGIR",-1.37447425045254,6.47273327526133,-10.9459515723461,1.88057444184846e-25,1.97383401283992e-24,46.7513769218736
"TBX5",-1.72536184959685,7.25386167247387,-10.9368398610337,2.0436188557431e-25,2.13840443977603e-24,46.66901089206
"SLCO2B1",-1.78156741155176,10.6909418118467,-10.9360031825533,2.05927650309582e-25,2.1536906066509e-24,46.661449918355
"C1orf150",-2.22098943886788,2.80407160278746,-10.9346859511859,2.08416913074883e-25,2.17639838526314e-24,46.6495470060187
"PREX1",-1.33071849925951,9.94426097560977,-10.9337452782859,2.10212844220016e-25,2.19403644729889e-24,46.6410473668218
"DNAJC12",3.33625001810106,7.25037282229964,10.9274698434402,2.2259371517302e-25,2.32089841163134e-24,46.5843566487665
"ONECUT1",2.49947220668096,2.28460696864111,10.927194312843,2.23153610984273e-25,2.32555514391224e-24,46.5818680617035
"LRRTM2",-1.59058439361528,2.65999756097561,-10.9268799642748,2.23794096448329e-25,2.33104657538518e-24,46.5790289216002
"RASSF2",-1.43624198124076,9.41760940766552,-10.925954945664,2.25689437262762e-25,2.34959642343027e-24,46.5706746287318
"C3orf58",-1.12165638637486,8.72836463414635,-10.9236273787854,2.30529415529563e-25,2.39755263466156e-24,46.5496552875147
"RUNX2",1.42286575942078,8.12828588850175,10.9173857139381,2.44023498581388e-25,2.53404270403435e-24,46.4933037341998
"C1QA",-1.83270859634689,11.8462691637631,-10.9148624571444,2.49698800358995e-25,2.59166651737622e-24,46.4705290276347
"MYOZ3",-1.65849638637487,3.83060505226481,-10.9133550402654,2.53151652576856e-25,2.62617656766188e-24,46.4569248526775
"JAM3",-1.4011468224453,8.72152264808363,-10.9087287043571,2.6404760733774e-25,2.73644491602413e-24,46.4151806605868
"CARD16",-1.57790881355934,7.65950923344948,-10.9076537955304,2.66645213136117e-25,2.76197085049671e-24,46.4054832408698
"ADAM28",2.02012699358238,8.18836463414634,10.9069704663388,2.68309718638991e-25,2.77772921636211e-24,46.3993188296032
"BARX2",3.22824602599969,6.1520855400697,10.9069183241462,2.68437153690328e-25,2.77772921636211e-24,46.398848457748
"AGPAT4",-1.39587117985849,7.33224076655053,-10.9063963257412,2.69716232228772e-25,2.7895588149404e-24,46.3941396200216
"DARC",-2.88993278262303,7.46692961672473,-10.8983509877732,2.90213562537742e-25,3.0000425170694e-24,46.3215830023537
"ANKRD23",1.48192036202075,5.32404668989548,10.8964255650795,2.95344196497327e-25,3.05154320789639e-24,46.3042238462684
"NGEF",2.96038631890738,6.38459912891986,10.8957409356655,2.97190149655939e-25,3.06907131410283e-24,46.2980518739499
"SUZ12P",1.05755121276947,7.15882787456446,10.8943180683876,3.01063347282594e-25,3.10750654585804e-24,46.2852254596997
"DUSP1",-1.92429477044596,12.3775731707317,-10.8914065023729,3.09145941577868e-25,3.18452894159239e-24,46.2589826190277
"CLDN12",1.03802874115519,10.3754137630662,10.8888813219016,3.1633025655206e-25,3.25690078586449e-24,46.236226116466
"SPHKAP",-1.75662632878068,0.814985365853659,-10.8834985908733,3.32202863064303e-25,3.4168961817185e-24,46.1877294059171
"ABLIM3",-1.93205904887281,8.16084425087108,-10.8806007065829,3.4107326579807e-25,3.50637663837475e-24,46.1616268998656
"LOC100302650",-2.04157364489059,4.41187282229965,-10.8799084422421,3.43226867617131e-25,3.52675054663649e-24,46.1553920487533
"ULK2",-1.02843736712194,8.80285783972125,-10.878866732981,3.46493062630708e-25,3.5585305531808e-24,46.1460104268425
"TTPA",-1.84139753825903,1.33302926829268,-10.8786818236174,3.47076049665156e-25,3.56273564981283e-24,46.1443451968366
"CAD",1.06102029619879,10.2018827526132,10.8785852031449,3.47381064741298e-25,3.56408458727579e-24,46.143475073552
"GRTP1",1.35951708737865,7.49747578397212,10.874549868282,3.60360609926682e-25,3.6917182244485e-24,46.1071390800343
"MSTO2P",1.43213246009546,6.77344076655052,10.8733853702563,3.64194976326183e-25,3.72913858552446e-24,46.0966550557341
"GEN1",1.05534358729637,7.90564547038327,10.8720025354825,3.68800941833946e-25,3.77441841268739e-24,46.0842062946167
"SRPK3",2.93092232022382,5.3057162020906,10.8675337421755,3.84085022380289e-25,3.92301766640166e-24,46.0439837719107
"ADAM12",2.55466916570679,8.0588574912892,10.8653295859335,3.91853738089942e-25,4.00037655046569e-24,46.0241486996189
"SFTPD",-3.85689476386378,10.7846829268293,-10.8639032158153,3.96964082775398e-25,4.04651073454763e-24,46.0113142884881
"TMOD2",-1.26213064011849,7.8477768292683,-10.8622761270187,4.02874440841678e-25,4.10472072976658e-24,45.9966751727946
"GALNT13",-3.19259626789538,4.57872020905924,-10.8559543974225,4.26679390464562e-25,4.34079677216921e-24,45.9398114889811
"TNNI2",-2.28165238769131,4.17554912891986,-10.8483398844655,4.57214266663276e-25,4.64683608643419e-24,45.8713481930307
"KCNJ8",-1.66229696889914,7.95159512195123,-10.8473494673235,4.61342243539895e-25,4.68647019291145e-24,45.8624455188739
"SLFN13",1.56998925127531,9.4738055749129,10.8458220561846,4.67781060684206e-25,4.74483457304682e-24,45.8487169552539
"LEFTY2",-2.6170243936153,3.74866271777004,-10.8453228352971,4.69904828467629e-25,4.76402277947675e-24,45.8442301710599
"MEST",1.24919190060887,10.3001736933798,10.8418075529875,4.85133076562052e-25,4.91355799793731e-24,45.8126401649971
"LSR",1.23343132795789,12.0093771777003,10.8407437970288,4.89837180877363e-25,4.95875607663327e-24,45.8030820750961
"FLRT3",-2.43403639624817,9.38593675958188,-10.8321851990061,5.29371159958306e-25,5.34842023324017e-24,45.7262036052368
"DMBX1",3.17991782129344,3.11450452961673,10.8308902644251,5.35622680932474e-25,5.40891964561913e-24,45.7145752099938
"BMP2",-2.2152192068455,8.55308432055749,-10.8299604761793,5.40156578292042e-25,5.44934376036149e-24,45.7062263609943
"C14orf49",-1.75758873457299,4.80855069686411,-10.8283565693009,5.48067446176651e-25,5.52643647839226e-24,45.6918255081403
"GPC2",2.43049048214581,4.24818519163763,10.8275437868355,5.52120125204037e-25,5.56456856673484e-24,45.6845283889962
"IL22RA2",2.82648540398225,3.51014459930313,10.8249106406112,5.65455023279386e-25,5.69616861036595e-24,45.6608906182211
"TERT",2.49360592726676,2.45461655052265,10.8205564009172,5.8821147663196e-25,5.92250201827079e-24,45.6218108999561
"ZNF107",1.0949809642916,7.91046794425087,10.8199409364416,5.9150061345259e-25,5.94978324065736e-24,45.6162878839863
"PABPC1L",2.11472773737043,8.31622804878048,10.8173443316695,6.05579605952319e-25,6.08246052358175e-24,45.5929889192331
"ADCY9",-1.3650643738687,9.72022508710801,-10.8169763994462,6.07601307933697e-25,6.09978232365711e-24,45.589687814278
"TYROBP",-1.65615249629752,10.4029707317073,-10.8167556054092,6.08817737404472e-25,6.10900691540264e-24,45.5877068755231
"TBX15",2.98880226756626,6.29244512195122,10.8086113633401,6.55418200879984e-25,6.5733930943166e-24,45.5146563212091
"ADAMTS16",2.77969654434756,5.70925487804879,10.8071540219622,6.64123061802293e-25,6.65419544109375e-24,45.5015883911306
"ZNF695",2.82680555208164,3.66279285714286,10.8007020827892,7.04061670314945e-25,7.0474822484475e-24,45.4437480577219
"APH1B",-1.11756147441173,8.32386236933798,-10.7984047748566,7.18851039819128e-25,7.18851039819128e-24,45.4231586653365
"MID1IP1",-1.17557671877572,10.4306696864112,-10.7926046956394,7.57577649247987e-25,7.56840347399571e-24,45.3711889173882
"FAM181A",-2.87418663485275,2.72423013937282,-10.7924747063734,7.5846891179938e-25,7.57362196461151e-24,45.3700244017848
"ACR",-1.44034035543855,1.65822212543554,-10.7877751845871,7.91400007416282e-25,7.89477266873483e-24,45.3279297207103
"MTFR1",1.14332132960343,9.32007003484321,10.7807820643629,8.43049827622098e-25,8.39777436248505e-24,45.2653132111643
"C8orf76",1.02870662168834,8.87495662020906,10.779380697963,8.53795902159484e-25,8.50069343905635e-24,45.2527685858623
"PTGFR",-2.62640716142836,5.06462404181185,-10.7757708727503,8.82107842428261e-25,8.778319924892e-24,45.2204594499029
"AQP1",-2.64793265427022,12.6040280487805,-10.7732757157242,9.02220574556349e-25,8.96543484784213e-24,45.1981311525812
"C2CD4D",1.94003995392465,3.84428919860627,10.7724046703452,9.09348552783343e-25,9.03189443088632e-24,45.1903372750046
"TPRG1",-1.75956445614614,5.18714076655052,-10.771563423655,9.16285775888826e-25,9.09639602466035e-24,45.1828104241709
"ATAD3B",1.41767607701169,8.66978048780487,10.7658730161378,9.64611487285112e-25,9.56689557196297e-24,45.1319071072239
"GABARAPL1",-1.18391238110911,10.4657179442509,-10.7649263818529,9.7289283584382e-25,9.64436983093849e-24,45.123440756304
"AP1S2",-1.29315088365971,8.33942473867595,-10.7518951674418,1.09433488400121e-24,1.0837769015217e-23,45.0069444984836
"C19orf69",-1.03640038505843,0.808909930313589,-10.7505139414141,1.10805828554925e-24,1.09683879471197e-23,44.9946021194163
"MAOB",-2.01408837255226,8.27546515679442,-10.7500557060992,1.11264881667771e-24,1.10085205813944e-23,44.9905076461838
"CYP2U1",-1.13200198782295,7.65461463414634,-10.7477819245756,1.13570814916056e-24,1.12312564076427e-23,44.9701924229304
"IL11RA",-1.21073277274972,7.48167299651568,-10.7469544071484,1.14421763277011e-24,1.13099605203516e-23,44.9627996316927
"NAALAD2",-1.50648187592563,3.90669268292683,-10.7460427887925,1.15366526764934e-24,1.13978575287973e-23,44.9546559453698
"UACA",-1.16179617245352,9.64013885017422,-10.7450731597249,1.16379915076123e-24,1.14924466402732e-23,44.9459945397987
"BOP1",1.77901191706436,7.93074163763067,10.7374445340225,1.24667438481093e-24,1.23049159231579e-23,44.8778684135289
"APOA1BP",1.03266527233833,11.1337524390244,10.7372591609186,1.24875953605938e-24,1.23195738949059e-23,44.876213370796
"C15orf26",-2.57017794635513,2.47677020905924,-10.7349163650232,1.27541271460421e-24,1.25764759994354e-23,44.8552981243107
"GAB2",-1.19057002139214,9.81377682926829,-10.7345655141457,1.27945257709063e-24,1.26102551165005e-23,44.8521661736397
"CCNO",2.5082122659207,6.53901306620209,10.7306287105975,1.32566357867914e-24,1.3053176628433e-23,44.8170280579305
"SOX12",1.24347948000659,9.19051114982578,10.7199775384904,1.45916676201699e-24,1.4353949987642e-23,44.7220034867358
"CEACAM1",1.74016934013495,9.69248989547038,10.7197596165446,1.46203323426095e-24,1.4375259721924e-23,44.7200599481935
"KIF26A",-2.0856053315781,5.88357212543554,-10.7116584768741,1.57265587021495e-24,1.54407580179402e-23,44.6478285200266
"MYO7B",-2.444459628106,3.76659337979094,-10.7100873469937,1.59505333974615e-24,1.56531764172985e-23,44.6338242091325
"B3GALNT1",-1.60939324337668,8.03005592334494,-10.707221958041,1.63672020027593e-24,1.60544031111634e-23,44.6082870035828
"GOLGA7B",2.42871345400693,8.06385522648083,10.7059676220513,1.65529857070334e-24,1.62288823574688e-23,44.5971094164547
"SH2B3",-1.05875469145961,9.56889912891986,-10.7051663395701,1.66727610597815e-24,1.63385100027358e-23,44.5899695173756
"C19orf26",2.10971274971205,3.91953362369338,10.7049054172965,1.67119490959633e-24,1.63690989952351e-23,44.5876446229525
"FAM55C",-1.18889635346389,8.57724965156794,-10.7043485617447,1.67958897241449e-24,1.6435634701463e-23,44.5826830019033
"SULF1",2.17444935988154,10.9286195121951,10.6981180704784,1.77641164278946e-24,1.7374812304177e-23,44.5271806187485
"ACY3",2.49801624814878,5.02240574912892,10.6955238563031,1.81834247263317e-24,1.77764623634091e-23,44.504077219929
"KIAA1524",1.77326553891725,6.8770181184669,10.6932420713446,1.85603515160752e-24,1.8136316831272e-23,44.4837593205423
"SLC8A3",-1.89952313312491,2.97257317073171,-10.6930493941313,1.85925328345294e-24,1.81591198426684e-23,44.4820437800689
"MYH11",-2.44203668586476,10.5553994773519,-10.6927790394888,1.86377814454497e-24,1.81946577781779e-23,44.4796366576508
"KIAA1274",-1.36472859634689,8.26334668989547,-10.6927213619984,1.86474489363989e-24,1.81954432825223e-23,44.479123127127
"AJAP1",-1.91332823432617,2.39048536585366,-10.69081083497,1.89705082786655e-24,1.85018781454158e-23,44.4621138266056
"PRDM12",1.41253205199935,1.5541668989547,10.6894704422216,1.92004732886176e-24,1.87172704945546e-23,44.4501816044721
"DHRS13",1.14860536448907,7.96785331010452,10.6883598229893,1.93931130514042e-24,1.88960897458628e-23,44.4402955895426
"LILRB3",-1.57530226427515,7.27664616724739,-10.6864152960252,1.97350302677087e-24,1.92201219827353e-23,44.4229883157706
"ARHGAP11B",1.78150921507324,4.06488902439024,10.6821209944475,2.05114796608955e-24,1.99479240851817e-23,44.3847742979445
"BTK",-1.69407640612145,7.92849407665506,-10.6805609919007,2.08009927334819e-24,2.02199043948098e-23,44.3708947248381
"C19orf40",1.21596017771928,5.47656794425087,10.6766308174218,2.15484923065685e-24,2.09366089471771e-23,44.3359333768638
"C10orf35",1.07294544347541,7.76972282229965,10.6755355221139,2.17615246744711e-24,2.1133590424167e-23,44.326191573105
"C1orf87",-3.55176172782627,3.03400296167247,-10.6748175833435,2.19022956502202e-24,2.12602425389608e-23,44.3198064254344
"BEAN",2.54162880368605,6.46720836236935,10.6703953537675,2.27895535862671e-24,2.21005921174333e-23,44.280482665719
"PTPRO",-1.89569911469477,6.81813972125436,-10.6692750432169,2.30199385279564e-24,2.2302941858374e-23,44.270522263141
"GRID1",-1.83562869507983,4.43430853658536,-10.6644426680914,2.40404860986609e-24,2.32807160191278e-23,44.2275668196336
"C15orf59",-2.25265475399048,4.2860712543554,-10.6586785266089,2.53167268694822e-24,2.44819784564517e-23,44.1763458151688
"FAM72A",1.97403942734904,4.17787700348432,10.6575045302677,2.55847951842375e-24,2.47295595636721e-23,44.1659157798294
"SMARCA2",-1.07957128846472,10.5870442508711,-10.6478348894368,2.7902715093024e-24,2.69446256283999e-23,44.0800378283262
"ARHGEF10",-1.19364057923318,9.18023205574912,-10.6473570252638,2.80225226998832e-24,2.70475971334557e-23,44.0757951756338
"GAD1",3.05508304755639,4.35899442508711,10.6468391756552,2.81529321184153e-24,2.71607000183772e-23,44.0711976614041
"EMILIN2",-1.33711853546159,9.16902386759581,-10.6425193564034,2.92645369071987e-24,2.82066170283939e-23,44.0328517551654
"B3GNT6",4.27733835116015,5.62912229965157,10.6412386485395,2.96023972056961e-24,2.85188744548541e-23,44.0214852469472
"LST1",-1.75089336843839,7.82880871080139,-10.6326505263013,3.19702837806799e-24,3.07712107837487e-23,43.9452878002416
"LAMC3",-2.03551999341782,8.05746864111498,-10.6291013501795,3.3002931564785e-24,3.17502429721198e-23,43.913810038899
"TTN",-1.50302618726347,7.1507168989547,-10.6285781987975,3.31579203119867e-24,3.18844076817371e-23,43.9091707869735
"CHPF",1.1516907651802,11.4439266550523,10.6271060266752,3.35979557385706e-24,3.22924171962947e-23,43.8961165387629
"SGCB",-1.06646506829028,9.21416602787457,-10.6235558907085,3.46830997571541e-24,3.3304211319662e-23,43.8646412648446
"FAR2",-1.84517264110582,6.15589982578397,-10.6231860461001,3.47981301841146e-24,3.33834398448539e-23,43.8613626518973
"TM7SF4",-2.35001198617741,4.56634146341463,-10.6155409614259,3.72626422213227e-24,3.56977155764701e-23,43.793607340304
"C6orf145",-1.20679213756789,9.41911027874565,-10.6148742648765,3.74856067924859e-24,3.58778325151392e-23,43.7877002268603
"MYLK",-1.49994819154189,10.8335327526133,-10.6099081552538,3.91886550636917e-24,3.74554510455117e-23,43.743706968008
"C1orf38",-1.2529542932368,9.77870487804879,-10.6094873747606,3.9336437855675e-24,3.75792028467663e-23,43.7399800357169
"PRDM5",-1.50053012999837,5.43649198606272,-10.6034784161572,4.15082401117864e-24,3.95803144215037e-23,43.6867683736212
"WFDC3",3.13541794964624,5.65655156794425,10.6009943722303,4.24404540619374e-24,4.04129184550823e-23,43.6647771095068
"SAC3D1",1.01416628270529,7.59093118466899,10.5990228112058,4.31951180517482e-24,4.11124605286226e-23,43.6473253229141
"ZNF331",-1.29148917558007,8.93013937282229,-10.5964114636849,4.42152273597629e-24,4.20638840452239e-23,43.6242136537036
"MARVELD3",1.2392570149745,8.07388710801395,10.595977809049,4.43869334871728e-24,4.22076769102203e-23,43.6203759738354
"KBTBD10",-1.69179846963964,3.76092770034843,-10.5958572194988,4.44347986408303e-24,4.22336303748262e-23,43.6193088205654
"SIRPA",-1.42805168339642,10.2019205574913,-10.595352222811,4.46358024831572e-24,4.24050451170392e-23,43.614839957515
"MYH1",-1.8256575777522,1.09407508710801,-10.5933475534174,4.54426669927172e-24,4.31316668220288e-23,43.5971014638484
"ANKRD22",2.31950525259176,8.27543327526132,10.5931603542238,4.55187486745362e-24,4.31839145234856e-23,43.5954451303676
"HPDL",2.35107108441667,4.25921724738676,10.59169189939,4.61199640994637e-24,4.3734081430115e-23,43.5824529630022
"SLCO5A1",2.18923103505021,4.12569198606271,10.5868696192388,4.81503205845123e-24,4.5617262648825e-23,43.5397963063699
"STEAP1",2.37325818002306,7.99882717770034,10.5861619366453,4.845565721151e-24,4.58853617413423e-23,43.5335374253458
"ABCA6",-1.98893168339643,6.31729198606272,-10.5851147884738,4.89109905166955e-24,4.62738541616479e-23,43.5242767612
"SFTPA1",-5.03509194010207,13.4607930313589,-10.5838802509946,4.94532669399826e-24,4.67653417907804e-23,43.5133596729684
"FBXO41",1.56520246174101,7.78007351916377,10.5828702509749,4.99013513306195e-24,4.7167345433592e-23,43.504428819263
"CELF2",-1.51204057923319,10.3268595818815,-10.5785024059223,5.18860152461409e-24,4.89756272645183e-23,43.4658130545682
"C12orf69",-1.65024474247163,3.52814581881533,-10.5710122212168,5.54735208327236e-24,5.23137980108321e-23,43.3996178904109
"C1QB",-1.86440757281555,12.0204301393728,-10.5681760415316,5.68953204058771e-24,5.36053661281623e-23,43.3745611361038
"MAGI1",-1.27500309692284,8.68099529616725,-10.5674214377212,5.72796658929112e-24,5.39427312285076e-23,43.3678952110375
"SAMHD1",-1.40680667105481,10.0600869337979,-10.5625556200755,5.9820658170809e-24,5.63098630099363e-23,43.3249198503358
"ZNF385B",-3.37089204870827,6.79664930313589,-10.562034701404,6.00992351547813e-24,5.65461639655207e-23,43.3203198369423
"PDE1C",-2.44123978936978,3.91049581881533,-10.5603022923228,6.10349921920904e-24,5.73740105175648e-23,43.3050227605601
"AK1",-1.40846278755967,10.2911010452962,-10.5574813235379,6.25897895946807e-24,5.87617304001101e-23,43.2801173776876
"NKPD1",1.8067646503209,2.72750783972126,10.5565247351764,6.31258994192681e-24,5.92310198847154e-23,43.2716729986884
"CYS1",-2.41393176896497,6.2944613240418,-10.5554770594277,6.37182912250762e-24,5.97595485998545e-23,43.2624251279707
"TRPC3",-1.68003040645056,2.72030818815331,-10.5530780802137,6.50956302421445e-24,6.10234378480012e-23,43.2412515825648
"MRPL15",1.00586521309858,9.92224268292683,10.5525459826158,6.54051097695186e-24,6.12855729606672e-23,43.2365556941017
"CXCL2",-2.36505984531843,8.77846236933797,-10.5466767216969,6.89172725421268e-24,6.45176290601853e-23,43.1847686495813
"NRG1",-2.34050099391149,4.58420365853659,-10.5446392811599,7.01797558486414e-24,6.56695709923705e-23,43.1667959648617
"ADAMTS15",-2.20986195820308,4.15157735191637,-10.5396067096361,7.33974268723336e-24,6.8555467410783e-23,43.1224126422212
"PYGM",-1.76737347704461,3.78873780487805,-10.5368633940994,7.52126752283769e-24,7.01871010199354e-23,43.0982247738169
"GUCA2A",-2.06401106467008,1.16212473867596,-10.5343155244203,7.6938495891237e-24,7.17649850362152e-23,43.0757639595034
"FUT8",1.22683599144316,9.84324111498257,10.5333570223261,7.75978752367966e-24,7.23471561585575e-23,43.0673152068268
"HSPB7",-1.83694976797764,6.2253012195122,-10.5319758617316,7.85578928017199e-24,7.32089668279305e-23,43.0551418271273
"C8orf51",1.43003968734574,5.31242073170731,10.5260068995549,8.2844252649077e-24,7.70635481144336e-23,43.0025445164727
"BEST1",-1.25244213921344,5.59051184668989,-10.5246563013956,8.38458981449171e-24,7.79599768530411e-23,42.9906461057114
"SFTPA2",-4.85319155175255,14.5419963414634,-10.523959575532,8.43673040769943e-24,7.8400256274109e-23,42.9845085390776
"DCST2",2.12463387855852,3.83532613240418,10.5239216284872,8.43957946253194e-24,7.8400256274109e-23,42.9841742655274
"GYLTL1B",2.09284645384237,8.68156707317073,10.518869829266,8.82752307654776e-24,8.19670053195502e-23,42.9396804949288
"DAB2",-1.28545313147936,10.3655651567944,-10.5186704290758,8.84319362991966e-24,8.20753911492996e-23,42.9379245718028
"CYR61",-1.72337862761232,11.6633885017422,-10.5182972590836,8.87259473953638e-24,8.22738798566766e-23,42.9346384878089
"URB1",1.01065953595525,10.0436052264808,10.5176405706448,8.92456942272221e-24,8.27184696381431e-23,42.9288559703054
"IRX1",-3.51648841204545,3.72301672473868,-10.5130013769881,9.30045869970571e-24,8.61246806968689e-23,42.8880121632574
"ALDH2",-1.37205500740498,12.4011919860627,-10.5127860966347,9.31827835096078e-24,8.6250791048343e-23,42.886117114568
"DCN",-1.72289142010862,12.7574951219512,-10.5123977167587,9.35051196187024e-24,8.65101444692186e-23,42.8826983887799
"CETP",-1.75063910482147,4.27433344947735,-10.5061174529477,9.88738085195457e-24,9.13948351601203e-23,42.8274280249621
"CASKIN1",2.44991676814219,3.17700452961673,10.5036130175366,1.01099110532359e-23,9.33257526631891e-23,42.8053936090968
"PIK3IP1",-1.14891544182986,10.0774566202091,-10.5030897902839,1.01570263867076e-23,9.37185400984751e-23,42.8007906221724
"C8orf77",1.58561208491033,2.89697003484321,10.5015610416139,1.0295939189417e-23,9.49576062707684e-23,42.7873426504568
"SCARF1",-1.39758299818991,8.38005574912892,-10.5001312106739,1.04275702411596e-23,9.61284315451305e-23,42.7747660283706
"SRRM3",1.89528576929408,5.79629111498258,10.4999495483762,1.04444133648195e-23,9.62404876031168e-23,42.7731682314368
"FAM180B",-1.1876626032582,0.784061672473867,-10.4996041898173,1.04765083890218e-23,9.64929193479661e-23,42.7701307080413
"FAT4",-1.80769821293403,8.05148675958189,-10.4979118650086,1.063520152507e-23,9.79106221119672e-23,42.7552472234716
"ST6GALNAC2",-2.13043932203392,7.69310243902439,-10.4892792309318,1.14826063537891e-23,1.05558306460923e-22,42.6793510814602
"C17orf87",-1.86168418298504,5.38427020905923,-10.4855736505693,1.18666131606372e-23,1.09002938786525e-22,42.646785432323
"TTC7B",-1.09841264768801,8.07263954703832,-10.481825371928,1.22680155253007e-23,1.12539034287052e-22,42.6138524663281
"NET1",1.16168320882015,11.5059987804878,10.4802150624016,1.24445763687952e-23,1.14107705605791e-22,42.5997064825374
"MAP3K8",-1.20462595359553,8.33812160278746,-10.4744196172003,1.3101147895682e-23,1.19806933763185e-22,42.5488077897633
"ENTPD7",1.01985159124569,8.65715923344948,10.4731247068161,1.32524869313085e-23,1.21136935307108e-22,42.537437803423
"MYOM2",-1.91430380450882,4.39841515679442,-10.4713646195976,1.34609788448495e-23,1.2298793755441e-22,42.5219848503585
"LRRC70",-1.20811117985849,4.77910139372822,-10.4703798191777,1.35790513008431e-23,1.24011531675404e-22,42.5133394136177
"EMP1",-1.49442535461578,11.2755167247387,-10.4701429772938,1.36076004568568e-23,1.24153399486201e-22,42.5112602912824
"COL5A2",1.84798253414516,11.3094771777003,10.4701004932585,1.36127278248143e-23,1.24153399486201e-22,42.5108873475003
"FAM72D",2.02651342109595,5.53178275261324,10.4649896381202,1.42437581832536e-23,1.29735738909582e-22,42.4660294716497
"LPXN",-1.20919368767485,8.9074369337979,-10.4648995318019,1.42551401300988e-23,1.29781830097973e-22,42.4652387434891
"PRR11",2.23375398716474,5.85911480836237,10.4612729831713,1.47208076858822e-23,1.33902606021782e-22,42.4334177926435
"FANCB",1.47855823597171,4.01877421602787,10.4463977360699,1.67942010773219e-23,1.52492237115178e-22,42.3029740808749
"NELF",1.10573687016621,9.82701149825783,10.4448924628126,1.70195234565299e-23,1.54469857012625e-22,42.2897810915573
"ABCA10",-1.92456156985357,3.56545243902439,-10.441965172387,1.74663344715234e-23,1.58315164106126e-22,42.2641285098966
"?|729884",4.27599469475074,5.10003031358885,10.4379866670948,1.80923232671124e-23,1.63916768170263e-22,42.2292717003652
"DHCR24",-1.14242937633702,13.6904149825784,-10.4369295218026,1.82623701529595e-23,1.65384410780882e-22,42.2200112695893
"OR2A9P",-1.09344914266909,6.91183693379791,-10.4291333307723,1.95663986039055e-23,1.77037533423614e-22,42.151737521395
"ROBO2",-2.65702212275796,6.09361184668989,-10.4289949715237,1.9590357112511e-23,1.77176225339142e-22,42.1505261783133
"TRPM1",-1.02981849596842,0.453313588850174,-10.4284612721828,1.96830465090577e-23,1.77936127182278e-22,42.1458537126507
"GIPC3",-1.27217608030279,6.62478257839721,-10.4257400945941,2.01624552059752e-23,1.8210963721015e-22,42.1220326989308
"ARHGEF19",1.37612500575943,9.18341898954703,10.4249161755166,2.03098841080198e-23,1.83279965159405e-22,42.114820998283
"CXCL16",-1.11928241237454,11.4849318815331,-10.4180389013537,2.15829700959366e-23,1.9459744227913e-22,42.0546398720161
"CD33",-1.70475126213593,6.67747578397212,-10.4063834534021,2.39239717639886e-23,2.15420675576617e-22,41.9527080091808
"TNFSF11",2.72489810761891,4.0665331010453,10.4036278120571,2.45133035414451e-23,2.20630478608447e-22,41.9286201100263
"SNHG3",1.43227828204707,6.00759024390244,10.3980588235583,2.57486582290883e-23,2.31546190732888e-22,41.8799531582949
"ARRDC4",-1.38775907849269,8.81056480836236,-10.3979227500559,2.57796041344124e-23,2.31722974115362e-22,41.8787642449651
"KCNMB2",-2.18342882014154,3.01986637630662,-10.396050927469,2.62090612191695e-23,2.3548009926895e-22,41.8624106690911
"TCTEX1D1",-1.98956436728651,3.95627857142857,-10.3930651655712,2.69088383665009e-23,2.41661614901252e-22,41.8363290804517
"PROK2",-1.86813412868193,1.9939256097561,-10.3898052491702,2.76940636220061e-23,2.48387560576577e-22,41.807858498452
"MATN3",-2.0621533585651,7.15758641114983,-10.3869945957224,2.83893068317079e-23,2.54511995307845e-22,41.7833164592564
"IGFL2",3.00805774888928,3.72291968641115,10.3851944226853,2.8843671896201e-23,2.584725377691e-22,41.7676001039308
"SCGB1A1",-5.79075762053649,8.06837996515679,-10.3824304247104,2.9555396648901e-23,2.64619403925834e-22,41.743472722652
"SLC17A9",2.06541714332732,7.8985012195122,10.3813036691671,2.98505118215193e-23,2.6714516464507e-22,41.7336383504813
"NAP1L5",-1.10423169656081,6.26433048780489,-10.3792184805539,3.04043929277841e-23,2.71983523663358e-22,41.7154406537293
"SERTAD1",-1.1116287148264,9.06810226480838,-10.3766284737823,3.11065926002928e-23,2.78143878956451e-22,41.6928408218792
"DSCC1",1.56390185288795,6.71115574912892,10.3712269544317,3.26232635829761e-23,2.91451523654699e-22,41.6457207389646
"LIMK1",1.07297849925952,10.7197914634146,10.370552333638,3.28177719923768e-23,2.93061704655718e-22,41.639836870458
"RPL39L",1.95846657232189,7.51132857142858,10.3639556583686,3.47814622285599e-23,3.10327431356947e-22,41.5823161510288
"SGOL2",1.31100830014811,7.34613275261324,10.3606680738994,3.5803218505566e-23,3.19304985195165e-22,41.5536588942688
"MYEOV",3.98996008885967,5.75643885017421,10.3583309419025,3.6547647583157e-23,3.25802520574126e-22,41.533290332989
"DNMT3B",1.73521736712195,6.21957404181184,10.3572669018952,3.68916388083133e-23,3.28726278096646e-22,41.5240180575349
"AKAP13",-1.13222913937799,11.9239243902439,-10.3571111401127,3.69422636576922e-23,3.2903456524617e-22,41.5226607702197
"NEDD4L",-1.26281279249631,10.9926580139373,-10.3564102603623,3.71709144303197e-23,3.30784080301025e-22,41.516553570631
"PEG3",-1.87382428830016,5.48927456445994,-10.3466672095415,4.04988103899508e-23,3.59930985846619e-22,41.4316856116923
"SULT1A1",-1.55766557182822,9.03790731707317,-10.325065869957,4.89690307843565e-23,4.33894778594233e-22,41.2437197235241
"SIX1",2.58197644561464,8.06921724738676,10.3213125284137,5.06105369839575e-23,4.47859622534762e-22,41.2110871525351
"CLDN11",-2.03589572815536,6.08056881533101,-10.3185180013829,5.18680751955569e-23,4.58789997313565e-22,41.1867960584268
"OVOL1",2.10065950962647,6.49881602787457,10.318434111938,5.19063011527432e-23,4.58930388744969e-22,41.1860669291295
"GSDMB",1.86562361362516,7.80338972125436,10.3177204462079,5.22326305886207e-23,4.61616834259313e-22,41.1798642322117
"MNDA",-1.78409296363338,8.34162839721255,-10.3137322800805,5.40940953697792e-23,4.7786221081823e-22,41.1452072227796
"C10orf72",-1.5166540332401,8.36133728222996,-10.3079815009683,5.68947539115976e-23,5.01955005502836e-22,41.0952493593028
"FHDC1",-1.29497704788548,8.85010662020906,-10.3065181072551,5.7630113320754e-23,5.08006108404929e-22,41.082539694995
"MRPL36",1.01927980911635,8.42909198606271,10.3032576038937,5.93026250411452e-23,5.2252484639258e-22,41.0542264772836
"TPPP",-2.23777714661842,8.29787386759582,-10.3030520816506,5.94096496027792e-23,5.23243288865319e-22,41.0524419907923
"FAM105A",-1.77498106631563,9.38560540069686,-10.296655615287,6.2838141831799e-23,5.53201994771369e-22,40.9969156575973
"USP12",-1.00756378147113,8.0725231707317,-10.2963337655304,6.30157490454538e-23,5.54527787356694e-22,40.9941223756723
"REPS2",-1.40896567714334,8.54851933797909,-10.2929225665042,6.49290604876107e-23,5.71119799404733e-22,40.9645208184524
"ITIH3",-1.85499261806814,4.0821587108014,-10.2926949218777,6.50587774791889e-23,5.72015718050428e-22,40.9625456134972
"SGK1",-1.37000676320554,10.8617263066202,-10.2858163460274,6.91020127164997e-23,6.07045066782088e-22,40.9028764086506
"SEMA3B",-2.34259178871155,8.91498031358885,-10.2843788214107,6.99779902968479e-23,6.14477391272151e-22,40.8904098565623
"EPHB2",1.9206305051835,8.84520191637631,10.2799458202745,7.27493055653877e-23,6.38266343272398e-22,40.8519733704555
"FAM134B",-2.07806142175417,7.52339146341464,-10.2795484350733,7.30029900372985e-23,6.39945083461032e-22,40.8485283852053
"THRA",-1.01427973342111,9.11826533101045,-10.2760891718323,7.52487470577606e-23,6.59068590911188e-22,40.8185434406744
"SFTA1P",-3.1798020766826,7.20450609756097,-10.2745709232633,7.62559211234356e-23,6.67320571468087e-22,40.8053854320114
"GRM3",-1.33383558663816,1.29866428571429,-10.2631803316308,8.4251321798703e-23,7.36033887883988e-22,40.7067107420737
"PION",-1.18237691953267,9.16440574912891,-10.25887307848,8.74869004820671e-23,7.63650538646615e-22,40.6694174034528
"SBK1",2.10028870495312,8.59829181184669,10.253741473571,9.15030584797507e-23,7.97350505343498e-22,40.6250006864777
"CDKL1",-1.6806351225934,4.75188257839722,-10.2375831944852,1.05383004627687e-22,9.17131447650023e-22,40.4852424246631
"KLHL17",1.37460499917724,7.06529250871079,10.2371337192357,1.05797596905246e-22,9.20349434095216e-22,40.4813569387711
"P2RX6",-1.81987493829194,2.48301080139373,-10.2347400401384,1.08032924566901e-22,9.39396840897281e-22,40.4606667778232
"KANK4",-2.4286369063683,5.45997108013937,-10.2308488350925,1.11767161400856e-22,9.71456318187793e-22,40.4270396297335
"RGS13",-2.11917063353631,3.8602925087108,-10.2287765506762,1.13807841774725e-22,9.8835659544632e-22,40.4091348937348
"SPDEF",2.65199355932206,8.63138832752613,10.2266819954584,1.15908027374243e-22,1.00574463313322e-21,40.3910402804044
"KREMEN2",2.25719270034558,3.45903414634146,10.2186656641468,1.24307300308021e-22,1.07589750224439e-21,40.3218117884883
"TRPM8",3.75494721079483,4.22583658536585,10.2181639491588,1.24852624928834e-22,1.08016198474039e-21,40.3174802589334
"SLC29A4",2.46254679940763,7.93240923344948,10.2180949861823,1.24927767610977e-22,1.08035681089021e-21,40.3168848822449
"SLC22A10",-1.06420342932369,0.569910452961673,-10.2146415606072,1.28748610858142e-22,1.11293009722849e-21,40.2870740430194
"PPARG",-2.07786963962484,8.06531777003483,-10.2069715813851,1.37654434658131e-22,1.18841276010573e-21,40.2208897649492
"MS4A14",-1.74582455487906,5.35212770034843,-10.2037803398221,1.41537560792688e-22,1.22142333882887e-21,40.1933626568004
"ARMCX1",-1.23208961329604,7.90651306620209,-10.2031095718365,1.42367479676635e-22,1.2280690578829e-21,40.1875774831514
"ETV5",-1.30372126378148,9.85584425087108,-10.2012442239476,1.44700887620562e-22,1.24767292013866e-21,40.1714907974119
"C15orf48",2.58223793648184,8.98370609756098,10.2001181730445,1.46127821773558e-22,1.25891908561106e-21,40.1617807642351
"FBXO16",1.48446842850092,5.4013362369338,10.1992135608946,1.47284256484278e-22,1.26834974229121e-21,40.1539807535116
"RGS22",-2.75692641105811,3.81886968641115,-10.1971253254894,1.49988605391053e-22,1.29109688414185e-21,40.1359767889391
"VASH1",-1.16865453677803,9.36651933797908,-10.1970033942709,1.50148025137645e-22,1.29192747530422e-21,40.1349256235717
"MACF1",-1.07579168668752,12.4224912891986,-10.1964884750659,1.50823116120416e-22,1.29719253202854e-21,40.1304866165155
"AADAC",-3.41047819647856,4.65435923344948,-10.1963663337582,1.50983692438472e-22,1.29802981815822e-21,40.1294336854911
"PCDH10",-2.16197966759917,2.88356167247387,-10.1938584247469,1.5431854500283e-22,1.32558984473142e-21,40.1078159415878
"PPAPDC1A",2.87098866545996,3.82789721254355,10.1921634486331,1.56613706290039e-22,1.34474253037829e-21,40.0932076237395
"EYA4",-2.63286221819979,4.57872909407666,-10.1880669475278,1.62301591791019e-22,1.39241608001238e-21,40.0579084711792
"SYNC",-1.83518145137405,7.20667421602787,-10.1866990952969,1.64246103400342e-22,1.40850981738054e-21,40.0461240094284
"PCDH11X",-1.70540141846308,1.41802804878049,-10.1839292095369,1.68254807263763e-22,1.44228442301672e-21,40.0222639599686
"C1orf31",1.07914880368604,8.61885296167248,10.1815490087062,1.71777005518891e-22,1.47124819495321e-21,40.0017642827045
"CENPO",1.04263841369098,6.89855470383275,10.1800765060944,1.73992535109181e-22,1.48960247947936e-21,39.9890838937986
"SLC9A7",1.50025013328947,6.0401381533101,10.1763066763855,1.79794700611111e-22,1.5386349326995e-21,39.9566259691797
"FLJ11235",-1.26247070923154,3.87256324041812,-10.1741011719908,1.83277809108178e-22,1.56778892541287e-21,39.9376406202613
"C4orf31",-2.64251440513413,9.89770801393728,-10.1711429371514,1.88055044321409e-22,1.6079841982168e-21,39.912180121487
"PRCD",-1.17056957380287,3.23928588850174,-10.1695190036157,1.90729849406696e-22,1.62949804757364e-21,39.8982056725411
"CASP5",-1.80566701662006,2.51508205574913,-10.1690442415114,1.91518945195327e-22,1.63555904528289e-21,39.8941204904808
"IL1A",-2.52965706104988,3.81201080139373,-10.168121991465,1.93061075546881e-22,1.64804319375363e-21,39.8861851901255
"PLP1",-1.93377584005268,1.45922595818815,-10.1679317491056,1.9338071704867e-22,1.65008566957988e-21,39.8845483531277
"ZMYND15",-1.44351848609513,6.60418083623693,-10.1619546585374,2.03695226962414e-22,1.7361094484681e-21,39.8331325431868
"PTGDS",-2.16152188250784,9.85711986062718,-10.161942976603,2.03715911415473e-22,1.7361094484681e-21,39.8330320740083
"FBXL6",1.08829420437717,8.78256341463415,10.160378191148,2.0650549917678e-22,1.75915265481298e-21,39.8195750348557
"MCM7",1.0902347013329,11.0101891986063,10.1542283845187,2.17841002804545e-22,1.85494640712456e-21,39.7667010857878
"THY1",1.61133061049862,10.6926975609756,10.1450632678593,2.35889765899415e-22,2.00530720244927e-21,39.6879437704781
"RILP",-1.10295356261314,8.05494843205574,-10.1441782846131,2.37709209203682e-22,2.01993794079122e-21,39.6803415827088
"IGFBP3",1.95570905051837,12.0710155052265,10.1418160717477,2.4263417729187e-22,2.06093490269015e-21,39.6600519454532
"ARHGAP30",-1.31727136086886,9.5919869337979,-10.1395375730086,2.47480505892894e-22,2.10036163124478e-21,39.6404844605491
"CADM1",-1.95380000658221,10.5941634146341,-10.1393679635547,2.47845079932142e-22,2.10258656653177e-21,39.6390279962589
"ZC3H12C",-1.18367476057266,8.17981080139373,-10.1371280051704,2.52710141214393e-22,2.14297364689446e-21,39.6197946934097
"PKDCC",-1.7940355372717,7.658587456446,-10.1303185620553,2.68089370780579e-22,2.27245036421358e-21,39.5613438539756
"HRCT1",-1.91097124568045,4.6628594076655,-10.125512821094,2.79498736083722e-22,2.36720670453746e-21,39.5201088162261
"ATP6V1C2",1.86223205529045,7.13672473867596,10.119454085509,2.94571724906787e-22,2.49281018645356e-21,39.4681420194198
"FRAS1",-2.32738360046078,7.71463885017421,-10.112669908042,3.12408306800695e-22,2.6404868417531e-21,39.4099786781612
"PLAGL1",-1.51535410235315,8.07199512195122,-10.1064492296813,3.29703235089547e-22,2.78322673371233e-21,39.3566703012492
"SEC61A2",1.04333730129999,6.67758344947736,10.1050799429678,3.33635926412527e-22,2.81526739385498e-21,39.3449392067312
"SIGLEC5",-1.70734453513248,5.7624405923345,-10.09826702811,3.53905829764228e-22,2.98140610794403e-21,39.286587364434
"CCDC81",-2.0794635675498,3.4686893728223,-10.0962124207333,3.60255184017604e-22,3.03365009347063e-21,39.2689952688455
"INCENP",1.12741708408755,8.55015139372822,10.0930583083564,3.70222938422807e-22,3.11503152697551e-21,39.2419937749288
"IL6",-2.46081795951952,6.62526393728222,-10.0914806161353,3.75311015834545e-22,3.15525600126257e-21,39.2284897903121
"PLEKHH2",-1.72969414513742,8.34522891986063,-10.0884224272787,3.8537212149112e-22,3.23586488924854e-21,39.2023179428357
"PRIMA1",-2.49926198124077,3.00365452961673,-10.0845622373443,3.98454603038466e-22,3.34298038429902e-21,39.169290505496
"IL23A",1.87066561461249,4.55427787456446,10.082978355149,4.0394913956953e-22,3.38631108018067e-21,39.1557415037445
"C1orf186",-2.11476601612639,4.17508675958188,-10.0787030056019,4.19158645913601e-22,3.50951345864854e-21,39.119176301023
"LRCH2",-1.98600362678955,6.00497839721254,-10.0777581386611,4.22595914337389e-22,3.53685043674953e-21,39.1110967259917
"SLC26A6",1.15254841533652,7.9974080139373,10.0734980374741,4.38444028573255e-22,3.66649935096086e-21,39.0746750878404
"KRT8",1.23833241072899,14.1972405923345,10.0642362405828,4.74962523082969e-22,3.96865307240266e-21,38.9955286774422
"MAGI2",-1.18405329932534,7.06129320557492,-10.0641245134145,4.75420986897588e-22,3.97086772213486e-21,38.9945742267256
"PAK7",-1.64068748066481,1.14963257839721,-10.0630735678818,4.79755007377798e-22,4.00380906563666e-21,38.9855966857763
"EFHA2",-1.43240771104165,5.60460888501742,-10.0620373238929,4.84066776814444e-22,4.03815153514853e-21,38.9767453719968
"CES4",-2.85521589271025,4.29069668989547,-10.0588749865124,4.97464260045684e-22,4.14654537504584e-21,38.9497374865268
"LPA",-1.30661886786243,0.586571602787456,-10.0569422345527,5.05832973743813e-22,4.21288071032879e-21,38.9332337750846
"PIK3R5",-1.43045390159619,8.03273135888501,-10.0554301279143,5.1247757428575e-22,4.2647606810241e-21,38.9203234874343
"RD3",-1.39876406779662,1.27225540069686,-10.0508320601477,5.33219387482468e-22,4.43377643783518e-21,38.8810737648277
"WNT9A",-1.64152446601943,4.58900365853659,-10.0504706489369,5.34884579276457e-22,4.44582202937072e-21,38.8779892425161
"LRRC4B",-1.61698941583019,4.8785574912892,-10.0476733884765,5.47948584120607e-22,4.55256350950872e-21,38.8541181958474
"ARHGEF37",-1.72648280072405,7.15844407665505,-10.0464824525738,5.53606218543513e-22,4.5977086030333e-21,38.8439564893163
"GPR115",3.33583135428669,4.96062770034843,10.0448318556449,5.61543452730548e-22,4.66174164357386e-21,38.8298741008413
"TNFRSF25",1.88656608194835,6.82279651567944,10.0396593562097,5.87155026918641e-22,4.86845424177694e-21,38.7857544051684
"COL5A1",1.81143622181999,11.9763466898955,10.0384299274513,5.93411029691736e-22,4.91834010479263e-21,38.7752701274724
"ARHGAP39",1.25253643574133,8.20208292682927,10.0325564542168,6.24223152171886e-22,5.16954470112498e-21,38.7251949436791
"ART1",-1.08299133783118,0.676255400696864,-10.0286892762105,6.45371564334037e-22,5.33607660724035e-21,38.6922359397743
"TMEM178",-2.03693370413035,5.18347142857143,-10.0286231910816,6.45739073133371e-22,5.33696585001132e-21,38.6916727898841
"LILRA6",-1.72318009215074,7.06606324041811,-10.0279592713939,6.49442765218614e-22,5.36541648689664e-21,38.6860152876297
"TPSAB1",-2.24714045088039,8.68009163763066,-10.0208899627462,6.90209927064774e-22,5.69534156054655e-21,38.6257914020601
"LOC642846",1.45111678459767,6.87387543554007,10.020369946895,6.9330708617854e-22,5.71859963007048e-21,38.6213625296226
"KPNA7",2.22926644067799,5.0863393728223,10.0188685040836,7.02327108005312e-22,5.78834826469252e-21,38.6085759415192
"MESP1",1.97565609346718,5.65861393728223,10.0180615535082,7.07222920233343e-22,5.82635896965912e-21,38.6017043435639
"PACRG",-2.60739267730791,3.20033153310104,-10.0174476589835,7.10970113823551e-22,5.85488023938929e-21,38.5964769767804
"PTGFRN",1.08067394108936,10.6558179442509,10.0162841896194,7.18126017430067e-22,5.90906899312195e-21,38.5865705473071
"OSTBETA",-2.66927484943231,2.87521515679443,-10.0141590642221,7.31381512158236e-22,6.01573014607716e-21,38.5684781228805
"FCN1",-2.11287991443148,7.06001289198606,-10.0078720905878,7.72034578637299e-22,6.33741299457167e-21,38.5149692388603
"CPAMD8",-2.63649737041306,8.37210487804877,-10.0041682370869,7.97025768240648e-22,6.53733081181802e-21,38.4834565124548
"NRXN1",-2.14359913444136,1.81193257839721,-10.0023706708499,8.09442202785509e-22,6.63652093577736e-21,38.4681656041517
"C1orf21",-1.4786759453678,9.42974390243901,-10.0003808594248,8.23410409966184e-22,6.742965981893e-21,38.4512416208156
"FUT3",1.92583070923155,8.82711167247387,9.99664723773928,8.50268336921537e-22,6.95735709724956e-21,38.4194923520309
"C2orf48",1.86404517360541,2.5169362369338,9.98591157360036,9.32434368894167e-22,7.61450978257647e-21,38.3282468315852
"PDPN",-1.77453431298339,8.89834860627177,-9.98484503235314,9.41015278681378e-22,7.68152829873904e-21,38.3191857502473
"C13orf38",2.03252504854371,2.93570696864112,9.98390183084894,9.4866909706629e-22,7.74092868154647e-21,38.3111731008388
"ATOH8",-2.6862294289946,8.65049651567944,-9.98334817970328,9.53190553299901e-22,7.77473264173499e-21,38.3064699925594
"SLC2A9",-1.35157355603095,5.77564616724739,-9.98153457910258,9.68151767764458e-22,7.89049455823911e-21,38.2910652575313
"LY86",-1.64604194832978,7.44778780487804,-9.98131573557377,9.69972785675016e-22,7.9021989245667e-21,38.289206532227
"ECM2",-1.52390574625639,7.65128519163763,-9.97617290241188,1.01375863965322e-21,8.24582601904933e-21,38.2455346491382
"DISP1",-1.14687478031925,8.19674006968641,-9.9750992519751,1.0231441202872e-21,8.3188708077213e-21,38.236419427093
"UBE2S",1.48253121935167,8.21488797909407,9.97499562418638,1.02405454707278e-21,8.32297697996994e-21,38.2355396704492
"RHPN1",1.62020032910977,8.68609965156794,9.9741218055853,1.03176354965697e-21,8.3789974978076e-21,38.2281215711201
"CLEC4E",-2.10354335362845,5.67517282229965,-9.97206641356422,1.05012433734595e-21,8.51799788451694e-21,38.2106745547234
"PCSK9",-3.19550336350177,6.69950853658536,-9.97128371119705,1.05720110352468e-21,8.56862955205751e-21,38.2040313187439
"ABCB9",1.16755772914268,7.1718118466899,9.96916316022194,1.07661256001937e-21,8.72251612359814e-21,38.1860348511592
"TBC1D2",-1.26758480171138,9.98530871080139,-9.96337640511319,1.13140172205606e-21,9.15917876727558e-21,38.1369381345596
"DTX2",1.14581660029621,9.78960034843207,9.96316566783385,1.13344834553431e-21,9.17213028530525e-21,38.1351505494246
"NPY5R",-1.53422868520653,0.922772473867596,-9.95919229167968,1.17273142633102e-21,9.48627903174778e-21,38.1014512521845
"JPH2",-1.77173644232353,5.33662160278746,-9.95598196006075,1.20545461437916e-21,9.73946605006065e-21,38.0742304587163
"TMEM63C",3.19197863419453,6.23312055749129,9.95537517468057,1.21174063872529e-21,9.78640256216763e-21,38.0690861459138
"CERCAM",1.34634739509628,9.85296655052267,9.95513939838519,1.21419193783953e-21,9.80234387882244e-21,38.0670872993578
"RACGAP1",1.27148961329604,9.14513710801394,9.95340132772477,1.23241458980382e-21,9.94554698454104e-21,38.0523534434119
"ACOT11",1.38996361033406,7.34334024390244,9.95204528827136,1.24682003916161e-21,1.00538945027446e-20,38.0408593752201
"KIF20B",1.17479382590095,7.83641602787457,9.95171250303495,1.25038072516141e-21,1.00786479338688e-20,38.038038787973
"THSD4",-1.43580196807637,8.61052961672474,-9.94208153393114,1.35791522752545e-21,1.09325488710186e-20,37.9564383962708
"TMEM232",-2.62390510778347,3.4257350174216,-9.93949198636514,1.38836152037431e-21,1.11689114472119e-20,37.934507415559
"ATF3",-1.79662724370579,9.75947909407665,-9.93935636533784,1.38997459666289e-21,1.11775082136659e-20,37.933358946719
"PLA2G3",-2.99890491031762,4.0716618466899,-9.93455740759731,1.44826595065585e-21,1.16416992822884e-20,37.8927274257622
"TMSB15A",-1.99530019746587,3.02891027874564,-9.93182022449689,1.48259287051574e-21,1.19129673705238e-20,37.8695586103212
"TMEM146",-2.59090627941422,1.89497926829268,-9.93092523633158,1.49399102888864e-21,1.19951645768806e-20,37.8619839832862
"ONECUT2",3.08327515879548,4.44697857142857,9.92816312560308,1.52971892475275e-21,1.22724226358632e-20,37.8386102210066
"TEF",-1.25010543360212,9.19507108013938,-9.9215710767222,1.61844862750472e-21,1.29690672609961e-20,37.7828449837277
"HCK",-1.60136880039494,9.27138606271778,-9.92138820942221,1.62098147164611e-21,1.29842955961353e-20,37.7812983960767
"SDF2L1",1.04423324666777,9.21425679442509,9.91704725749207,1.68227479815852e-21,1.34700084267529e-20,37.7445910028693
"PRELP",-1.85225985519172,10.4421088850174,-9.91401732535924,1.72641361968666e-21,1.381803961488e-20,37.7189764078537
"OR51E1",2.23240610827713,2.9652393728223,9.91353353992467,1.73356677534452e-21,1.38698853849661e-20,37.7148870696964
"FAM49A",-1.42476207668259,6.69655,-9.910297394008,1.78217765967472e-21,1.42421593433717e-20,37.6875362236972
"SMPDL3B",1.61949309198619,9.86656341463415,9.90765715670322,1.82283685477368e-21,1.45557528698964e-20,37.6652264760833
"LOC150622",-2.60136610498604,2.19130644599303,-9.90605110847384,1.84801838955836e-21,1.47510954656427e-20,37.6516575801918
"MAP6",-1.79955861115684,6.7321456445993,-9.90005065465855,1.94519109010682e-21,1.55026293012007e-20,37.6009757663846
"KCNMB3",1.12745850255061,5.97345296167247,9.8988209971936,1.96572149333247e-21,1.56601716174294e-20,37.5905923541503
"HIST1H4J",1.54581685700182,4.24043135888502,9.89160017253821,2.09069067857465e-21,1.66428381663969e-20,37.5296370340863
"EPHX4",2.33397546815865,5.22894494773519,9.89127849430731,2.09643759851635e-21,1.66821177897445e-20,37.5269222869661
"EGR1",-1.80503077834459,11.8225630662021,-9.89116469308534,2.09847445601916e-21,1.66918560953403e-20,37.5259618964321
"LOC100287718",-2.8070112061873,2.06369738675958,-9.88736640187991,2.16759544270182e-21,1.72349862272147e-20,37.4939118675588
"EVI2B",-1.43951877242061,9.25619146341463,-9.88495521175988,2.21264094463531e-21,1.7579535059351e-20,37.473570735741
"GABRA4",-1.03820285009052,0.388257142857143,-9.88431018594837,2.22484782621237e-21,1.76696811884487e-20,37.4681298045486
"TCEAL7",-1.42083968734574,4.57183362369338,-9.88053679346927,2.29760794157669e-21,1.82334329495823e-20,37.4363054652783
"KLRF1",-1.96219319401022,3.55513972125435,-9.88014484898965,2.30529956188854e-21,1.8287403402462e-20,37.4330003458246
"DBN1",1.10633074872471,10.8431222996516,9.87874068727634,2.3330654188467e-21,1.85005148895028e-20,37.4211603436531
"ZNF781",-1.30336533157809,3.73170766550522,-9.87698840717624,2.36818059161262e-21,1.87572328494626e-20,37.4063866513834
"ICA1",1.02755890735561,9.52512857142857,9.87396646013232,2.42997528453955e-21,1.92392566878507e-20,37.3809125997602
"MPDZ",-1.22492140529868,8.55204616724739,-9.87067600332562,2.4990803188145e-21,1.97711441022203e-20,37.353181376599
"HIST2H4A",1.53574003620209,8.33398013937282,9.87057654952395,2.50119908202758e-21,1.97802839576372e-20,37.352343304491
"CBX2",2.02868439361529,7.61997125435541,9.86541458699123,2.61365042091819e-21,2.06616261615134e-20,37.3088529639743
"DDO",-1.79480977785092,5.19496567944251,-9.86467185707708,2.63023789014435e-21,2.07847513027958e-20,37.3025966754256
"LOC257358",-1.2308664044759,1.73093257839721,-9.86101017987822,2.7135531654255e-21,2.14266332639175e-20,37.2717578965459
"CDH23",-1.88299330261644,5.87481411149826,-9.86013805261639,2.73377977879374e-21,2.15780464662189e-20,37.2644140059461
"PODXL2",2.5813934935001,9.01661794425087,9.84963511423681,2.98943218597433e-21,2.35687568272093e-20,37.176008476815
"COL29A1",-2.54804020733917,5.71314094076655,-9.84796588951573,3.03219084686043e-21,2.3896690244163e-20,37.1619644039359
"IL5RA",-2.29406653941091,3.12798048780488,-9.84635301172222,3.07408215112239e-21,2.42175389725797e-20,37.1483960124193
"SDC2",-1.35891139377984,9.82751341463414,-9.84286243999313,3.16671823554997e-21,2.49186375530245e-20,37.1190368557872
"TUBA1A",-1.11600418627613,11.8355222996516,-9.84210261851517,3.18724711861696e-21,2.50705683314966e-20,37.1126469859752
"NQO1",2.28647796281062,11.5700973867596,9.84116053452332,3.21288373011631e-21,2.52601334200532e-20,37.1047248296551
"CES1",-2.79679908836599,10.185412369338,-9.84112672658792,3.21380752524009e-21,2.52601334200532e-20,37.1044405425612
"RAB19",1.38607718282048,4.03946515679442,9.83879620736063,3.27812754362818e-21,2.57459672802932e-20,37.0848451424113
"CWH43",-2.80058366299162,1.92353205574913,-9.83567109451019,3.36638544041669e-21,2.64290222148202e-20,37.0585738380752
"NCRNA00152",1.29370014151721,7.72742229965157,9.83378727912102,3.42072142443497e-21,2.68453405365635e-20,37.0427403819266
"LGI2",2.07445385881193,7.13521585365854,9.8333094637342,3.43464105402804e-21,2.69339880974774e-20,37.0387246892506
"FAM63B",-1.07898698041798,7.40586341463414,-9.82696599914649,3.62484880724993e-21,2.83930354875395e-20,36.9854255977363
"NPR3",-1.94390990620373,5.90491829268293,-9.82603324663548,3.65368449444789e-21,2.86079872887167e-20,36.9775904811262
"PACSIN1",2.07952786243214,4.74953780487804,9.82183151033132,3.78642571905247e-21,2.96247408582878e-20,36.9423024716538
"GBP4",-1.63572159618234,10.0189524390244,-9.82177257559321,3.78832119392007e-21,2.96282796614015e-20,36.9418075883948
"CDKL5",-1.65166305742966,5.02822752613239,-9.8206675460094,3.82403619179888e-21,2.98848355605752e-20,36.932528891008
"SYNE1",-1.53059811091,10.6631264808362,-9.81857247893971,3.89266874082099e-21,3.03980560095302e-20,36.9149390984286
"C17orf96",1.3592804179694,6.9766956445993,9.81594815367249,3.9803650478994e-21,3.10238779169987e-20,36.8929095184597
"DOK6",-1.78860278097747,5.70669738675958,-9.81388561170613,4.05066101876831e-21,3.154782652326e-20,36.8755987001484
"FILIP1",-2.01719834786903,7.30788501742161,-9.80605228650937,4.32903629300848e-21,3.36903393083639e-20,36.8098775526782
"CHRNB1",1.12619242718447,7.90373397212544,9.80387317304635,4.4097938539805e-21,3.43058233505948e-20,36.79160155705
"EPB41L3",-1.49571696560804,8.88263414634145,-9.80203716645359,4.4789942852992e-21,3.4830966923179e-20,36.7762054073491
"AQP9",-2.03790762218201,7.66194337979094,-9.79795733102023,4.63664517186964e-21,3.60432886703839e-20,36.7420005953399
"ARHGAP25",-1.1330303505019,8.59226655052265,-9.7956102285929,4.72982130712948e-21,3.67536833593369e-20,36.7223273881898
"SCG5",2.57209273983876,6.48684268292682,9.79420496048546,4.78649433431908e-21,3.71799957183393e-20,36.710550160805
"HPCA",1.65159965772587,2.53187491289199,9.79144069455749,4.89994671287822e-21,3.80324786447599e-20,36.6873869997178
"KRT16",3.90621340134939,4.9649850174216,9.78146233243274,5.33211955471141e-21,4.13088356446133e-20,36.6038121077249
"CDKN2B",-1.69688677636993,8.7705200348432,-9.779306992985,5.43032167284783e-21,4.20378974146176e-20,36.5857677993196
"IL18R1",-1.54180250452527,6.29366358885018,-9.77040198341401,5.85542556834271e-21,4.52604995926491e-20,36.5112459296271
"ALPK2",2.16615070264935,4.35106707317073,9.76628248891544,6.0630875230838e-21,4.68480191377156e-20,36.4767881921988
"MOBKL2B",-1.29144468652297,8.1916487804878,-9.76590230019311,6.08261683537289e-21,4.69812353763e-20,36.4736086056082
"LOC284276",-1.95863895013989,3.22773710801393,-9.76256615441034,6.2566831358976e-21,4.82893626992397e-20,36.4457116089915
"NR4A1",-2.11754361362516,11.0316844947735,-9.76243827172021,6.26345292595116e-21,4.83234455354293e-20,36.4446423837882
"ALPP",-3.21116800065825,4.10282351916376,-9.75826765498287,6.48826095262564e-21,5.00015005095362e-20,36.4097774036754
"C14orf86",-1.56301645548792,0.946762369337979,-9.75702030898936,6.55703761731027e-21,5.04936167604575e-20,36.3993520696528
"IRF7",1.15812455158797,9.73479912891985,9.75223108940245,6.82788973804861e-21,5.25333380666333e-20,36.3593325555764
"ESRP1",1.02993711370743,11.0643233449477,9.7508628833757,6.90728531208833e-21,5.31110739539975e-20,36.347902177079
"DAPK1",-1.34390147441173,10.72738728223,-9.74818487221635,7.0653463491753e-21,5.42857636783566e-20,36.3255326347263
"KCNAB2",-1.25781353957546,8.84047560975609,-9.74285968807684,7.3903813405318e-21,5.67406615262221e-20,36.2810641933405
"B3GNT4",2.27641238440022,4.1798681184669,9.7380380108018,7.69745062209029e-21,5.90319989807672e-20,36.240815320684
"PCDHGA12",-1.70475150567715,5.33995522648084,-9.73500531770241,7.89703440687086e-21,6.04948195421861e-20,36.2155072647946
"C1orf97",1.07721668915584,7.39804825783972,9.72960269757399,8.26537864545075e-21,6.3269285455296e-20,36.1704359600987
"HVCN1",-1.1066802797433,7.66925731707317,-9.72358252437734,8.69592081912047e-21,6.64231424397676e-20,36.1202338205675
"TFRC",-1.33298203718941,11.4487724738676,-9.72247920214288,8.77720385131327e-21,6.70122703858168e-20,36.1110356440251
"IL4I1",1.77486929405959,7.99128414634147,9.71737682977317,9.16300740921646e-21,6.99318000413435e-20,36.0685079086186
"NCKAP1L",-1.52864479842028,9.4278637630662,-9.71615794885434,9.25763050904706e-21,7.06014689267222e-20,36.0583510308634
"FRMPD4",-1.28479097251934,0.769328745644599,-9.71607197445125,9.26434125947304e-21,7.06264114582181e-20,36.0576346446371
"MMP9",2.26235640612146,9.92677386759584,9.71015522784444,9.73795050756125e-21,7.4099378769545e-20,36.0083439548232
"IL20RA",-2.27066784926775,6.9568944250871,-9.70510907273759,1.01607855003137e-20,7.72309982678416e-20,35.9663229112518
"PROC",2.73668422576931,4.51324843205575,9.70189507770266,1.04395349177351e-20,7.92910291753987e-20,35.9395670486921
"C11orf21",-1.72759411880864,4.24906393728223,-9.69835345018239,1.07554863770642e-20,8.16303642591973e-20,35.9100910713593
"ETV1",-1.6679793351983,9.35180191637631,-9.69673123958349,1.09033532149712e-20,8.26609459022741e-20,35.8965924428225
"FBLN1",-1.53824296527893,11.4976674216028,-9.69295288155463,1.12556160008784e-20,8.53000356212746e-20,35.8651585073167
"SIGLEC6",-2.06599138719765,3.59717508710801,-9.69246835430959,1.13015979195026e-20,8.55853210207996e-20,35.8611281333823
"ARSH",1.58669050189239,1.50730540069686,9.69189175191828,1.13565605650887e-20,8.59698334812944e-20,35.8563320522642
"GPR65",-1.42776465361199,6.6191543554007,-9.68963827739419,1.15739187172462e-20,8.75184350884216e-20,35.8375899963114
"COL7A1",2.97975076847131,6.83676637630662,9.68544102271637,1.19898164469167e-20,9.0629945381149e-20,35.8026899390452
"ABCB1",-1.71450087214087,5.70996898954703,-9.6846273773578,1.20721369617339e-20,9.12186131116658e-20,35.7959257562941
"PODNL1",2.21663942405795,7.0847594076655,9.67894407648901,1.26629825489964e-20,9.56127369367033e-20,35.7486894185015
"LOC150197",2.01850305084747,2.93044320557491,9.67120816954291,1.35135363135202e-20,1.01922446920121e-19,35.6844250031889
"GUCY1B2",2.49799337172949,4.37748013937282,9.67078507329654,1.35616550009144e-20,1.0224780652544e-19,35.6809112851979
"GCSH",1.67062474576272,3.52102073170732,9.67045482435013,1.35993321825453e-20,1.0249423263864e-19,35.6781687196576
"TNFAIP8L3",-1.36748211288466,6.37344738675958,-9.66981244156245,1.36729173409321e-20,1.03011006608931e-19,35.6728342189824
"NFATC1",-1.12240126049038,8.37830818815331,-9.66967635484961,1.36885567150804e-20,1.03091001232796e-19,35.6717041549838
"FAM83H",1.07684054961331,11.1885412891986,9.66435203157412,1.43145603765876e-20,1.07726511924979e-19,35.6274999501046
"BIK",1.75994680269872,6.48370905923345,9.66274184447301,1.45094070353106e-20,1.09152849554755e-19,35.614135117852
"SGCE",-1.41639475069937,8.79005557491289,-9.66200211862259,1.45997995158116e-20,1.09792631523667e-19,35.6079958017412
"C18orf34",-1.62582494981078,1.50343013937282,-9.65452523378827,1.55453819654618e-20,1.16775225668105e-19,35.5459607625396
"ID3",-1.23214071087709,9.7165350174216,-9.65282819796579,1.57683163028029e-20,1.18406559508612e-19,35.5318854198549
"FCGR3A",-1.63792466019418,11.0924334494773,-9.65271644481603,1.57831076985245e-20,1.18474296545049e-19,35.5309585933074
"BAIAP2L2",2.73743718282049,4.89052229965157,9.64963809599107,1.61960033326746e-20,1.21529220913673e-19,35.5054312935126
"CYP2F1",-3.08284340957712,2.39804947735192,-9.64577741093067,1.6728998309881e-20,1.25482767739078e-19,35.4734247304884
"SLA",-1.3473958038506,9.25792839721255,-9.64015128105797,1.75370031584633e-20,1.3149549848183e-19,35.4267984617508
"TPSB2",-2.32165742965281,9.35461881533102,-9.6399587193739,1.75653324227197e-20,1.31611779065122e-19,35.4252029631699
"TPK1",-1.28956910646702,6.36487055749129,-9.63712726471194,1.79871659826938e-20,1.34674149389024e-19,35.4017451730733
"KMO",-1.50777404311339,6.62296045296167,-9.6311708466894,1.89076220444663e-20,1.41411104033841e-19,35.3524141637614
"C8ORFK29",1.55249506335365,2.19398414634146,9.62957381122356,1.91622541708321e-20,1.43263320512448e-19,35.3391912641704
"NCRNA00115",1.2274600197466,4.52128066202091,9.62037687504977,2.06961706295435e-20,1.54506321099828e-19,35.2630745861729
"MICALL2",1.26523699851902,9.34698989547038,9.61628506273514,2.14171711211282e-20,1.597727191558e-19,35.2292263447452
"SYDE2",-1.33152278755966,6.51643257839721,-9.6117109690534,2.22526564236174e-20,1.65898611472019e-19,35.1914008777262
"MPP6",1.50741014645386,6.31718763066202,9.61170109384805,2.22544946904014e-20,1.65898611472019e-19,35.1913192287639
"C4orf48",1.86889368438376,5.53107282229965,9.6090503787896,2.27534072530295e-20,1.69556243522576e-19,35.1694051003909
"CCDC147",-2.2365782590094,3.43605121951219,-9.60597423236841,2.33463064294918e-20,1.73785232413875e-19,35.1439792927723
"CD244",-1.57244311666942,5.02534024390244,-9.60290783004244,2.39525654319117e-20,1.78233478911616e-19,35.1186398736582
"LAPTM4B",1.24422766496627,12.4534146341463,9.60214507037775,2.41057786790806e-20,1.79308563870118e-19,35.1123376657212
"CAMK2N2",2.06477545170316,3.61570853658537,9.59452764939139,2.56901738341397e-20,1.90955564379033e-19,35.0494194959989
"NCRNA00087",-1.25458485766004,5.1094893728223,-9.59239889518004,2.61511123691409e-20,1.94100627960399e-19,35.0318429176633
"F2RL3",-1.56305694586146,6.57900400696864,-9.59155310440196,2.63365184464206e-20,1.95406116264913e-19,35.024860222066
"SGMS2",-1.2618427283199,10.4276148083624,-9.59008045984385,2.66624518413104e-20,1.97681522680427e-19,35.0127033968384
"RASGRP2",-1.74042115846636,6.5887350174216,-9.589494350254,2.67932821785646e-20,1.98436537924218e-19,35.0078653799756
"AKR7A3",3.45033398058255,5.45168292682927,9.58902789321391,2.68978584572929e-20,1.99139211730337e-19,35.0040151827405
"GFRA1",-2.5941657462564,5.75313449477352,-9.58297068560816,2.82931462321246e-20,2.08941831707021e-19,34.9540304944791
"VIP",-1.33941827875598,1.447906271777,-9.57911312154573,2.9218892592838e-20,2.156232440442e-19,34.922209389288
"ASPG",-3.22994557841042,2.74875400696864,-9.57715685555645,2.96997718909535e-20,2.18935840905305e-19,34.9060756619344
"ELMO1",-1.2569045088037,8.6606318815331,-9.57651526651,2.98591859012215e-20,2.19953027108747e-19,34.9007848643247
"SLC8A1",-1.26005384893863,8.04461811846689,-9.57509178637436,3.02159090760731e-20,2.22500937349993e-19,34.8890471983251
"SRD5A3",1.37405037024849,10.1445677700348,9.5734587328229,3.06303564785541e-20,2.25391117743626e-19,34.875582996341
"TTLL7",-2.1896873720586,5.12504773519164,-9.57264078673954,3.08400532618736e-20,2.26852846100418e-19,34.8688398179486
"MFI2",2.30295523778183,7.00421829268293,9.57253610771543,3.08669923153914e-20,2.26969682032588e-19,34.8679768702096
"NFASC",-1.82327337502059,6.74270574912891,-9.56920399308054,3.17368050007559e-20,2.33281993077522e-19,34.8405113172371
"GBA3",-2.03598519006091,1.81579024390244,-9.56842681208686,3.19431485239121e-20,2.34714688330678e-19,34.8341062586112
"HMGCS1",-1.08424828369262,10.4245259581882,-9.55974871376173,3.43395053657122e-20,2.52232574296269e-19,34.762612168537
"GRAMD2",-1.8945532269212,8.23501358885017,-9.55945568339371,3.44234590807522e-20,2.52754035275023e-19,34.7601988719275
"C11orf88",-3.31889056113216,3.62077857142857,-9.55941503447548,3.44351211234408e-20,2.52754035275023e-19,34.7598641057482
"FUT6",2.50502363666285,6.31173693379791,9.5590498002055,3.4540081468983e-20,2.53433835796362e-19,34.7568562470733
"FOXF2",-1.59388753332238,6.98352038327526,-9.55649032352901,3.52845695981151e-20,2.58526842915526e-19,34.7357802095971
"LOC100128191",1.12121005101202,5.74862473867595,9.54891626871146,3.75821227350553e-20,2.74870316975663e-19,34.6734355290707
"LYPD2",-1.81571787065989,0.96505243902439,-9.54217009607286,3.97530381016293e-20,2.90541072348327e-19,34.6179356008778
"XRCC3",1.00093416817509,8.02348797909408,9.5412317194289,4.00646927909845e-20,2.92506451991078e-19,34.6102179450478
"NFAM1",-1.49642215237783,8.23118449477352,-9.53956129663939,4.06254792218113e-20,2.96495232287162e-19,34.59648095538
"CD44",-1.26138782952115,12.6672212543554,-9.53876684445803,4.08949119281558e-20,2.98249570829498e-19,34.5899482624985
"DRP2",2.03612470297846,3.31589425087108,9.5362352057698,4.17653683244214e-20,3.04489705859507e-19,34.5691335082601
"ARHGAP23",-1.2003770215567,9.60003379790941,-9.53013602844016,4.39385943203199e-20,3.2010622476798e-19,34.5190034455917
"FAM178B",2.41840970873788,4.64282752613241,9.53007059110038,4.39625080163604e-20,3.20166828512195e-19,34.5184657323528
"FOXD2",1.12093883495147,5.30382038327526,9.52892986711238,4.43814574170139e-20,3.23103305238048e-19,34.5090925789671
"BHLHA15",2.04712352147443,4.19005574912892,9.52519619231189,4.57805752514002e-20,3.33052873816884e-19,34.4784192425515
"GJA1",-1.63683962810599,10.861600174216,-9.52326056058738,4.65230296538014e-20,3.38334324758251e-19,34.4625208413185
"LAPTM5",-1.30107087378642,12.5602628919861,-9.52147127683923,4.72199574850353e-20,3.4328106486111e-19,34.4478265624177
"C1orf65",1.98751442817181,2.06588728222997,9.52104552625105,4.73873058318292e-20,3.44253853052885e-19,34.444330431861
"STAC3",-1.29940469310516,6.25744425087108,-9.51871307425582,4.83145997991791e-20,3.50742126547789e-19,34.425179080707
"PLAC1",2.34860525917396,2.63560487804878,9.51733000427691,4.88729257063791e-20,3.54169136869737e-19,34.4138245468695
"CST4",2.79903018594704,2.68612160278745,9.51272607167357,5.07779412602215e-20,3.6784443686392e-19,34.376036461612
"MAGI3",-1.22624779331908,9.62634425087109,-9.50808613753,5.2772291995909e-20,3.81887611799792e-19,34.3379663240793
"FCER1G",-1.37642413032747,9.71895331010453,-9.50698744406113,5.32557894522047e-20,3.85231106248616e-19,34.3289536442368
"SCN8A",2.2267740464045,4.57021672473867,9.50487564184244,5.41974832445263e-20,3.91648831752948e-19,34.3116324694405
"SNHG4",1.42772509132797,3.15653048780488,9.50353757577828,5.48026742388802e-20,3.95882794554613e-19,34.3006589895822
"FOXO1",-1.09358842850091,9.1432662020906,-9.50252460281596,5.5265279383748e-20,3.98943806521922e-19,34.2923523452208
"DOCK8",-1.30813681092645,9.79895714285715,-9.50184750661589,5.55766519098438e-20,4.0105049691005e-19,34.2868003374815
"PLEKHG6",1.6418145795623,7.45526341463414,9.50103419889531,5.59529624150505e-20,4.0362414560119e-19,34.2801318119584
"C16orf86",-1.14759720585816,4.96303257839721,-9.50002574385251,5.64230742461987e-20,4.0687239700543e-19,34.2718637981912
"ABCC9",-1.55283197301301,7.84250679442508,-9.49695260719204,5.78799535977613e-20,4.17085099109175e-19,34.2466720285005
"YBX2",3.29270669080141,4.3509543554007,9.49120163685486,6.07071841524425e-20,4.36844896827776e-19,34.1995448790528
"AMIGO1",-1.26414221819978,6.3471618466899,-9.48440453741817,6.42255979219972e-20,4.61516109673995e-19,34.1438718589495
"GPR109A",-2.12913542537438,7.29229773519164,-9.48027536296342,6.64609005296603e-20,4.76910970945098e-19,34.1100651946283
"KIFC2",1.55420850419616,8.67837909407666,9.47530650506124,6.92531702976968e-20,4.96774139137567e-19,34.0693980269184
"IL34",-1.61651146289289,5.97048292682927,-9.47363033341603,7.02210802485867e-20,5.03541312435726e-19,34.0556830544734
"TRAF5",1.14262509791016,8.71209790940766,9.47001843765385,7.23525820929532e-20,5.18282801942893e-19,34.0261353766394
"C8orf79",-1.76138675333225,5.34651933797909,-9.46482285257195,7.55315760651243e-20,5.40300786277701e-19,33.9836464806592
"RNFT2",1.68603459930888,5.95672630662021,9.45986002013025,7.86972749228809e-20,5.62358181053514e-19,33.9430768805469
"FRMPD1",-1.8296340266579,1.69689041811847,-9.45785255798107,8.00148319610928e-20,5.70978276037969e-19,33.9266709134195
"TMCC3",-1.20343627447755,8.12985679442509,-9.45247492887936,8.3653014041391e-20,5.96318186899222e-19,33.8827347986989
"GPR56",1.29673088036861,11.567205923345,9.45060128355884,8.49587344658751e-20,6.0499577474312e-19,33.8674310900224
"SIGLEC16",-1.66548228402173,3.22724738675958,-9.44702262683676,8.7509033687547e-20,6.22508822455072e-19,33.8382072057595
"FAM155B",2.46133511601121,4.86100853658536,9.43739128070685,9.47557300372067e-20,6.72660835983352e-19,33.7595962217203
"AURKAPS1",1.21976123087051,3.67211219512195,9.43513787617406,9.65352648630052e-20,6.85056684285343e-19,33.7412124003876
"ITGAL",-1.50310232022381,9.45954181184669,-9.43216485751637,9.89338431927952e-20,7.01350759926825e-19,33.7169626982604
"ZBTB12",1.12316580878724,6.71691167247387,9.4305759058649,1.0023989954587e-19,7.10119095126541e-19,33.704004556085
"JSRP1",2.62554571663652,5.05508780487805,9.42387444037087,1.05938822391108e-19,7.49973801272225e-19,33.6493706383859
"SRPX2",1.88717719269378,8.3646024390244,9.42138148711233,1.08139778619124e-19,7.64763918377751e-19,33.6290539987556
"COL13A1",-1.83907058416983,5.80402212543553,-9.41985966628451,1.09505558659727e-19,7.7415603281136e-19,33.6166536578943
"EFNB2",-1.3621815040316,9.87755400696865,-9.41763386629231,1.11533970204817e-19,7.87953340779383e-19,33.5985196803659
"FAM43A",-1.24011394767156,7.40026777003485,-9.4157460407172,1.1328352674493e-19,7.9996878710455e-19,33.5831416948595
"OSBPL6",-1.9765276419286,5.99022613240418,-9.41313362327589,1.15749537587544e-19,8.16891717659775e-19,33.5618649956296
"MMP17",2.13899837419781,6.23684634146342,9.41286173545669,1.16009224130057e-19,8.18443082951912e-19,33.5596508673989
"INCA1",-1.01357099226593,4.18568257839721,-9.40627858541411,1.22476186657041e-19,8.6377056409105e-19,33.5060550298826
"DNTTIP1",1.19236487411553,9.90959285714287,9.40527556372549,1.23492374972197e-19,8.70544664120077e-19,33.4978914713124
"PZP",-2.78893200592399,2.7855487804878,-9.40012740511589,1.2884106442368e-19,9.07723765483238e-19,33.4560008161098
"AOX1",-2.08905038341289,6.80909982578397,-9.39852555456759,1.30551663731476e-19,9.19144600962687e-19,33.4429699555622
"RUNX1T1",-1.69837560309364,4.61318763066202,-9.39710525693831,1.32087194452335e-19,9.28363609074442e-19,33.4314173660461
"KCNQ3",2.09395002468326,6.08992839721254,9.39563205187818,1.33698832677075e-19,9.3936927955522e-19,33.4194357824293
"LOC81691",1.13022121441502,6.11956898954705,9.39352657234704,1.36036032867095e-19,9.55463480931052e-19,33.4023142956547
"KRT86",2.06678269540893,4.69197386759582,9.38917939924519,1.4099047131645e-19,9.89584402094602e-19,33.3669725397296
"CNN1",-1.71712182985027,7.77294285714286,-9.37690611091427,1.55963887115516e-19,1.09243896365798e-18,33.267257561274
"SPINK1",4.75328734572983,7.65369547038328,9.37643084336522,1.56574364074551e-19,1.0963409599081e-18,33.2633981479923
"DCDC2B",-2.85227549448745,2.42327891986063,-9.3758641751981,1.57305339137323e-19,1.10108374104645e-18,33.2587967028561
"CPA3",-2.38633643903244,8.34247613240418,-9.37391454922187,1.59846186541235e-19,1.11848746069923e-18,33.2429669550068
"C7",-2.7948384071088,9.92571219512195,-9.37254318069032,1.61657738554084e-19,1.13077798041409e-18,33.2318337435904
"EBF1",-1.2418761987823,6.28043919860627,-9.37206740306804,1.622909724601e-19,1.13482073045158e-18,33.2279715067549
"COCH",2.72628488069774,6.15820783972125,9.37146278012777,1.63099239403215e-19,1.14008423048961e-18,33.2230635452215
"SNX30",-1.39850588777358,10.2373972125436,-9.37087170184074,1.63893254561915e-19,1.14485488811028e-18,33.2182657554603
"HECW2",-1.28859875267403,8.30368693379792,-9.36964753728909,1.65549915075244e-19,1.15603393078053e-18,33.2083299026178
"C6orf103",-2.57907100213923,2.13395226480836,-9.3655198221184,1.71259182430768e-19,1.19508872036155e-18,33.1748345873329
"CLEC6A",-1.83788202731612,2.18761393728223,-9.36377535346148,1.73730297539623e-19,1.21192083197026e-18,33.160681941949
"TTLL10",-2.43744309363175,3.22972090592335,-9.36270386135519,1.75265590646763e-19,1.22097135255447e-18,33.1519900262085
"EGLN3",2.23474774395263,9.23137421602787,9.35707460291094,1.83555032060963e-19,1.27741857905477e-18,33.1063376241489
"CXCL12",-1.61953048543691,9.3626369337979,-9.35559197711357,1.85802166245121e-19,1.29218105454348e-18,33.0943171154398
"TMTC1",-1.86776445285504,7.571543728223,-9.3520703783644,1.91249498729326e-19,1.3296146999367e-18,33.0657710754333
"ZDHHC14",-1.1314023202238,6.84403571428571,-9.35187471965967,1.91556747307001e-19,1.33086385969274e-18,33.0641852996105
"PRAME",4.65197217377,5.11834337979094,9.35187339675216,1.91558826370777e-19,1.33086385969274e-18,33.0641745777848
"CCL24",-2.02659658054963,2.03454094076655,-9.35135068563181,1.92382064124958e-19,1.3361311828435e-18,33.0599382255647
"ACSL4",-1.16487237123582,10.9257449477352,-9.34725057126195,1.98962236453413e-19,1.38089746936734e-18,33.0267145686396
"C1orf56",1.02856696396249,7.64209233449478,9.34691228234682,1.99515001577896e-19,1.3842659622826e-18,33.0239738560753
"GNGT2",-1.23488010531513,5.29134668989547,-9.34560236227464,2.0166980366875e-19,1.39827121557563e-18,33.0133619747098
"NPR2",-1.03331151884154,7.20165418118467,-9.34079253756875,2.09781509379176e-19,1.45304129134767e-18,32.9744061557329
"SIRPB2",-1.51472514398553,6.54031027874565,-9.33860656389843,2.13574164294685e-19,1.47881200437432e-18,32.9567063501381
"C11orf66",-2.09086874773739,4.52330226480837,-9.33404643825288,2.21705983699993e-19,1.53356598563371e-18,32.9197928649903
"SYP",-1.79575003784764,5.58719494773519,-9.33360510587716,2.22509080834314e-19,1.53860270445553e-18,32.9162210538474
"MGC87042",1.85177974658551,4.7635756097561,9.33194453790224,2.25556739438299e-19,1.55915146823848e-18,32.9027827828291
"GATA5",-1.88251890406452,3.73707195121951,-9.33103033505262,2.2725219832956e-19,1.57034252161086e-18,32.895385278174
"TMEM170B",-1.07946435083101,7.81273850174216,-9.33066078954714,2.27941126373009e-19,1.57457312396967e-18,32.8923951580968
"LIPA",-1.16200688168505,11.5806175958188,-9.32998889111844,2.2919902302643e-19,1.58272988319294e-18,32.886958819442
"TRIM45",1.1851523909824,6.65763867595819,9.32639804806428,2.36039125471777e-19,1.62777401610197e-18,32.8579101452128
"RRP7B",1.07822788876091,6.51580975609756,9.32555956570122,2.37665228502718e-19,1.63788759354172e-18,32.8511282986214
"ARNTL2",2.11505185124241,6.7667137630662,9.32533640010587,2.38099889332875e-19,1.63978219657964e-18,32.8493233573166
"DGCR9",2.22637515221328,4.45349442508711,9.32505026387434,2.38658350747422e-19,1.64307710960582e-18,32.8470091622203
"LRRC19",-1.66167454336023,1.96241289198606,-9.32433851071636,2.40053137205315e-19,1.6521256811348e-18,32.8412529152282
"ITM2C",1.09752090176075,11.3287010452962,9.32012266995505,2.48481833579441e-19,1.70898895925826e-18,32.8071642683831
"MAP7D2",2.80174524271848,5.86816097560976,9.31607130659227,2.56857717205978e-19,1.76482226714817e-18,32.7744162526212
"AKT3",-1.3097253217048,8.33074547038327,-9.30987336444384,2.7021569307873e-19,1.85474028047687e-18,32.7243372802483
"ANKRD20A3",-1.51263032417312,2.42953554006969,-9.30501498065684,2.81165776193597e-19,1.92865392180825e-18,32.6850990163575
"FBXL7",-1.21668046404477,7.39700783972126,-9.30500647946202,2.81185316743349e-19,1.92865392180825e-18,32.6850303705093
"IL11",2.06301617903573,3.83040975609756,9.30497140819226,2.81265944563756e-19,1.92865392180825e-18,32.6847471758581
"CYBB",-1.68399125226264,10.8747459930314,-9.29727158748167,2.99533603990348e-19,2.0525450233384e-18,32.6225914525974
"BTG2",-1.45905286160936,11.4277804878049,-9.2939993091312,3.0764842838261e-19,2.10744819309142e-18,32.5961879290198
"IFI30",-1.1345662662498,12.6339512195122,-9.29389385188295,3.07913539236761e-19,2.10856069397289e-18,32.5953371242702
"DST",-1.5102581043278,10.9973385017422,-9.29352592286146,3.08840255850913e-19,2.11420155139021e-18,32.5923688135465
"EEF1A2",4.28749266414353,7.14424982578397,9.29068706326249,3.1608410915921e-19,2.16306892034619e-18,32.569468892989
"PVRL1",1.35401018265593,9.66755017421602,9.28563182289652,3.29402537302014e-19,2.25120975060264e-18,32.5287031100271
"DKK3",-1.34139096593715,10.5224092334495,-9.28465589242897,3.32036994957564e-19,2.26770442663965e-18,32.5208350289417
"OLFML2A",-1.38406250781637,8.83190853658536,-9.28308179137132,3.36330218769218e-19,2.29559752915695e-18,32.5081457028078
"TSKU",1.42237278920521,10.0992198606272,9.28298186810654,3.36604599294009e-19,2.29660765154736e-18,32.5073402433724
"COL22A1",2.50547801875928,4.70967003484321,9.28125972325946,3.41368449542039e-19,2.3275636895045e-18,32.4934594182331
"C11orf83",1.01598714826395,8.50086149825784,9.28102623454159,3.42019453163462e-19,2.33122821163541e-18,32.4915775996814
"NRGN",-2.12239943722233,8.48726846689896,-9.2789176733919,3.47954432485312e-19,2.37089429104662e-18,32.4745850869291
"PDZRN3",-1.39286975152214,7.49004216027875,-9.27749495318241,3.52016493604172e-19,2.39698129807418e-18,32.463121252253
"NHLRC4",-1.59981847293074,4.87287195121951,-9.27537938749837,3.58143728495231e-19,2.43708675704577e-18,32.4460770846329
"MLC1",-1.92305543195658,4.18193257839721,-9.27169284123964,3.69074396845742e-19,2.50814212752171e-18,32.4163830858766
"UST",-1.652261652131,7.12612944250871,-9.27068715683409,3.72113207696665e-19,2.52795637128145e-18,32.4082841198255
"DIO2",2.17989883824258,7.10151393728224,9.26641631652407,3.85296624567634e-19,2.61578693861558e-18,32.3738974662861
"MICALCL",-1.75993840052659,6.16890017421603,-9.25962061620379,4.07233800130322e-19,2.76106668318214e-18,32.3192060443938
"TMEM212",-2.57006340957712,2.16412212543554,-9.25403381735439,4.26191600340507e-19,2.88578943106551e-18,32.2742660047121
"RCOR2",2.3241522626296,5.33429076655052,9.24742217924485,4.49758987044184e-19,3.04436267854174e-18,32.2211080979571
"PTPRD",-1.6660559354945,6.64406829268292,-9.24249007441402,4.68175983862661e-19,3.16693672115336e-18,32.1814720239768
"LBH",-1.09741100543032,11.4646348432056,-9.23924103004065,4.80714356741909e-19,3.24854040286747e-18,32.1553701444711
"FCRL5",2.39253466842194,6.96631550522648,9.23800092015708,4.85587264294426e-19,3.28039043631608e-18,32.1454092522891
"IER5L",1.47124538423565,8.1716181184669,9.23666838825135,4.90877872780275e-19,3.31395025589577e-18,32.1347071047561
"LOC339674",1.48599021227581,1.60849651567944,9.23319668133299,5.04931379462059e-19,3.40770585810522e-18,32.1068296724465
"PLA2G5",-1.43505244363996,5.09714616724739,-9.23024891689744,5.17176256356438e-19,3.48576117629602e-18,32.0831655323592
"LHFPL5",1.58217932861611,1.55175452961673,9.22874948629027,5.23517207327098e-19,3.52734107857739e-18,32.0711305110634
"DNAH9",-3.53560593055787,4.46890662020906,-9.2284254241047,5.24897721982348e-19,3.53548235967769e-18,32.068529650451
"SLC12A8",1.14705244034887,8.56757526132404,9.22528015537524,5.38485388632625e-19,3.62106289833861e-18,32.0432898441984
"LOC285629",2.51501339476717,3.67652020905923,9.22497517806892,5.39821283235955e-19,3.62885754578721e-18,32.0408428347873
"GPR109B",-1.90691504360706,5.63801393728223,-9.22488888418136,5.40199872466583e-19,3.63021387290964e-18,32.0401504598672
"DUSP26",-1.76941792002634,3.28647299651567,-9.22213381611766,5.52426131698531e-19,3.70994716511968e-18,32.0180478235207
"CNR1",-2.24248674016787,6.22119581881534,-9.221804836455,5.53904250219614e-19,3.71865737639263e-18,32.0154088987768
"PRRG3",-1.31366743458944,1.39567804878049,-9.22089925876313,5.57993307997673e-19,3.74366098470335e-18,32.0081451279714
"KRT18",1.04732211288465,13.7525010452962,9.2190181850733,5.66582924231146e-19,3.79880713078557e-18,31.9930584506128
"GEMIN8P4",1.09150182655917,4.49556167247387,9.21713862403031,5.75296411078385e-19,3.85471126613552e-18,31.977986183145
"CDH3",2.35993990455819,10.2071083623693,9.2166170557157,5.77737793414367e-19,3.86980649226654e-18,31.97380411179
"CHI3L2",-2.39858017113709,7.68973327526133,-9.21270886103034,5.96360907696414e-19,3.99324508643424e-18,31.9424727647136
"SELENBP1",-1.83229493829194,11.5408674216028,-9.21214908305478,5.99076559391649e-19,4.0101212143171e-18,31.9379859242198
"LRRC33",-1.17439801875926,7.47199163763067,-9.20730502478627,6.23093941827985e-19,4.16681388460213e-18,31.8991673363843
"CEACAM8",-2.46315153200594,1.70085836236934,-9.20513656339364,6.34152082943295e-19,4.23938204585667e-18,31.8817949515412
"OR2A1",-1.02698582524272,1.95177543554007,-9.2046356135342,6.36734202647361e-19,4.25525819672862e-18,31.877782079545
"ETS2",-1.07823236794472,11.7205608013937,-9.20456468890062,6.37100620400505e-19,4.25632142428323e-18,31.8772139489961
"PTGIS",-1.75226034556526,8.71100766550522,-9.20143398801907,6.53484501803195e-19,4.36293880390881e-18,31.8521392003925
"SAMD5",-1.84075756129671,6.66773397212543,-9.19214830702604,7.04573556463287e-19,4.69487020908513e-18,31.7778045459073
"NSUN5P1",1.52989135757776,6.92319703832752,9.18900988411677,7.22719964034888e-19,4.80798472509275e-18,31.7526931278555
"WWC3",-1.00155267401679,10.6077926829268,-9.18777269478681,7.29999927266468e-19,4.85327024183309e-18,31.7427957722307
"PPARGC1B",-1.39165187098898,4.24174163763066,-9.17130253559726,8.34120894085371e-19,5.52047129451085e-18,31.6111309319231
"SEMA3D",-1.97649182162253,5.5676362369338,-9.17040970471985,8.40167532356992e-19,5.55869785346086e-18,31.6039985287306
"KCNRG",-1.77658490702651,3.96312404181185,-9.16686546338023,8.646018232933e-19,5.71483433104039e-18,31.5756903546299
"PSAPL1",-2.38842864242227,2.22533118466899,-9.16607213090198,8.70166778910753e-19,5.74976632476272e-18,31.5693550512381
"CDH24",1.36796571663651,7.5289712543554,9.16244085278475,8.96095084385646e-19,5.91538009081586e-18,31.5403620120688
"DRAM1",-1.44120568043444,11.3101118466899,-9.15841573729324,9.25730189313618e-19,6.10708251497705e-18,31.5082344615478
"CDK5R1",1.31538245844991,6.60285052264808,9.15624746670904,9.42094288203823e-19,6.21304071211837e-18,31.4909321745619
"C13orf30",-3.3616709297351,4.96778362369338,-9.15158327727786,9.78272372227682e-19,6.4495606300046e-18,31.4537233771953
"AXL",-1.23565785749548,10.0846149825784,-9.14934070638354,9.96153435755322e-19,6.56323171888856e-18,31.43583818243
"KLF15",-2.05076382754651,6.78401202090592,-9.14102358935862,1.06534114150142e-18,7.01457781751899e-18,31.3695351050514
"CBFA2T3",-1.51666943228568,6.71895905923345,-9.13917670074766,1.08133902634407e-18,7.1176307184494e-18,31.354818019787
"PCDHGB6",-1.59810683231858,5.40336358885017,-9.12809545566469,1.18244453083066e-18,7.76570256492432e-18,31.2665627303009
"MYO1F",-1.22321335198289,9.26745662020907,-9.12407565452277,1.2213895185483e-18,8.01634488996056e-18,31.2345672183415
"TTC39C",1.19722472930724,8.91027351916376,9.1229064617241,1.23295355216572e-18,8.08965689548168e-18,31.2252630285934
"C10orf10",-1.38199713345402,11.0862158536585,-9.12249833292172,1.2370156687265e-18,8.11122624628086e-18,31.2220154349934
"STARD4",-1.12900412374528,7.30630435540069,-9.12225800896607,1.23941381521793e-18,8.1242546699949e-18,31.2201031615862
"C11orf86",3.00250760572653,2.86050104529617,9.11915465513985,1.27079824715716e-18,8.32731822985525e-18,31.1954129476315
"SLC16A6",-1.47680262300478,5.13695348432056,-9.11489981804989,1.31511030612332e-18,8.60944342624736e-18,31.1615717440138
"GPRASP1",-1.20395648181669,6.81936463414634,-9.11483775302609,1.31576787545004e-18,8.61100238539668e-18,31.1610781918286
"VPREB3",2.05835521145304,4.24420923344948,9.10921691958422,1.3766894672467e-18,8.99822819566214e-18,31.1163907152482
"PAK6",1.01746515056772,8.42850452961672,9.10738382697706,1.39715512891729e-18,9.12908809569443e-18,31.1018214741778
"C10orf107",-2.58364320223797,3.89066358885017,-9.10510475128509,1.42302050724978e-18,9.29217907564824e-18,31.0837106553871
"C1orf126",1.46245089353301,5.97831742160279,9.10436363163799,1.43153324368835e-18,9.34182374218746e-18,31.0778220304457
"C1orf92",-2.83608389007736,2.49646724738676,-9.10422637358102,1.43311535815635e-18,9.34917645470286e-18,31.0767314749426
"ID2",-1.13226581536944,9.71316097560976,-9.10415610520133,1.43392598137644e-18,9.35149313775676e-18,31.0761731768156
"PGM5P2",-1.22294507158138,1.83288885017422,-9.10383227446367,1.43766759676191e-18,9.37291704081359e-18,31.0736003101356
"FAM180A",-1.6580080467336,3.97089912891986,-9.10324456203379,1.44448287055549e-18,9.41137205093756e-18,31.0689310523014
"S100A4",-1.62469347046241,11.3750148083624,-9.10162110843589,1.4634755511976e-18,9.53209170878386e-18,31.0560342074105
"HLF",-2.44873342438706,7.93061480836237,-9.09854399352976,1.50015550362719e-18,9.76480421352767e-18,31.0315940745548
"HPGDS",-2.10371565575121,5.81050975609756,-9.09810539799273,1.50545725139223e-18,9.79620835850476e-18,31.0281110110095
"NOTCH1",-1.02351324666777,10.1021334494773,-9.09798314655833,1.50693833135685e-18,9.80273889187454e-18,31.0271401855534
"MYO9A",-1.03072657232188,8.28945139372821,-9.09738122536549,1.51425169006341e-18,9.84719265030149e-18,31.0223603394194
"CHRM4",-1.57094644396908,1.89223222996516,-9.09007486284238,1.60587625059608e-18,1.04331137420056e-17,30.9643594761723
"LRRC49",-1.32421273325655,5.92433362369339,-9.08895830204963,1.62035370053427e-18,1.0520512799484e-17,30.955498831894
"LOC92659",1.09809703472109,6.78672473867596,9.08821219502363,1.63009975422813e-18,1.05771011233576e-17,30.9495784352946
"CITED2",-1.24785459272669,11.1094770034843,-9.08810570898302,1.63149545705774e-18,1.05828125539954e-17,30.9487334928525
"LOC121838",-1.71854443969065,1.4780512195122,-9.08699935974393,1.64606646220087e-18,1.06705855601465e-17,30.9399553018046
"TMEM156",2.08951986835612,5.75578919860627,9.0818529384773,1.71555825416052e-18,1.11140457424789e-17,30.8991321608638
"CDC7",1.19082558170151,7.30050331010453,9.08143151566147,1.72137570968764e-18,1.11482155583241e-17,30.8957900595166
"TCTE1",-2.37353897975977,2.27795139372822,-9.08064673010115,1.73226123956534e-18,1.12081069172002e-17,30.8895666123208
"EFNB1",-1.24965168010533,9.15536463414634,-9.08056300748813,1.73342654682169e-18,1.12121131084591e-17,30.8889027053161
"GRIN1",2.22115721244037,4.11094163763067,9.0738526527595,1.82939416302435e-18,1.18142378631299e-17,30.8357055476988
"C1orf158",-2.67707809445452,2.35399703832753,-9.0736690334616,1.83209281164478e-18,1.18279451015935e-17,30.8342502967322
"C19orf38",-1.33239201908838,5.22014930313589,-9.0734730820845,1.8349770518307e-18,1.18428415196744e-17,30.8326973337682
"LCP1",-1.32535128517361,11.9640087108014,-9.06871369468247,1.90642848345899e-18,1.2300118405221e-17,30.7949857217218
"MGC72080",1.12416665130822,6.78723675958188,9.06480370092376,1.96718372604432e-18,1.26841337612092e-17,30.7640154674091
"CDKN1C",-1.24906476550931,8.1523200348432,-9.05970193173886,2.04934776105831e-18,1.32056213228271e-17,30.7236204389744
"SYPL2",-1.5507994668422,4.04148292682927,-9.05878668925899,2.06444307102643e-18,1.32987186219557e-17,30.7163754901906
"NXPH4",2.55601953924636,4.87910296167247,9.0581900774176,2.07434234237614e-18,1.33582962010609e-17,30.7116530780914
"VSIG10",-1.22230228402173,8.89157404181185,-9.05561206996676,2.11766093098825e-18,1.36329817852583e-17,30.691249835756
"P2RX1",-1.59098948165214,5.80055783972126,-9.05310023854006,2.16072860569494e-18,1.3901522492923e-17,30.6713745171514
"CXCL3",-1.99387238769131,5.90534895470383,-9.05273996930198,2.16697644353091e-18,1.39373516245895e-17,30.6685241605812
"LHX6",-1.40211605726511,5.78576829268292,-9.04947183758368,2.22447604927398e-18,1.42982133035675e-17,30.6426714337951
"HSD17B13",-2.51893913444136,4.12487282229965,-9.04924397957854,2.22854085210564e-18,1.43198571811358e-17,30.6408692119408
"TCF19",1.0044186473589,8.74563972125435,9.04852586588954,2.24139958607933e-18,1.43979766903031e-17,30.6351895804574
"APLN",-1.7562672206681,7.65596010452961,-9.04804959961406,2.24996821932246e-18,1.44484978238005e-17,30.6314229301222
"CYB5A",-1.37371815369427,11.2838235191637,-9.04601255011617,2.28698477425542e-18,1.46816127002701e-17,30.6153141795699
"NUP62CL",1.45547857166366,5.40776515679442,9.04525368761871,2.30092814883171e-18,1.47665066881885e-17,30.6093138780989
"PARK2",-1.51433390817839,4.45651045296167,-9.03793452599474,2.43980586260169e-18,1.56333378149853e-17,30.5514608722465
"SPRY4",-1.2069164785256,10.0809902439024,-9.03720023512331,2.45418853342838e-18,1.57205898880764e-17,30.5456587391743
"KIF18A",1.23487043936154,6.75810226480836,9.03693292824418,2.45944512736841e-18,1.57493476184883e-17,30.543546652942
"BDH1",1.182590893533,8.37972351916376,9.03686464108537,2.46078978180812e-18,1.57530446587217e-17,30.5430070994508
"C4orf12",-1.1503040974165,4.15494459930314,-9.03650699739879,2.46784410248575e-18,1.57848920453667e-17,30.5401813194213
"CHRNB4",1.72895926279416,2.25022020905923,9.03493375285334,2.49911393836875e-18,1.59784519323296e-17,30.5277519462499
"NETO1",2.48640665789043,2.65131829268293,9.03382654163169,2.52135572780665e-18,1.61106234335109e-17,30.5190054289763
"EML5",-1.02160020075696,4.85144477351917,-9.03041729179201,2.59107910590928e-18,1.65458332952776e-17,30.4920787944829
"HHIPL2",3.6566655027152,4.44643327526133,9.02658792298253,2.67167225828755e-18,1.7044571616732e-17,30.4618431059798
"DUSP8",-1.18871121935166,8.14553101045296,-9.01963942220353,2.82429774304096e-18,1.80015003615744e-17,30.4070041479236
"KIAA0087",-1.27552574954749,1.14335348432056,-9.01359035520887,2.96417371918607e-18,1.8852071392469e-17,30.3592895153491
"RTN4RL2",2.17226807635349,6.49683362369338,9.01337217543638,2.96934492845007e-18,1.88791116076432e-17,30.357568977148
"ZP3",1.42045574131975,7.09587613240419,9.0125760707368,2.98828973674903e-18,1.8993680586829e-17,30.3512912610567
"MESP2",2.06566776699031,3.48504303135889,9.01210452994161,2.99956730729335e-18,1.90594604824304e-17,30.3475731032642
"GAS7",-1.32837487905217,9.31695522648083,-9.00988174195468,3.05329840808091e-18,1.93888698787198e-17,30.3300481115008
"RIC3",-2.16489007734081,4.75872160278746,-9.00811399446828,3.0967090936998e-18,1.96523764122587e-17,30.316113086025
"HES6",1.91012394273492,7.75385156794425,9.00700157065145,3.12433957240636e-18,1.98215980906992e-17,30.3073449826773
"ALDH1A2",-2.57627724535135,6.24512665505226,-8.99562357633051,3.42134206278602e-18,2.1672370425485e-17,30.2177105789246
"MAPK10",-1.85914304426528,6.05089930313589,-8.99195084375622,3.52305251269819e-18,2.23028887097422e-17,30.1887954404947
"C8orf39",1.07826227414844,2.76474738675958,8.99058432901216,3.56165507465148e-18,2.25403140205286e-17,30.1780392426026
"RTEL1",1.00629880204049,8.85585034843206,8.98306117740353,3.7817942102269e-18,2.38819548249641e-17,30.1188445540016
"CSTA",-1.63287170314301,6.91496533101046,-8.98149099348561,3.82941158251351e-18,2.41752213373316e-17,30.106494521524
"SRGN",-1.34178516044102,11.3179674216028,-8.98082613518648,3.84975246001929e-18,2.42961629278193e-17,30.1012656736646
"UPB1",-1.58380991607703,2.51166045296167,-8.97891196709342,3.90891419305686e-18,2.46543804557473e-17,30.0862131245899
"HIST2H2AA3",1.62002126049039,8.92996271777004,8.97650989068909,3.98443046906341e-18,2.51075376089232e-17,30.0673272010506
"LRP8",1.32794116175746,7.60456411149826,8.97525911826618,4.02432202671928e-18,2.53433531314561e-17,30.0574947183355
"CRHBP",-1.27003724535134,1.94550156794425,-8.97380425333689,4.07122035741584e-18,2.56151253256964e-17,30.0460591359408
"CX3CR1",-2.00607249958863,6.17503675958188,-8.97203743305986,4.12890261682736e-18,2.59642792759507e-17,30.0321733875866
"HIST1H2BN",1.35382348527235,3.37282334494774,8.97140411369837,4.14977524286988e-18,2.60853906111815e-17,30.027196521655
"HECW1",1.93989719927598,3.82496620209059,8.97096956040341,4.16415741567021e-18,2.61627547262021e-17,30.0237817885871
"GALNTL1",-2.05046537107127,4.60822386759581,-8.97095526468774,4.16463139041541e-18,2.61627547262021e-17,30.0236694545329
"ZFPM2",-1.32210656573969,6.3459843205575,-8.96975168536174,4.20472817441068e-18,2.6406567580499e-17,30.014212353042
"GPR133",-2.20950688497616,8.75570609756097,-8.96542648176972,4.35199995472465e-18,2.72980626552084e-17,29.9802350370772
"LOC647946",1.89030444627284,2.55281672473868,8.9636774360992,4.41299385614848e-18,2.76721942170826e-17,29.9664986396112
"TWIST2",-1.5575484548297,3.92504459930313,-8.95892744802605,4.58294055288621e-18,2.87115561644046e-17,29.9292040714115
"LINGO1",1.85806394602601,5.80092404181185,8.95711317581755,4.6495480354846e-18,2.91022015757618e-17,29.9149632308829
"EMP3",-1.14249328286985,9.47978815331011,-8.95232727684378,4.82988545740136e-18,3.02125376113498e-17,29.8774075117841
"GCNT4",-1.73713340793156,4.57597804878049,-8.950432438507,4.9031826926352e-18,3.06616937800185e-17,29.8625425923371
"FOS",-1.73504218528881,12.2662780487805,-8.9480072703875,4.99860263369878e-18,3.12393644048207e-17,29.8435207220572
"FAM184A",-1.91543774888927,7.10279268292683,-8.94775841786106,5.00849727201599e-18,3.12831151162992e-17,29.8415690605989
"CC2D2A",-1.01961585979925,8.15673362369338,-8.94752338083518,5.01786039087187e-18,3.13311051777979e-17,29.8397257867654
"METTL7B",2.04952143491856,7.56332752613242,8.94644365676305,5.06109619523259e-18,3.15914578559213e-17,29.8312585385046
"MANEAL",1.48342635840054,8.42772839721255,8.94632419696255,5.06590236448208e-18,3.16118466695493e-17,29.8303217763376
"COMP",2.97116835280569,8.10925087108015,8.94586415130218,5.08445339286392e-18,3.17179666227579e-17,29.826714346554
"DPEP1",2.27276730294555,4.46438414634146,8.94232109415788,5.22959564665623e-18,3.25936850716006e-17,29.7989362935534
"MAL",-1.89768480500248,6.267093728223,-8.94212604543316,5.23770388420703e-18,3.26339345152669e-17,29.7974073259267
"VSIG2",-3.04024346552579,7.59328763066202,-8.93957891928132,5.344737843142e-18,3.32608268929086e-17,29.7774429662605
"WDR88",1.08194527892053,2.11242979094077,8.93844684462186,5.39300143805327e-18,3.35408420246088e-17,29.7685711493834
"MS4A4A",-1.46156275793978,8.5581912891986,-8.93814055917406,5.40613323637994e-18,3.36123305096548e-17,29.7661710042961
"GPRC5A",-1.62170754319567,12.4441158536585,-8.9337820026335,5.59646923019952e-18,3.47536337858428e-17,29.7320227681813
"ACSL1",-1.00548321211125,11.2673644599303,-8.9334626979799,5.61067100941945e-18,3.48312899375208e-17,29.7295215877039
"WDR16",-2.86553169656083,3.61657003484321,-8.93021518944769,5.75715260095804e-18,3.57298497272275e-17,29.7040870043917
"TNNT3",-2.00961825242721,1.57854529616725,-8.92505473582275,5.99774157012617e-18,3.71892583614286e-17,29.6636845425746
"NUDT8",1.14170284679941,7.06712299651568,8.92166949561666,6.16094434923533e-18,3.81551093483563e-17,29.6371902443552
"SEC14L4",-2.28135500082279,5.5103193379791,-8.91623118408412,6.43237392761676e-18,3.97641182577453e-17,29.5946436542
"KCNJ15",-2.26866077669905,8.72402909407665,-8.91510377651943,6.49010730936324e-18,4.00989083528362e-17,29.585825842678
"KIF4B",1.28545792989963,2.78905609756098,8.91461990934278,6.51504264785701e-18,4.02388163539423e-17,29.5820416227319
"SLC2A3",-1.46881693269707,10.1482827526132,-8.91377279363913,6.55892592503806e-18,4.04976689446711e-17,29.5754168888451
"RNF180",-1.46812847128519,6.50306655052265,-8.9108858619256,6.71068674555293e-18,4.14222486128087e-17,29.5528436718257
"CD300E",-1.69292466677638,2.34002404181185,-8.91071907559194,6.71955981114085e-18,4.14645515247135e-17,29.5515397211575
"CAPN12",1.53092005265757,8.39086236933798,8.90822379572804,6.85370378151674e-18,4.22796089647051e-17,29.5320336001303
"TLE4",-1.11776336021064,8.31886428571428,-8.90749292899544,6.89349390301036e-18,4.25122949320525e-17,29.5263210451405
"HIST1H1E",1.47886745433603,2.38102961672474,8.90187419068034,7.2071226578715e-18,4.44064310222395e-17,29.4824160496948
"SELE",-2.16489196643083,5.06942160278745,-8.9006297113142,7.27847503633247e-18,4.48326110098726e-17,29.4726944837242
"LOC256880",1.04936231035051,2.01741289198606,8.89979487073107,7.32673203792321e-18,4.51163193576975e-17,29.4661734911226
"JAK3",1.13718243212113,8.84411637630662,8.89249321658748,7.76251787108613e-18,4.774250805674e-17,29.4091595342387
"EFCAB1",-2.95067977620539,4.71444529616725,-8.89075573103615,7.86993774579927e-18,4.83886858104999e-17,29.3955978346462
"PPIL6",-1.58068402830346,6.35971080139373,-8.8899218115625,7.92201587641939e-18,4.86797323983508e-17,29.3890895056454
"RGS5",-1.24933465854864,10.7650219512195,-8.88790186025294,8.04957918692278e-18,4.94339996133786e-17,29.3733267002481
"PPP1R16B",-1.43759329274314,8.22877665505227,-8.88135997358975,8.47682404026158e-18,5.19800470569206e-17,29.3222953299365
"LAMA4",-1.16359711370743,10.2217552264808,-8.88123574898883,8.48515042755845e-18,5.20155683122649e-17,29.3213265649682
"CCDC138",1.11044336021064,5.7708681184669,8.87141408350764,9.16973355131979e-18,5.61116631322191e-17,29.2447648444292
"CAPN11",-1.20107294388679,1.81580940766551,-8.86616173986534,9.55797192412392e-18,5.84525360745499e-17,29.2038481894007
"TSPAN32",-1.65356475892711,4.35446027874564,-8.86524501626451,9.627381323589e-18,5.8859481409554e-17,29.1967086386365
"RCSD1",-1.19692236300807,8.45309268292682,-8.86506055197221,9.64140813027236e-18,5.89276894654634e-17,29.1952720767658
"TIGD3",1.21273639624816,4.16409756097561,8.86196013062988,9.88021564844483e-18,6.03513321221578e-17,29.1711301609577
"CCDC65",-2.19971313147936,4.11557961672474,-8.86062103114542,9.985159893974e-18,6.09560905808166e-17,29.1607050334986
"C9orf24",-2.9528533684384,4.63779512195122,-8.85892330180265,1.01197965868994e-17,6.17596385044725e-17,29.1474896264572
"AFF2",-2.17054668421921,5.1355243902439,-8.85641635453274,1.03218985420671e-17,6.29369103262955e-17,29.1279786449649
"EGR3",-1.67839932532501,7.11669703832752,-8.85076136908912,1.07925669194726e-17,6.57677052112712e-17,29.0839826057606
"PER1",-1.39899006417641,10.8000221254356,-8.8493644826145,1.09120639970411e-17,6.64761643499267e-17,29.0731180507942
"GNG2",-1.01607455981571,8.42624651567944,-8.84132009777275,1.1626140008747e-17,7.07213790754298e-17,29.0105766230994
"DNAI2",-3.02129698864573,3.08439512195122,-8.83907030655523,1.1833991409404e-17,7.19644086596753e-17,28.9930932488183
"ALDH1A1",-2.01155411551754,10.4862728222996,-8.83121385390573,1.25890787482456e-17,7.64430010947894e-17,28.9320664008844
"LOC100272217",1.1344753891723,4.38068588850174,8.83107684742499,1.26026607384347e-17,7.64802320307607e-17,28.9310025364764
"NSUN5P2",1.42049998354452,8.31558362369338,8.82729890394167,1.29829486528123e-17,7.87182326763844e-17,28.9016714958353
"PRF1",-1.54027460259998,8.0813700348432,-8.82455421870123,1.32663279530474e-17,8.03889353235136e-17,28.8803684044863
"XAGE2",-3.06614666118154,2.42305034843206,-8.81762356934384,1.40094203278933e-17,8.47916861237176e-17,28.8265980368731
"TSPAN4",-1.08696561132139,10.1449489547038,-8.81583998249067,1.42072238789004e-17,8.59635444249411e-17,28.812765552252
"TMEM52",1.56763105808789,5.01715418118467,8.81260800376919,1.45727224090011e-17,8.80819839041875e-17,28.7877055869616
"C6orf222",2.69301818002306,3.08971986062718,8.81169759514142,1.4677347705463e-17,8.86774421404223e-17,28.7806477649025
"TARP",-1.72475270692777,4.0250149825784,-8.80973576009686,1.49053370601503e-17,9.00284112518053e-17,28.7654407846667
"PGLYRP4",2.56031648181671,3.19407857142857,8.80855304899314,1.50444717916684e-17,9.08153501567047e-17,28.7562743551974
"SPATS1",-1.87944004278427,1.34968519163763,-8.80235321155015,1.57951171766668e-17,9.5234583153295e-17,28.7082387438713
"LRRC48",-1.97168892216556,5.2001200348432,-8.80146390029577,1.59057862886131e-17,9.58455510728579e-17,28.7013505758785
"LILRA2",-1.90424759256213,5.85679703832752,-8.79485890237677,1.67520969332547e-17,1.00797347608359e-16,28.6502080890733
"DOCK9",-1.00838685535627,10.7456982578397,-8.79447363476202,1.68028143681872e-17,1.01072891584789e-16,28.6472258649969
"CASC2",-1.09812557182821,5.41701236933798,-8.79240348570551,1.70779453379094e-17,1.0266770652629e-16,28.6312032568702
"SCAMP5",1.16338569688992,8.12853135888502,8.79097580731261,1.72702813835971e-17,1.03763206556994e-16,28.6201549382984
"C3orf70",-1.38970051012014,5.4413331010453,-8.79080948670985,1.72928269025103e-17,1.03837887191734e-16,28.6188679284717
"C3orf67",1.65781754484122,5.16502317073171,8.78480141398765,1.81270668019487e-17,1.08688283132011e-16,28.572389141562
"C2orf15",1.04320935988153,6.19735679442509,8.78403688908428,1.82360392186756e-17,1.09277841552659e-16,28.5664764706153
"C1orf213",1.15731758104329,4.88576324041812,8.78342264985406,1.83240597896542e-17,1.09773255757689e-16,28.5617263607852
"CXorf41",-2.49845817344086,2.11420452961673,-8.78336628791217,1.83321574853444e-17,1.09789729630723e-16,28.5612905084122
"PDE3B",-1.42213608359389,7.96305522648084,-8.78320221071412,1.8355751126379e-17,1.09866930211243e-16,28.5600216956307
"RASSF3",-1.01927346058911,8.01924930313589,-8.78009691769049,1.88079866599004e-17,1.12540940287892e-16,28.5360117987452
"NKAIN1",2.15018283692613,2.58349982578397,8.77635257380647,1.93679679423226e-17,1.15790443172942e-16,28.5070694142936
"SPATA4",-2.01615198288631,1.97996620209059,-8.77205203487186,2.0031503497186e-17,1.19652827115865e-16,28.4738394629825
"FA2H",1.8329804278427,8.17184930313588,8.77192773201753,2.00510130409562e-17,1.19734525227118e-16,28.4728791685546
"SIGLEC1",-1.63993206845484,9.03510017421604,-8.77070309789471,2.02442290860583e-17,1.20853161714678e-16,28.4634188840609
"COX6B2",2.02663769623171,2.6512756097561,8.77034840533413,2.03005337100225e-17,1.21154057286849e-16,28.4606790762461
"TUBA4B",-2.80725659042294,3.49937891986063,-8.76992014874779,2.03687225098594e-17,1.21525682396807e-16,28.4573711388139
"CCDC68",-1.51477699851902,7.57291968641115,-8.76975821444595,2.03945653579554e-17,1.21644516792221e-16,28.4561203587707
"SLCO4C1",-2.23279351653779,7.71958083623694,-8.76856151836016,2.05865524389227e-17,1.22682705826149e-16,28.4468776280418
"TEKT3",-1.76049967747245,2.70423048780488,-8.76746656098885,2.07637832244085e-17,1.2370298015006e-16,28.4384215232953
"LOC728554",1.16689274312985,7.55446097560976,8.76657745331527,2.09088047031059e-17,1.24530826966859e-16,28.4315557411958
"C15orf51",-1.27716575612968,1.9260193379791,-8.7593927921973,2.21180456714568e-17,1.31580260108666e-16,28.3760945320683
"EPHB6",-1.85092201415173,6.35773972125435,-8.75886405826379,2.22097209970196e-17,1.32087361549482e-16,28.3720143988725
"BCL2A1",-1.43725546157645,7.58066620209059,-8.75641543567047,2.26392040908619e-17,1.34563653730572e-16,28.3531213230851
"CAMK2N1",-1.64094859963799,9.17793728222995,-8.75477682797795,2.29311902963638e-17,1.362597212111e-16,28.3404804102879
"FMO3",-1.52574501563273,7.47899599303136,-8.75466580442265,2.29511079728181e-17,1.36338613044548e-16,28.3396239929535
"CASZ1",-1.0914109001152,9.02022160278744,-8.75263593062192,2.33182997844869e-17,1.3839973824097e-16,28.3239673440474
"PANX2",1.89025916077013,7.56121846689895,8.75216759825079,2.34038398736219e-17,1.38867292660537e-16,28.320355436437
"VWA3A",-2.81445876912953,3.5190594076655,-8.74948378073406,2.39000542825365e-17,1.41688742252519e-16,28.2996599462836
"CMA1",-1.50239944709562,1.20289616724739,-8.74659602757929,2.4445601324178e-17,1.44807701478568e-16,28.2773972787825
"FEZF1",2.98503169326973,3.35356550522648,8.74658702769428,2.444732066852e-17,1.44807701478568e-16,28.2773279043936
"AKAP12",-1.85003896330428,9.36004895470382,-8.74625485181336,2.45108635340885e-17,1.45100354196896e-16,28.2747674099608
"MACROD2",-2.4463926871812,7.50993867595818,-8.74338434726373,2.50668203562227e-17,1.48263273383247e-16,28.2526439404479
"APOC1",-1.64635069606715,10.7604667247387,-8.74239377045387,2.52615547800853e-17,1.49329029552304e-16,28.245010683154
"KIR2DL3",-1.58204802040482,1.43280226480836,-8.74046084239506,2.56458620349804e-17,1.51557152440457e-16,28.2301176912616
"ITGA10",-1.71416277768638,5.76786724738676,-8.73590253507,2.6575201002902e-17,1.5695882525592e-16,28.1950064145203
"GPR89C",1.20128105973343,5.94600104529617,8.72900190226314,2.80458316734184e-17,1.65454288579103e-16,28.1418795475105
"SYDE1",-1.00781897975976,7.9254925087108,-8.72317780596599,2.93494650262285e-17,1.72896561546189e-16,28.0970657448236
"BCL2L10",1.80443211453022,1.94253031358885,8.72044882239545,2.99807537841328e-17,1.76564794947862e-16,28.0760753149283
"PLCXD3",-2.33354645384238,4.99527386759582,-8.72036047874648,3.00014129631149e-17,1.76635792409736e-16,28.075395889056
"CCDC13",-1.54953705446768,3.71454947735192,-8.71842188552597,3.04583146825091e-17,1.79223043975899e-16,28.0604880458036
"PTX3",-1.74065010037849,5.04038554006968,-8.71745761830294,3.06881364795183e-17,1.80471911178605e-16,28.0530737447916
"GNG7",-1.38439562942242,7.12084355400697,-8.71724549230692,3.07389239297234e-17,1.80718816803328e-16,28.0514427811427
"PSRC1",1.13274516702321,6.81634198606272,8.7163982523752,3.09426015278057e-17,1.818513496905e-16,28.0449289482974
"CDK14",-1.18502063518184,8.44128292682927,-8.7156656115354,3.11198051942685e-17,1.8280103022556e-16,28.0392965780231
"BRCA1",1.2221477702814,7.95130766550523,8.71428570439681,3.14562929649064e-17,1.8472474100959e-16,28.0286891607353
"TLL2",1.86436362349846,3.10010331010453,8.71375522620633,3.15866045179572e-17,1.85436943309597e-16,28.0246116896157
"MAP1LC3C",-2.14098904393617,4.37641167247386,-8.71141290402342,3.21684071296763e-17,1.8863678902378e-16,28.0066099202858
"E2F5",1.08771406944217,7.72700731707318,8.7090529293141,3.27653121724929e-17,1.92082198429834e-16,27.9884762304132
"C9orf171",-2.80313099884814,3.08930418118467,-8.7075008206372,3.31638429539099e-17,1.9430756159925e-16,27.9765521118302
"PCDHB4",-1.1555802863255,5.73542090592335,-8.70657612869539,3.34035487048466e-17,1.9565616402582e-16,27.9694489135005
"GAB3",-1.15977766002963,7.10837700348432,-8.70325812832311,3.4277857554075e-17,2.00720027263308e-16,27.9439658132373
"LOC441204",-1.3765827414843,4.36284320557491,-8.70118213977578,3.4836361581452e-17,2.03874145743219e-16,27.9280254681288
"APCDD1L",2.44775389830511,3.53532160278746,8.69937905013671,3.53287444793502e-17,2.06696815092921e-16,27.9141829234686
"ARG1",-1.11366351489222,0.757818989547038,-8.69790027596183,3.57376965728194e-17,2.0902988907122e-16,27.9028318295134
"SERPINA9",-1.70650610169493,1.51496742160279,-8.69773353160661,3.57841021129192e-17,2.09241702186907e-16,27.9015519899538
"RAPGEF5",-1.09178543689321,9.81153641114982,-8.69633822237031,3.6174764772747e-17,2.11465808879412e-16,27.8908430871152
"DUSP9",2.67821679117988,3.48990766550522,8.69507905860536,3.65309282307313e-17,2.13487035746346e-16,27.8811802214714
"CASP1",-1.18747298008887,8.81981655052265,-8.69305797428816,3.71098706543563e-17,2.16746982797706e-16,27.8656725932518
"C6orf118",-2.67995450386706,2.6675756097561,-8.69092294992873,3.77313086716258e-17,2.20303661932824e-16,27.8492937125135
"RERG",-1.48114686193847,7.34016933797909,-8.68841852664196,3.84733943880453e-17,2.24391700791639e-16,27.8300849109708
"GNB3",1.51159040974166,3.93674668989547,8.68830075909054,3.85086432143242e-17,2.24533497639896e-16,27.8291817442032
"DVWA",1.46517263781472,1.48067804878049,8.68791102083127,3.86255230855836e-17,2.25087138503273e-16,27.8261928838714
"PLBD1",-1.45714107289782,9.54301271777003,-8.68391914747377,3.98430442677602e-17,2.31918825862522e-16,27.7955855596523
"CD37",-1.33404741484286,9.29238101045296,-8.68383536528852,3.98690003326921e-17,2.32004131754583e-16,27.7949432829623
"STOML3",-2.91294678953434,3.24363031358885,-8.68281020887201,4.01879554314962e-17,2.33727684138418e-16,27.7870847885872
"CACNB3",1.04556299489881,9.22922613240418,8.68095752209509,4.07707929125188e-17,2.37050234634384e-16,27.7728845376112
"KIAA1045",-1.22339563600462,2.80333205574913,-8.67937699569533,4.12746135700389e-17,2.39911612851896e-16,27.7607721458427
"LAIR1",-1.32393605397401,9.327893728223,-8.67905130857617,4.13791946688221e-17,2.40451419912516e-16,27.7582764470997
"MRGPRF",-1.39419476715486,6.7955668989547,-8.67803462309676,4.17073504772847e-17,2.42289729852477e-16,27.7504861784224
"C6",-2.93478427184469,4.47877473867596,-8.67755399119394,4.18633788153409e-17,2.43127345708331e-16,27.7468036197867
"C2orf73",-1.8127628797104,1.99937996515679,-8.6772204478203,4.19719967282545e-17,2.43620325934709e-16,27.7442481322661
"ARL9",1.80711837748891,2.55936080139373,8.67543993147784,4.25565515016632e-17,2.46803955460211e-16,27.730607741104
"DEPDC6",1.34135397070924,8.71433554006968,8.67445036755284,4.28849049698898e-17,2.48497628854597e-16,27.7230277006609
"C5orf46",2.24397476057267,2.27590365853658,8.6742977015228,4.29357846492335e-17,2.48722251368161e-16,27.7218583409052
"CCR8",1.48152794470958,3.48593867595819,8.67036356660475,4.42677207537904e-17,2.56365671953545e-16,27.6917299130732
"MTL5",2.01320649004445,5.49310801393728,8.66991509787268,4.4422124574959e-17,2.57187314586551e-16,27.6882961117115
"DMD",-1.41541044265264,7.94603362369338,-8.66732040367413,4.53259664995067e-17,2.62272292061689e-16,27.6684319300414
"CNTN4",-1.75480393615272,5.39316620209059,-8.66719081952323,4.53715798975613e-17,2.62462252830919e-16,27.6674399932436
"JUN",-1.08381848609512,12.0396081881533,-8.66105380112841,4.75845820732132e-17,2.74799288315912e-16,27.6204755706547
"ZCCHC5",-1.04926130985685,1.17650993031359,-8.66030978666344,4.78600249991464e-17,2.76312236567063e-16,27.6147836281662
"CEACAM3",-1.40459672535792,2.86932735191638,-8.65771263095964,4.88339385683138e-17,2.81776492076302e-16,27.5949175210939
"CD160",-1.11358620371895,3.76762055749129,-8.64419113949256,5.42299224080785e-17,3.12472721593559e-16,27.4915631842073
"BEX4",-1.19396117821295,9.01913763066202,-8.6404561915213,5.5821635955745e-17,3.21283483647728e-16,27.4630362163492
"C1orf141",-2.06087741319731,1.35310069686411,-8.63959943310116,5.61932233559697e-17,3.23033079397587e-16,27.4564937616045
"PRSS53",1.28556770775055,5.4393630662021,8.6395739934378,5.62042941845194e-17,3.23033079397587e-16,27.4562995046133
"RNF207",1.43926622675663,7.32155313588849,8.63591079389953,5.78211687303546e-17,3.31954304819401e-16,27.4283319448489
"COL4A3",-2.42416985025509,7.84730609756098,-8.63514717790639,5.81639651060993e-17,3.33828963832323e-16,27.4225030875793
"DDIT4L",2.25712544018432,6.55130261324041,8.63289060138262,5.91887572271896e-17,3.39615759048128e-16,27.4052804345027
"NDN",-1.23267627776865,8.34544094076655,-8.632682532893,5.92841427925281e-17,3.40032628712268e-16,27.403692587622
"CABLES1",-1.30236620042786,9.25792613240419,-8.63265988317254,5.92945353526507e-17,3.40032628712268e-16,27.4035197410831
"LYPD3",2.22775714003623,7.07137334494774,8.63060581643867,6.02445482802081e-17,3.45287709713197e-16,27.3878460167846
"IFLTD1",-1.6233389402666,1.03411655052265,-8.62972965203615,6.06543422218313e-17,3.47539393194026e-16,27.3811612456465
"DCDC2",-2.4229487543196,6.00069320557491,-8.62802568585298,6.14592191807474e-17,3.51856600608127e-16,27.3681621853427
"TTC29",-2.73561863090343,2.51941271777003,-8.62773399292634,6.15980565936151e-17,3.52553136846088e-16,27.3659371431987
"EFR3B",-1.82647257528387,7.04370487804877,-8.62681212527664,6.20388810920036e-17,3.54977209815729e-16,27.35890549045
"MMP28",-2.61635475728157,8.07167369337979,-8.62345897748528,6.36687800192441e-17,3.6405807209356e-16,27.3333338422487
"LOC145820",-1.37031139048874,2.78986655052265,-8.62343795730973,6.36791299019959e-17,3.6405807209356e-16,27.333173563117
"CTSS",-1.06194290274808,12.3377555749129,-8.61835219353601,6.62327754581589e-17,3.78446668565545e-16,27.2944033823804
"ESPN",2.3189434326148,7.0915393728223,8.61826462553943,6.62776200053547e-17,3.78597534421239e-16,27.2937359815748
"RSPH4A",-2.48670393286163,5.11357770034844,-8.61402871436354,6.84831069666356e-17,3.90869665283578e-16,27.2614581561096
"DSP",1.85984816521312,12.1909231707317,8.60686316146647,7.23803360501579e-17,4.12514277429751e-16,27.2068841599677
"TMEM45B",1.54260126378149,9.60258188153311,8.60056187911065,7.59882030541984e-17,4.32502857971359e-16,27.15892150319
"PABPC5",-1.23856304755637,3.64311010452962,-8.59960734283585,7.65500239737492e-17,4.35459127786387e-16,27.1516583438738
"DYNLRB2",-2.30991060062533,3.08247177700349,-8.5968441182042,7.81996602550614e-17,4.44350685036372e-16,27.1306362022031
"ASPHD1",2.1273355372717,6.38795348432056,8.59634416477508,7.85018637059208e-17,4.45944455418526e-16,27.1268331981967
"DPT",-1.82597474411718,8.46683797909407,-8.59622921576899,7.8571509253378e-17,4.46216621015727e-16,27.1259588378024
"ENHO",-1.87041189073558,3.32640400696864,-8.58967333845385,8.26463559617665e-17,4.68968957406044e-16,27.076106432419
"TMEM105",1.73340547309529,5.02172804878048,8.58352268683633,8.66589986047045e-17,4.91330914486215e-16,27.029362129465
"APOA5",-1.4242519993418,0.847819512195123,-8.58198064853487,8.76948471962622e-17,4.97066596614926e-16,27.0176468513309
"ARTN",1.81160201086063,4.30580052264809,8.58135767279842,8.8116788166977e-17,4.99320359113452e-16,27.0129143983605
"JUNB",-1.02961194997533,11.8017158536585,-8.58045505810574,8.87316916195308e-17,5.02666012403137e-16,27.0060581303839
"C19orf35",-1.19990984696397,3.70620888501742,-8.58032191632467,8.88227523742245e-17,5.03043063791125e-16,27.0050468315178
"CD53",-1.22773712687182,10.3108825783972,-8.57776718144339,9.05880378185565e-17,5.12616432308425e-16,26.9856442956474
"C1orf113",1.09028193187429,7.0557705574913,8.57730463632115,9.09113382520629e-17,5.14304153848127e-16,26.9821318645377
"LOC127841",1.10239068948495,1.12412282229965,8.57367856151145,9.34856583676381e-17,5.28576305780119e-16,26.9546015886899
"SCN11A",-1.25804020075696,2.12700783972125,-8.57232795943886,9.44628242971809e-17,5.33954235358239e-16,26.9443496991686
"FAM53A",1.14831331248973,4.88926585365853,8.57219706017538,9.45580655109103e-17,5.3419842733599e-16,26.9433561605893
"YPEL4",-1.19063025835117,4.20736515679442,-8.56946957886086,9.6564297613593e-17,5.45232406492592e-16,26.9226569680431
"GPR116",-1.80010066480173,11.7934932055749,-8.5676593665846,9.79189962311256e-17,5.52729445318946e-16,26.9089218518273
"LPHN3",-2.12018677307884,4.62841132404181,-8.56732435917431,9.81717563520618e-17,5.540038916734e-16,26.9063802046739
"NHSL2",-1.32522035214745,4.71669059233449,-8.5645463908709,1.00292713059092e-16,5.65661922830537e-16,26.8853071648935
"FBN3",-2.92764886950801,4.26982247386759,-8.56222985635774,1.02095960019489e-16,5.7567428157103e-16,26.8677384941605
"PLAU",1.85327794306403,10.8827367595819,8.5606281376339,1.03361483091369e-16,5.82649985685285e-16,26.855593155923
"RGS6",-2.25898985683728,2.77514494773519,-8.55979107839388,1.0402900373207e-16,5.86251838215593e-16,26.8492466927823
"SOD3",-1.37574503537931,9.43808972125434,-8.55505490138369,1.07886975752072e-16,6.07659701561054e-16,26.813346711043
"ZPLD1",2.02591898305087,2.27194094076655,8.55210557093875,1.103605427662e-16,6.21421267962173e-16,26.7909986948717
"FAM23A",-1.65277233503375,4.66448989547039,-8.55183945559491,1.10586468840697e-16,6.22522677625309e-16,26.7889825471258
"HCST",-1.21702433108443,7.60820609756097,-8.54347368260439,1.17926744643882e-16,6.63115877167598e-16,26.7256263637626
"ADAM29",-1.44356036860294,1.53170766550523,-8.54147992431776,1.19745987993272e-16,6.72977041747024e-16,26.7105341880407
"ACSM5",-1.70663725522463,3.26533449477352,-8.53869001786651,1.22338352787036e-16,6.87358068614626e-16,26.6894199743402
"PCDHGA9",-1.52290369590259,4.89986898954704,-8.53324109259799,1.27562492681187e-16,7.16317826790147e-16,26.6481975051976
"MFAP2",1.42745432614778,8.93607229965157,8.53106389210901,1.29711003606184e-16,7.27984391480306e-16,26.6317321384492
"LRRC25",-1.23500448576601,7.62135034843204,-8.52706190784877,1.33753973954322e-16,7.50059843016178e-16,26.6014750866135
"GREB1L",2.35252918545337,3.7512831010453,8.52655448454249,1.34275411912716e-16,7.52778319652666e-16,26.5976394915298
"RAMP1",1.74596304097418,8.65367282229966,8.51587084013378,1.45732766000105e-16,8.16564870628318e-16,26.5169232390653
"C7orf10",1.74619094948167,4.98427560975609,8.51435830614222,1.47431066009611e-16,8.25855330198451e-16,26.5055021929227
"DTHD1",-2.28193765673854,3.69694233449477,-8.50517662546029,1.58168366803656e-16,8.84553683050682e-16,26.4362056576257
"PLAC8",-2.03498501892383,7.6235181184669,-8.5045896050795,1.58880548708593e-16,8.88294571075002e-16,26.4317772330494
"APOL4",-1.33227406944217,8.23197038327526,-8.49990627701204,1.64677118476455e-16,9.20452284868398e-16,26.3964551501268
"LRRC4",-1.83334547967749,6.9177418118467,-8.49967881998828,1.6496390428249e-16,9.21804288219792e-16,26.3947400328973
"THRB",-1.59630494651968,7.29939721254355,-8.49576229010132,1.69980151834055e-16,9.49317877353958e-16,26.3652134094574
"LGSN",3.40276935659046,6.54440226480836,8.49540535114707,1.70444742788973e-16,9.51653676763018e-16,26.3625229801999
"PGF",1.37516626295871,7.19693675958188,8.49382640796267,1.72514993729325e-16,9.6295073987576e-16,26.3506227394529
"CLDN4",1.05484166529538,12.9434832752613,8.48877940909223,1.79300556166484e-16,1.00028272230922e-15,26.3125958311822
"HIST1H4H",1.55255428336351,6.23305592334495,8.47699095023724,1.96194702759359e-16,1.09304674291713e-15,26.2238433446761
"CCDC60",-2.49606128681918,2.46129233449477,-8.47191658959748,2.039425258671e-16,1.13497968448131e-15,26.1856691837075
"C20orf85",-3.67954553562617,4.72862491289199,-8.46515544229089,2.1473751268837e-16,1.19408481459703e-15,26.1348330050036
"C2orf27A",1.03466330426198,3.75029425087108,8.46486213193821,2.15218386218268e-16,1.19643473302492e-15,26.1326283567345
"ABP1",3.25594131973016,7.29099512195122,8.46308662718764,2.18152077203001e-16,1.21175923835974e-15,26.1192841576649
"HEY2",-1.24507004442983,5.25090923344948,-8.46123831313622,2.21248061303906e-16,1.22862393794136e-15,26.1053950554917
"CDC42EP2",-1.04135573144644,7.9981012195122,-8.45933944860804,2.24473940678546e-16,1.24586374753462e-15,26.0911285489862
"DCHS1",-1.08943378969887,9.18016498257839,-8.45823320986863,2.26374654195349e-16,1.25607341908933e-15,26.0828183283379
"RP1",-2.57444269540893,4.54154721254355,-8.45346958198613,2.34742776132631e-16,1.30180151107588e-15,26.0470429412848
"SLCO3A1",-1.10252377159784,9.30036794425086,-8.45119501264844,2.38845569740496e-16,1.32419647495879e-15,26.0299661954253
"LRRC67",-1.6130842224782,1.19374094076655,-8.4493190938225,2.42282553860999e-16,1.3425265400179e-15,26.0158850807898
"NKD2",-1.55458841533653,7.19247665505226,-8.44609333421334,2.48307320474162e-16,1.37553947364667e-15,25.991677410385
"TTBK1",1.2783136218529,3.0111512195122,8.44171223408766,2.56727642339171e-16,1.42065188604398e-15,25.9588110198128
"PXMP4",-1.37363978278757,9.46362264808362,-8.43876422427615,2.62551815651267e-16,1.4520982692135e-15,25.936702938454
"GVIN1",-1.47444797432945,6.86678135888501,-8.4377113044553,2.64663485061288e-16,1.46338307253117e-15,25.9288082080206
"FAM26E",-1.16117259173935,6.44481358885018,-8.43544959578628,2.69256339925478e-16,1.48757606530411e-15,25.9118526431421
"MATK",-1.42511629422413,6.19147456445993,-8.43317073310813,2.73963682200922e-16,1.51317578573714e-15,25.8947720573571
"ODZ4",1.49708241237454,7.7303350174216,8.42747701036675,2.86083361722393e-16,1.57969107481461e-15,25.8521120375728
"ECEL1",2.78035468487743,3.62777926829268,8.4225686743656,2.96955470458174e-16,1.63884295927589e-15,25.8153545128626
"DNM3",-1.45892239262796,6.42759076655052,-8.42128801998852,2.99858689503246e-16,1.65442055778061e-15,25.8057666984566
"SLC22A18",1.16830861280238,8.91972961672474,8.41883182299284,3.0550554829737e-16,1.68241118737795e-15,25.7873811836962
"TEKT1",-3.26824403817676,3.85456672473868,-8.41262574343123,3.20245975672539e-16,1.76075251220065e-15,25.7409450780147
"PDCD1LG2",-1.47519069935824,6.60845226480837,-8.4107424067689,3.24856636444634e-16,1.78466865030996e-15,25.7268585594752
"SYNGR4",1.68178265920686,1.79395209059233,8.40824041400192,3.3108344653122e-16,1.81741795649357e-15,25.708148572524
"DKFZp779M0652",-1.20280007240416,1.92824285714286,-8.40804886229539,3.31565000688353e-16,1.81957483670994e-15,25.7067163212283
"SLC7A11",2.28224038834954,8.39515470383275,8.40703195250514,3.34133089593938e-16,1.83317806770805e-15,25.6991132109659
"CYP27C1",2.29030443639956,4.73885766550523,8.40685080639438,3.34592611370355e-16,1.83520873936238e-15,25.6977589145048
"E2F1",1.2314093993747,8.39838850174216,8.4066260078608,3.3516373672063e-16,1.83785029777632e-15,25.6960782925741
"APOBEC4",-2.52405999341783,2.81634442508711,-8.4059430826027,3.36904698560683e-16,1.84690346100155e-15,25.6909728729615
"C1orf173",-3.14378049695575,4.38267595818815,-8.40301772220268,3.44463917736332e-16,1.88733499629754e-15,25.6691070945482
"CSF3R",-1.7613627480665,9.42385104529616,-8.40190797762213,3.47375172295804e-16,1.9027780915776e-15,25.6608137965742
"VTN",-2.10684863584007,3.96243101045296,-8.40092374960981,3.49977487889875e-16,1.9165211593436e-15,25.653459218849
"ADC",1.13778590093797,7.06700696864111,8.40003777346476,3.52336493879755e-16,1.9289248584937e-15,25.6468393964541
"SLC9A3R2",-1.00747520816193,11.0528348432056,-8.39845849958665,3.56580508939153e-16,1.95111882956312e-15,25.6350407539862
"NAALADL1",-1.04666170478856,5.61517961672474,-8.39638510669992,3.62229157892316e-16,1.98097086082292e-15,25.6195532117156
"UGDH",1.3564126740168,10.9693921602787,8.38780252428305,3.86566799767153e-16,2.11181915891954e-15,25.5554759766456
"GLIPR1L2",-1.31445197301301,3.22298432055749,-8.38716687145677,3.88432278441519e-16,2.12088156287351e-15,25.5507322514479
"CARD11",1.63164593055786,8.70523658536586,8.38408434521856,3.97605625780173e-16,2.16923824003905e-15,25.5277320757927
"FAM24B",1.15684886292579,4.83903083623694,8.38025869673886,4.09288602708956e-16,2.23060658710243e-15,25.4991962984415
"PPFIA4",1.91561065986508,5.56202177700349,8.37784891479322,4.16821181388546e-16,2.27105595910479e-15,25.4812267898316
"DLL3",3.05432529537603,3.09878066202091,8.37767157297383,4.17380902810824e-16,2.27350223791622e-15,25.4799045286849
"CSF2RB",-1.26634367286491,8.86052735191637,-8.37743635684833,4.18124431434474e-16,2.27694816375325e-15,25.4781507902688
"COL6A4P2",1.49652239262796,2.50594442508711,8.37523210024592,4.25156091734945e-16,2.31401234446405e-15,25.4617180318409
"IL1F5",2.98469630738855,3.2091256097561,8.37388880877714,4.29498407076034e-16,2.33640760394038e-15,25.4517054353048
"MCHR1",1.62519045581703,3.38350905923345,8.37272404696568,4.33299060812269e-16,2.35604773592766e-15,25.4430245750563
"PRRG1",-1.14992596346882,7.24545505226481,-8.37108714978487,4.38696532599178e-16,2.38391736745927e-15,25.4308265292166
"LRP1",-1.05644686522956,12.8274341463415,-8.36978637472926,4.43033006677268e-16,2.40684509846105e-15,25.4211345715668
"PRKD1",-1.34821260490375,7.32527351916377,-8.36727375199872,4.51529758855689e-16,2.45170747138516e-15,25.4024165793475
"IL31RA",2.63447592233013,3.84418484320557,8.36699575185385,4.52479687582744e-16,2.45576773977947e-15,25.4003458640321
"PSPH",1.06881657067633,8.09248275261324,8.3640963827356,4.62505301259403e-16,2.50864830511375e-15,25.3787527930029
"SERP2",-1.3534153957545,4.47401567944251,-8.36372040538359,4.63821350570304e-16,2.51512211495202e-15,25.3759531276951
"FAM19A2",-1.32691761066317,3.03043728222996,-8.36028783343887,4.76008905582665e-16,2.57984763242136e-15,25.3503974879759
"C8orf34",-2.10549074543362,4.56260017421602,-8.35978663322282,4.77814721368248e-16,2.58895123507261e-15,25.3466667180378
"CNGA4",-2.10005924304757,3.12401236933798,-8.3585923079225,4.82145182287883e-16,2.61172574996576e-15,25.3377772574611
"DNAH10",-2.14398406121443,5.41919738675958,-8.35728217219158,4.86940163710408e-16,2.63700384093239e-15,25.3280269528997
"KRTAP4-1",2.62741170643413,2.45802979094077,8.35170037639102,5.07902554882464e-16,2.74690185767571e-15,25.2864994571799
"HBD",-1.196177436235,1.06035087108014,-8.34882218987645,5.19057457744427e-16,2.80575292456374e-15,25.2650947813405
"FAM70A",-1.67787487905217,5.63387944250871,-8.34333385046291,5.41003464875611e-16,2.92130487477546e-15,25.2242947616898
"HAS1",-2.18349443146291,2.9130956445993,-8.34311759518081,5.41886716662384e-16,2.92453582888505e-15,25.2226875616128
"CTSG",-2.20525673852232,3.86043972125435,-8.34252973695527,5.44294913527652e-16,2.93676072923067e-15,25.2183187890462
"NCF1",-1.45301246338655,7.50184407665506,-8.34217970864451,5.45733844795925e-16,2.94375087589604e-15,25.2157176060964
"TMIE",-1.33483412209973,3.68317177700348,-8.33778447220137,5.64125297832507e-16,3.04135828899721e-15,25.1830623381201
"ASAH2B",1.43646374197796,2.8183149825784,8.32969861995141,5.99573283078687e-16,3.22822960965262e-15,25.1230221248698
"TRPV1",1.2723883198947,7.13607055749129,8.32225031499048,6.34168894625158e-16,3.40735079996192e-15,25.0677563037649
"LOC653653",-1.14963928254073,5.80746480836238,-8.32105465113804,6.39903221030804e-16,3.43726141490382e-15,25.0588881837882
"C1orf189",-1.67259371071254,1.19239912891986,-8.32021834265623,6.43944516941381e-16,3.45806459136975e-15,25.0526859604825
"CD163",-1.5819944281718,10.5523503484321,-8.31888586599866,6.50435597293259e-16,3.49109616011258e-15,25.0428050688388
"PTPLA",-1.75341383248314,6.06127613240418,-8.31675564077945,6.60947382225107e-16,3.54566233527083e-15,25.0270111031941
"COL17A1",3.29778921836436,7.56829581881533,8.3166592383248,6.61427037441794e-16,3.54719088300647e-15,25.0262964288636
"PDGFRL",1.32430769787725,7.92897700348432,8.31358696193127,6.76894727089899e-16,3.62836781910069e-15,25.0035236777971
"CPT1B",1.56523192035545,7.4721168989547,8.31342968575526,6.77696093373837e-16,3.63171516496081e-15,25.0023580711449
"WDR65",-2.13448700345567,3.26568606271777,-8.3115009279538,6.87600209961653e-16,3.68286780863886e-15,24.9880650498836
"RYR2",-1.74390123745271,5.34106010452962,-8.31124462886136,6.88927015357078e-16,3.68901190017757e-15,24.9861659463389
"PCDHA12",-2.26003721573147,5.77389337979094,-8.31038783809286,6.93380823390201e-16,3.71189264777075e-15,24.9798177032936
"IRF8",-1.30573205858155,8.81259268292683,-8.30827996034694,7.04459518866017e-16,3.77021739372246e-15,24.9642019325821
"KCNK17",-1.93026361691626,4.59663310104529,-8.30803814942994,7.05741569009426e-16,3.77609445185393e-15,24.9624107257362
"LCN12",1.79638213592235,3.61553658536586,8.30782423106457,7.06877657717532e-16,3.78020273845818e-15,24.9608261661905
"ANKRD44",-1.32189243376667,6.76141881533101,-8.30729206826997,7.0971173889237e-16,3.79299911940827e-15,24.9568844104991
"COL4A6",-2.18240840875434,3.90335139372822,-8.30526042045031,7.20635064923226e-16,3.84876115579444e-15,24.9418377180127
"SRRM4",-1.5021660062531,1.14876324041812,-8.29920446693916,7.5419038739005e-16,4.02587848495001e-15,24.8970035395807
"ADAM33",-1.77143923646537,4.82501707317073,-8.29898331776935,7.55444526868792e-16,4.03152486005103e-15,24.8953667866261
"LOC96610",2.08035145301961,14.7126360627178,8.29888690322744,7.5599193949697e-16,4.03339774372993e-15,24.8946532211317
"SULT1A2",-1.55735913773245,6.1944331010453,-8.29823449281337,7.59706439248762e-16,4.05216243122294e-15,24.8898248926895
"ALOX15",-3.08521372058584,4.93273466898955,-8.29805116149767,7.60753477403874e-16,4.05669321846793e-15,24.8884681564969
"C2orf77",-1.45472680928091,6.91967543554007,-8.29708541283386,7.66292619389191e-16,4.08516943029345e-15,24.8813215598925
"C6orf97",-1.86131179529375,6.6061280487805,-8.29494104888595,7.78734661282587e-16,4.15042123471742e-15,24.8654554757007
"MORN5",-2.63698740167849,2.95219233449477,-8.29443313894767,7.81710768025737e-16,4.16520167857991e-15,24.8616979369685
"LYL1",-1.00374199111404,6.73430975609756,-8.29209698911664,7.955448031304e-16,4.23781390977351e-15,24.8444173301402
"ECT2L",-2.05440454500578,3.97520993031359,-8.29081035583626,8.03266877698515e-16,4.27672951222783e-15,24.8349016772643
"NETO2",1.27542786901433,8.6597519163763,8.28859695207136,8.16724835585611e-16,4.34500152230438e-15,24.8185345496615
"POSTN",1.59062795458287,11.660968641115,8.28687509500036,8.27347893981658e-16,4.4003762340527e-15,24.805804562704
"GGTLC1",-2.81204673687678,6.88666080139372,-8.28315661814367,8.50757026173198e-16,4.51785870339777e-15,24.7783203079706
"ALPL",-2.33395679447098,10.2126853658537,-8.28285132701593,8.52707752711051e-16,4.52704684850217e-15,24.7760642502207
"FERMT3",-1.14796106631563,9.4620756097561,-8.27375294863256,9.12915968476168e-16,4.84168556776433e-15,24.7088585268353
"DYNC2H1",-1.31726485766004,7.51525209059233,-8.27294674133037,9.18449279452313e-16,4.86927839444777e-15,24.7029062276015
"C2orf65",-1.50746381109101,3.4543743902439,-8.27292585853665,9.18593045382184e-16,4.86927839444777e-15,24.7027520541614
"FLJ26850",-1.47386619384566,1.45891689895471,-8.27253303932574,9.21301523388946e-16,4.8823748774329e-15,24.6998520064202
"FGL1",4.16405818660526,5.4657181184669,8.27097103625825,9.3214975870077e-16,4.9373154143774e-15,24.6883213515592
"CELF5",2.23723796610172,3.4139,8.27092535067092,9.32468940550051e-16,4.93773209943063e-15,24.6879841278326
"SLC39A4",1.19346639789371,9.64834895470383,8.263381558594,9.86681603787497e-16,5.21720808591578e-15,24.6323204479289
"JAKMIP2",-1.78439913115025,4.93309268292683,-8.26336939191658,9.867715049981e-16,5.21720808591578e-15,24.6322307054435
"COL4A4",-1.7531454665131,8.74992369337979,-8.2630922244259,9.88821725733138e-16,5.22670186130312e-15,24.6301863217424
"DOK7",-1.82023976633209,5.22363432055749,-8.26182658876546,9.98237290357879e-16,5.27511237349993e-15,24.620851695509
"GREB1",1.91448503867041,6.41005592334495,8.25788994207691,1.02809328480815e-15,5.43148613924636e-15,24.5918243645887
"CECR1",-1.16990992265921,10.8148540069686,-8.25240953600804,1.07113095217368e-15,5.65303816147188e-15,24.5514320662315
"WFDC6",-1.64693790357087,1.02597038327526,-8.24995166487023,1.09100605201804e-15,5.75497282834801e-15,24.5333236456994
"TXNIP",-1.11529435905875,13.6464879790941,-8.24757973319331,1.11053142972196e-15,5.85345577719942e-15,24.5158524119447
"ZDHHC15",-1.70169195326643,5.14423588850174,-8.24722976980636,1.11344134208677e-15,5.86728715427139e-15,24.5132749776645
"ATP13A4",-2.72543314464376,8.21717160278745,-8.24423529260543,1.13865001495296e-15,5.99704587146854e-15,24.4912245677537
"SLPI",-2.36220482474908,11.8984324041812,-8.2358278600366,1.21247948689053e-15,6.37771044475085e-15,24.429348526977
"GUCA1A",1.63394903735397,1.74180296167247,8.23258664519761,1.2421878167001e-15,6.5306314665437e-15,24.4055074945042
"WNT11",-1.77967683396414,4.93691602787457,-8.23240177410908,1.24390381274713e-15,6.53797882122342e-15,24.4041478823217
"MMP3",2.54406472601615,3.28989390243903,8.22729108046969,1.2922800169782e-15,6.78913383376346e-15,24.3665714270359
"LOC389791",1.30866598650651,2.00833797909407,8.2272838777823,1.29234948964187e-15,6.78913383376346e-15,24.366518482141
"GPD1L",-1.03039700839231,10.3586674216028,-8.22663141462505,1.29865807011111e-15,6.820529593088e-15,24.3617225636339
"GPR84",1.55638657232189,5.37487735191638,8.2247615548312,1.3169064611935e-15,6.91460093306973e-15,24.3479798541762
"SCEL",-2.24425762711867,9.43038153310104,-8.22455236887007,1.31896363888656e-15,6.92363168149859e-15,24.3464425755422
"LAT2",-1.13318147770282,8.40156655052264,-8.22138431342917,1.3505097338199e-15,7.08560307572769e-15,24.3231647435656
"FNDC1",1.98551792002635,8.48271463414634,8.21623460459572,1.40338552295261e-15,7.35738120179189e-15,24.285341462621
"GJB6",2.86594499259506,3.7484787456446,8.21421938617029,1.4246292918686e-15,7.46684691398069e-15,24.27054529207
"FCRL4",1.74246189896332,2.23200104529617,8.21410246291066,1.4258715591902e-15,7.47145051306148e-15,24.2696869040186
"TRPC2",-1.4532009675827,1.93275121951219,-8.20693716886934,1.50407703150736e-15,7.86718508454679e-15,24.2171015426489
"SHOX2",2.0588875102847,3.71251393728223,8.20493940152153,1.52662679429442e-15,7.97497406790445e-15,24.2024465875044
"ARHGAP28",-1.27361545170315,6.64453013937283,-8.19552714218599,1.63744045012436e-15,8.53864679732108e-15,24.1334392833113
"TCTEX1D4",-1.49000465361199,3.0390118466899,-8.19148320478159,1.68745650317473e-15,8.79642949663154e-15,24.1038097949481
"CRTAM",-1.47473058416983,5.06501254355401,-8.19130088298202,1.68974668444375e-15,8.80469528721576e-15,24.1024742150964
"TMEM190",-3.01367413526414,3.40747003484321,-8.18871202251263,1.7225990275297e-15,8.96904844919724e-15,24.0835123141117
"RBM24",-1.78260120125063,3.22443292682927,-8.1874782826549,1.73847617096659e-15,9.04942083923531e-15,24.0744775512615
"GPR162",-1.37755768964951,6.21454982578397,-8.18550768161255,1.76413630858319e-15,9.18066373009197e-15,24.0600489334591
"DUSP13",2.78763599144317,2.89351045296168,8.18209506798958,1.80946116724205e-15,9.41176533151238e-15,24.0350684808511
"C1QC",-1.38453202567057,11.741605923345,-8.18193512313807,1.81161346498206e-15,9.42057356537025e-15,24.0338978808103
"LOC645431",1.17471398716473,4.87233083623694,8.18124949989936,1.82086823348619e-15,9.46630155317079e-15,24.0288801649543
"C21orf125",2.31728121770612,4.33229547038327,8.17817131075301,1.8629972604437e-15,9.68041856666898e-15,24.0063566130287
"CPEB1",-1.6463299456969,2.67303449477352,-8.17770181631366,1.86950694179387e-15,9.71178580845856e-15,24.0029218436461
"SLC24A3",-1.52155945367781,7.36864285714286,-8.17370531829088,1.92583667573772e-15,9.99682097418339e-15,23.9736902173542
"CDK15",-1.18557283198948,1.46788240418118,-8.17352571988716,1.92840704662177e-15,1.00076331312298e-14,23.9723768441567
"SRCIN1",1.76735845318415,7.24165888501742,8.17329270849267,1.93174690090521e-15,1.00224321141228e-14,23.9706729046633
"TEKT5",1.56286797762055,2.28493153310104,8.17181247407397,1.95309753866443e-15,1.01295961151984e-14,23.9598493100522
"SGK2",2.13129168010533,4.64015383275262,8.16971452498568,1.98375767686733e-15,1.02844810873955e-14,23.9445115909787
"PRSS50",2.21902745433604,3.53511045296167,8.16655721386878,2.03079762011155e-15,1.05177283402851e-14,23.9214349419866
"FAM38B",-1.54077038341288,6.80632351916376,-8.1655162939061,2.04654611697363e-15,1.0596618355982e-14,23.9138284498957
"PDZD4",-1.66113840381769,5.57386341463415,-8.16191652446258,2.10194375490435e-15,1.08779695710074e-14,23.8875291531667
"P2RX7",-1.51011329274314,6.20491080139373,-8.16062186558631,2.12222741923763e-15,1.09801736181826e-14,23.8780728411919
"ADAMDEC1",2.36216701332897,6.54133536585366,8.15941492451359,2.14131080237363e-15,1.10705391016697e-14,23.8692582974578
"IL16",-1.14464277439527,8.99562909407665,-8.1550906053685,2.21108559286406e-15,1.14255190590232e-14,23.8376853585368
"WDR63",-2.18364916899788,3.62234494773519,-8.15272829331247,2.25014579209289e-15,1.16185847866366e-14,23.8204431207075
"FKBP1B",-1.31971577752182,6.53781411149825,-8.15266842330706,2.25114452774912e-15,1.16208189979104e-14,23.8200061879565
"PAX9",2.10707717623829,6.73409268292683,8.15180545485799,2.26558905615959e-15,1.16924442742474e-14,23.813708505461
"C5orf4",-1.73568202731612,9.29590905923344,-8.15005636503567,2.29514693347765e-15,1.18390368201749e-14,23.8009457963147
"NKD1",-1.72989763040976,5.34629041811847,-8.14914475347794,2.31070286561614e-15,1.19162848106253e-14,23.7942948344254
"LYZ",-1.76969250287972,13.2749385017422,-8.14802870124874,2.32988921011075e-15,1.20031682518378e-14,23.786153110414
"MSX1",-1.23277615599804,4.60696149825784,-8.14205386609731,2.43531053851923e-15,1.25399862944067e-14,23.7425810481207
"BNIP3",1.00451561954913,10.4511792682927,8.14190302536776,2.43803206746627e-15,1.25508521426987e-14,23.7414813551496
"FAM40B",1.86178172453515,6.55004442508711,8.14160303864488,2.4434534756061e-15,1.25756078852327e-14,23.7392943725142
"EIF4EBP1",1.24164322527564,9.29354668989548,8.13989830045973,2.47448854223249e-15,1.27321428000083e-14,23.7268675918035
"LOC645323",1.52268064834624,1.46119529616725,8.13727822911959,2.52294770318466e-15,1.29749790446846e-14,23.7077724599313
"TTYH1",1.65625928912294,2.703543728223,8.13396620948381,2.58554739488407e-15,1.32935857793563e-14,23.6836413653268
"UCK2",1.43552633536286,7.70798240418119,8.13169673287484,2.62932512920798e-15,1.35119011020375e-14,23.6671106458077
"RCN3",1.41248845812079,9.10268710801394,8.12732058556167,2.71581624873596e-15,1.39493889383411e-14,23.6352453969516
"CENPW",1.245613355274,6.71122229965157,8.12321626909444,2.79948468540125e-15,1.43701812982422e-14,23.6053718631205
"C2orf62",-2.03108847786739,3.36650905923345,-8.12319907531752,2.79984048674957e-15,1.43701812982422e-14,23.6052467422655
"AKAP14",-2.38931790027977,2.17957909407666,-8.12057652651844,2.85463650764762e-15,1.46440998255886e-14,23.5861646482001
"SCD",-1.16410514069443,12.9603722996516,-8.12018036508791,2.86300550938404e-15,1.46833632544727e-14,23.583282537646
"KCNK12",1.81004502879712,2.30830696864111,8.1173706566499,2.92306037758467e-15,1.49726620638257e-14,23.5628448526736
"RNF186",2.31846979101532,2.57359407665505,8.11349508831641,3.00794248223002e-15,1.54036066750268e-14,23.5346633607923
"KIAA1529",-1.54233169656081,6.05826167247387,-8.11255676124615,3.02885675947211e-15,1.5506840217447e-14,23.5278418491493
"C16orf54",-1.36678263946027,6.86405801393728,-8.11248190051025,3.03053149299687e-15,1.55115461359326e-14,23.5272976486268
"KIAA1614",-1.14956904064507,5.1748074912892,-8.11132938271093,3.05643051139888e-15,1.56402089728363e-14,23.5189199171682
"CD69",-1.51624772420604,7.46556114982578,-8.10993483423513,3.08806065592855e-15,1.57912142969358e-14,23.5087841108505
"S100A2",2.27282853052495,7.70458484320558,8.10992662936003,3.08824770590341e-15,1.57912142969358e-14,23.508724480569
"HIST1H1D",1.54661339805827,1.80584094076655,8.10936806194379,3.10100793552694e-15,1.58525131763865e-14,23.5046651124222
"BVES",-1.23280839888103,5.68318850174215,-8.10768930585519,3.13967250577985e-15,1.60381877441305e-14,23.4924661498993
"SPATA18",-2.01384082606551,7.10493641114982,-8.10596023000621,3.17999353117538e-15,1.62360773924473e-14,23.4799036259397
"ENC1",1.03315832812244,10.6911337979094,8.10125267627646,3.292379568581e-15,1.68057067486245e-14,23.4457118813278
"KRTAP5-1",1.48163576106633,3.25485574912892,8.09833976623731,3.3638754477668e-15,1.71578541472428e-14,23.4245628299894
"PLA2G4C",-1.24639759420768,6.66868763066202,-8.09525563262934,3.44124457887579e-15,1.75394119176564e-14,23.4021772005068
"SMOX",1.23780825078165,7.68823641114983,8.09097048619548,3.55166603973185e-15,1.80932267483114e-14,23.3710854775958
"ST3GAL6",-1.08807141352642,6.81212630662021,-8.09081535752505,3.55572838699498e-15,1.81094278801804e-14,23.3699601562883
"NCRNA00189",-1.25269216389667,1.57627735191638,-8.08659804817697,3.66794134923121e-15,1.86485477711037e-14,23.3393738745445
"MIOX",2.30093415171962,2.4906574912892,8.0829001133621,3.7692066090787e-15,1.91491738887369e-14,23.3125648143384
"ATP2A1",1.41624288958369,3.16370139372822,8.08216195191909,3.78974859005391e-15,1.92487725269191e-14,23.3072145037851
"SLC6A8",1.43506064505514,9.14840017421603,8.08212636438802,3.79074172776803e-15,1.92490545810234e-14,23.3069565695608
"PRKCZ",-1.06081196313972,9.93159738675957,-8.08157168367357,3.80625439670932e-15,1.93182701519017e-14,23.3029364259035
"FOXH1",1.70136391640613,2.33049860627177,8.07992887607768,3.85256710988694e-15,1.95484930217447e-14,23.2910311826336
"GPR44",-1.2751104953102,3.18181080139373,-8.07915968692697,3.87444223649947e-15,1.96546328429291e-14,23.2854576160226
"LOC349114",1.13919586638145,6.97991777003484,8.07842761978336,3.89537549769816e-15,1.97559434208852e-14,23.280153428311
"C22orf15",-2.04761957215733,2.99162630662021,-8.07636439512096,3.9549754349184e-15,2.00532589970054e-14,23.2652064035885
"C21orf62",-1.10605003455653,1.18178379790941,-8.07110698323584,4.11094480361017e-15,2.08389374859547e-14,23.2271328236066
"BHLHE41",-1.34333411222644,8.54718954703833,-8.06693989294985,4.23886779758457e-15,2.1460901574454e-14,23.1969692375215
"FAM66C",-1.03302031265428,3.68103240418119,-8.06596827915666,4.2692551165798e-15,2.16094200057651e-14,23.1899379685157
"ABLIM1",-1.152423001481,11.4134350174216,-8.06499562192814,4.29989041493166e-15,2.17591200933071e-14,23.1828998233595
"IFT57",-1.201883001481,10.5534588850174,-8.06235028932926,4.38431099544116e-15,2.21753891934977e-14,23.1637616195089
"ANK3",-1.29521864077671,9.45821358885017,-8.05985609747708,4.46540572701983e-15,2.25749106837038e-14,23.1457214505118
"CDHR3",-2.95655532335036,6.05884825783972,-8.05847926923611,4.51080349774649e-15,2.27983249159861e-14,23.1357649317493
"PLXDC2",-1.05969080796446,8.71605923344948,-8.05717194821559,4.55433093661094e-15,2.29956748963656e-14,23.1263123067354
"C6orf147",1.09616413032747,3.60929390243902,8.0545273420311,4.64365495617093e-15,2.34236452703168e-14,23.1071941325789
"RSPH10B2",-2.18078547638639,3.1349956445993,-8.05065373101205,4.77761940924487e-15,2.40875556168461e-14,23.0792003548894
"LOC644538",-1.04860010202403,6.29356080139374,-8.04772893655352,4.88129085085234e-15,2.45981593441332e-14,23.0580705809377
"FAM195A",1.01149353299326,8.78746027874565,8.0443125503302,5.00520112358166e-15,2.51916594918194e-14,23.0333971129404
"TNNT2",-2.01505375020571,4.05706341463414,-8.04115016866137,5.12266304269874e-15,2.57449870909682e-14,23.0105655277511
"ALS2CR12",-1.74669807470793,2.26163379790941,-8.04091618092566,5.13146147932463e-15,2.57828938253878e-14,23.0088764804271
"XKRX",2.05306451538591,7.06825557491289,8.03757145718969,5.25887269067665e-15,2.64101409832661e-14,22.9847367749596
"MEOX2",-1.50861745927268,6.24885627177701,-8.03286866749756,5.4433137371894e-15,2.73163605535318e-14,22.9508091067017
"ROPN1L",-2.39785726838903,4.25083780487805,-8.02977619450652,5.56806342744824e-15,2.79219204117031e-14,22.9285074860162
"FAM54A",1.34436116504855,5.73377770034843,8.02608582927,5.72062880432112e-15,2.86589822725019e-14,22.9019030762833
"CACHD1",-1.74866447918383,8.25475087108014,-8.02482673811802,5.7736196856629e-15,2.89173974497827e-14,22.8928283258877
"AKAP5",-1.03522006253086,6.53954181184669,-8.01736012725203,6.09796598744547e-15,3.05121232567038e-14,22.8390369452571
"ACTG2",-1.6836736218529,7.92645470383275,-8.01652246918712,6.13545682884074e-15,3.06922340877438e-14,22.8330047335117
"HIST1H2BE",1.11811738686853,3.52149233449478,8.01512498442289,6.19851063291793e-15,3.10001031166395e-14,22.8229421712243
"DOCK2",-1.25732234326149,9.21518919860627,-8.0145375954696,6.22520381708234e-15,3.11032938341933e-14,22.8187131061142
"CR2",2.58823054467667,6.24775731707317,8.01398105022749,6.25059999578845e-15,3.12225834339506e-14,22.8147063367789
"CFTR",-2.67170229060395,7.33069146341464,-8.00888486750393,6.4879541968757e-15,3.23845610653679e-14,22.7780274104102
"SOCS3",-1.15941660029621,11.5417975609756,-8.00821521811039,6.51979694751917e-15,3.25355934206535e-14,22.7732091046362
"DGKI",1.23610215566892,1.93323449477352,8.00163165362338,6.84118216137741e-15,3.4081404943722e-14,22.7258557292919
"HLA-DOA",-1.49377676155999,10.171918989547,-7.99989865339199,6.92834843715245e-15,3.44989069645258e-14,22.7133960087436
"CLCN4",-1.226355244364,7.65325801393728,-7.99572745790603,7.14266985818208e-15,3.55316239855775e-14,22.6834152768635
"CD19",2.30563720914927,5.01815679442509,7.99016479190635,7.4386966275967e-15,3.69683954888792e-14,22.643452698008
"ZNF367",1.0170251801876,6.70214198606272,7.98979571248944,7.45876060288283e-15,3.70591372645654e-14,22.640801991895
"EFHB",-2.10583650485439,3.84401707317073,-7.98901960733088,7.50112577699001e-15,3.7251599468216e-14,22.6352283706242
"SPAG8",-1.61175587954584,4.1900700348432,-7.98761883193428,7.57819165027665e-15,3.76252175526432e-14,22.6251697573883
"GUCY1A3",-1.05639479677473,9.78411306620209,-7.98734593654452,7.5932960984129e-15,3.76856940737486e-14,22.6232103287736
"OASL",-1.48527605726511,7.74935609756098,-7.98730323732306,7.59566213777575e-15,3.76856940737486e-14,22.6229037469893
"CDX1",1.25208697383579,2.51178135888502,7.9866496136901,7.6319715132457e-15,3.78556112990902e-14,22.6182108717465
"SIGLEC7",-1.29896543360211,6.12323327526133,-7.98429429963482,7.76423754466985e-15,3.85023663748966e-14,22.601302775868
"IBSP",2.45857771268721,3.1795243902439,7.98411481455317,7.77440903850583e-15,3.85434961508149e-14,22.6000144695357
"CRH",-1.17632664472603,0.543627351916376,-7.97984890068109,8.02006785621509e-15,3.97230381394682e-14,22.5694014469305
"SNTN",-2.74239585321707,5.31979651567944,-7.97376361786923,8.3838060279995e-15,4.15045907294019e-14,22.5257549206908
"NR5A2",-1.14889720585816,6.0100662020906,-7.97339366842424,8.40643664799534e-15,4.16065921849914e-14,22.5231023268861
"SATB1",-1.11394294553235,8.71804285714286,-7.97226629136242,8.47577315508252e-15,4.19295476804444e-14,22.5150194688485
"SYCE2",1.26029747243707,2.73997334494773,7.96820549245241,8.73023154365899e-15,4.31675466260402e-14,22.4859126864574
"SGPP2",1.44590563765017,8.46334738675959,7.96773737145214,8.76004526025636e-15,4.33045338774532e-14,22.4825580757985
"CEACAM5",3.54487393121609,11.5289850174216,7.96647459673684,8.84097085519461e-15,4.36940615448111e-14,22.4735096686256
"NAP1L2",-1.62079353957546,4.96120540069686,-7.96354841669712,9.03134266837281e-15,4.46241792976399e-14,22.4525465476355
"CCDC89",-1.41698720750371,3.98599181184669,-7.96140831716959,9.17312886076797e-15,4.53029433513511e-14,22.4372188004417
"XKR6",-1.24818683890078,2.41695348432056,-7.95591965533619,9.5468820874807e-15,4.71034581244842e-14,22.397923168172
"SPRED3",1.14642909330263,1.34097700348432,7.95222541941284,9.80686222345219e-15,4.83281040440407e-14,22.3714867990385
"COL4A5",-1.8741484614119,7.53952439024389,-7.94754055937973,1.01466231531176e-14,4.99784484965222e-14,22.3379755523337
"FAM154B",-2.26211741648842,4.94316428571429,-7.94650649473042,1.02231672326753e-14,5.03433972863575e-14,22.3305809209235
"C20orf26",-2.06646717788384,3.25420243902439,-7.94489486377716,1.03436015545042e-14,5.09242541760122e-14,22.3190576298964
"CHPT1",-1.04405480993913,9.35125923344947,-7.94005946126601,1.07134059772534e-14,5.26943518718286e-14,22.2844953496064
"SLC16A3",1.14212578245846,11.5104719512195,7.93974502883991,1.07378999699035e-14,5.28021763789505e-14,22.282248446936
"ESYT3",-1.75704238604576,7.54997648083623,-7.93743041425466,1.09199145814643e-14,5.36843501813846e-14,22.265710636897
"CAPSL",-2.79135697548135,3.5413256097561,-7.93667300782009,1.09801332572575e-14,5.39674732514953e-14,22.2602998433978
"TGFB2",-1.62935597827877,8.26353832752614,-7.93587958319287,1.10435669836253e-14,5.42662590171916e-14,22.2546321853322
"C1orf61",2.54250439361529,2.89857700348432,7.9313963176608,1.14088531201419e-14,5.60209888917756e-14,22.2226154764676
"APOBEC3B",1.8194383840711,6.89537717770035,7.93045357044761,1.1487169521642e-14,5.63920588903181e-14,22.2158848046457
"VIL1",4.01389575777526,4.50934982578397,7.93001729259952,1.1523591515522e-14,5.65573353606661e-14,22.2127702493222
"HIST1H3D",1.90541002468325,3.13496794425087,7.92843982073321,1.16562375984533e-14,5.71946840096193e-14,22.2015099405751
"LOC387646",1.35673420437718,5.02071114982578,7.91766401203994,1.26035238483217e-14,6.1754258855858e-14,22.1246381239035
"PARD3B",-1.40228662827054,5.69400000000001,-7.91557029697409,1.27962014175117e-14,6.26833727276343e-14,22.1097118360419
"HIST1H2BG",2.02795902583514,3.07402891986063,7.91490145010862,1.28583633897507e-14,6.29578345794377e-14,22.104944232562
"PRR7",1.32920690472274,5.24256585365853,7.91415536824377,1.29280550348976e-14,6.32538059738914e-14,22.0996264721406
"TRPM2",1.27183445120949,7.91173972125436,7.91243333881471,1.30903358793485e-14,6.40172929021022e-14,22.0873541001748
"FREM1",-1.90005982228074,5.08413571428571,-7.91188204310955,1.31427123733061e-14,6.42275374967802e-14,22.0834256388165
"RGS18",-1.32653261148594,5.53186236933798,-7.910280733375,1.32960218737476e-14,6.49458313271564e-14,22.0720161600549
"RTN4RL1",-2.03029201250619,5.71904738675958,-7.9082873188851,1.34893384790288e-14,6.58744336285588e-14,22.0578154889546
"CCDC108",-2.48850672700348,4.40938902439025,-7.90675079228707,1.36402370810125e-14,6.6532208903109e-14,22.0468715530507
"EPHX3",1.75433881849599,7.74130801393728,7.9045524684456,1.385902878802e-14,6.75512490546177e-14,22.031216923883
"KRT1",-1.75266728649006,2.02246289198606,-7.90086408120437,1.42339242926848e-14,6.93291733638953e-14,22.0049591574602
"HAVCR1",2.77278855356264,2.95952473867596,7.89982508246113,1.43413243630952e-14,6.98357184948634e-14,21.9975642631534
"RPL22L1",1.04595968734574,8.8166193379791,7.89788051643105,1.45444843420664e-14,7.07914327981564e-14,21.9837262487104
"RFX8",1.49524187921673,2.31490400696864,7.89773573513479,1.45597235304923e-14,7.08488087416465e-14,21.9826960585157
"DDR2",-1.4247273621853,6.69852351916377,-7.8970487864929,1.46322443463564e-14,7.11679640916124e-14,21.9778082874858
"SNORA39",1.11338458120784,2.54769006968641,7.8964658475661,1.46940643062601e-14,7.14517148762482e-14,21.9736608333272
"DOK5",1.76973134770447,4.83204041811846,7.89446740529783,1.49079586947683e-14,7.24746369887741e-14,21.9594443191643
"IL6R",-1.13699907191049,9.113412543554,-7.89417543327194,1.49394646832972e-14,7.26106084157415e-14,21.9573675312216
"ADARB2",-1.47690321540235,1.96201916376307,-7.88791923553674,1.56305599992023e-14,7.59156368071027e-14,21.9128822198637
"FLJ40330",2.08193447753828,5.5217224738676,7.88757079675651,1.56699642252127e-14,7.60890173944221e-14,21.9104054446894
"MX2",1.18682130985685,9.7301106271777,7.88749212825406,1.56788742344491e-14,7.61142795065594e-14,21.9098462648115
"KLHL29",-1.39273480993913,7.03201916376307,-7.88524029740133,1.59360466724544e-14,7.7344453471747e-14,21.8938420323651
"NPY1R",-1.86228313641601,3.95220400696864,-7.88497539097094,1.59665727620389e-14,7.74654457160348e-14,21.8919595284524
"TNFAIP8L2",-1.17009414842851,6.91662770034844,-7.8724538208521,1.74772024986182e-14,8.46242847397714e-14,21.8030355320938
"ATP8A2",-1.84680662827055,4.25287108013937,-7.8714151199575,1.7608667630395e-14,8.5240732481021e-14,21.7956641311977
"SLC9A9",-1.04480469639625,7.06869320557492,-7.86983028305672,1.78111372048838e-14,8.61599073553876e-14,21.7844184469991
"SNHG12",1.08505901267073,8.05862177700349,7.86655573319301,1.82367761737102e-14,8.80943564344167e-14,21.7611886695558
"KLRD1",-1.52448986671056,5.18210348432056,-7.8658092054142,1.8335208385529e-14,8.85490068583652e-14,21.7558938627231
"HRASLS",2.04209393121608,3.82917195121951,7.86518346506868,1.84181179234967e-14,8.89075854618828e-14,21.751456061714
"BEX5",-1.70171651801877,5.4557731707317,-7.85539674456927,1.97640053809283e-14,9.52700235901521e-14,21.6820848259724
"NR3C2",-1.48491741648842,8.07247787456446,-7.85512852504094,1.98022254007757e-14,9.54094549349744e-14,21.6801845836644
"CLDN14",1.40293904229062,2.53165993031359,7.85380262538374,1.99922333393916e-14,9.63023346920953e-14,21.6707918119551
"P2RY12",-1.7147824650321,4.19454006968641,-7.85363119905017,2.00169304775673e-14,9.63986823139707e-14,21.6695775082638
"PFN4",1.24959423728815,3.00689738675958,7.85242247770646,2.01919253150091e-14,9.72186272788781e-14,21.6610160992931
"ITPR1",-1.04944843508311,9.50310644599304,-7.84270897167662,2.16540992825343e-14,1.04112097955604e-13,21.5922535837367
"DENND2C",-1.02281178212935,5.34776620209059,-7.84210829307831,2.17478716900464e-14,1.04538470099895e-13,21.5880035934317
"MUC20",1.69748724041469,10.0222898954704,7.83217582468778,2.33577805697373e-14,1.1188409591617e-13,21.5177662825476
"C9orf125",-1.85195783774891,6.25495104529616,-7.82520565501745,2.45571622610351e-14,1.17437349457035e-13,21.4685196737798
"TYRP1",-1.95991735724866,4.64516637630662,-7.82071430777974,2.53619712865683e-14,1.21201413061743e-13,21.4368055176093
"RARRES2",-1.25493404311338,10.3168116724739,-7.81770465574036,2.59157717340948e-14,1.23761524471032e-13,21.415562078157
"LY6D",3.22385576106634,3.93539738675958,7.81601863859272,2.62312064542419e-14,1.25209641596277e-13,21.4036643150838
"APLNR",-1.29407949975318,7.95860174216029,-7.81094369644959,2.72036980135461e-14,1.29791289848501e-13,21.3678643299564
"FCGR1B",-1.27141432614778,7.1588287456446,-7.81067888581287,2.72554072472027e-14,1.30007785963074e-13,21.3659968007559
"TFEC",-1.32402693763371,7.4794681184669,-7.80935135608529,2.75160967442822e-14,1.3119030797959e-13,21.3566354072669
"PSD",1.17475812407439,5.76663484320558,7.80795197477436,2.77935579842969e-14,1.32482411288046e-13,21.346768725651
"FAM179A",-1.91538943886788,5.01665975609756,-7.7990224422239,2.96301703607907e-14,1.41040435313478e-13,21.2838424822436
"SLITRK3",-1.59612435741321,1.92512195121951,-7.79856000874983,2.97284752470425e-14,1.41475567181683e-13,21.2805853060304
"LOC100144604",-1.91332809939116,2.54402108013938,-7.7975872491006,2.99363171442408e-14,1.42431654918022e-13,21.273734127835
"FAM92B",-2.40189862103013,4.22147456445993,-7.79707706596891,3.00458960986814e-14,1.42919890385989e-13,21.270141167205
"TRIB3",1.05742316932698,9.21777909407666,7.79700527619519,3.00613470716061e-14,1.42960263002102e-13,21.2696356035358
"HIST1H2BO",1.21298670396578,1.43752891986063,7.7927809358751,3.09844603514252e-14,1.47179771174169e-13,21.2398932375682
"DAAM2",-1.53373163402996,8.85732351916376,-7.78675131736474,3.23506726863562e-14,1.53562846300785e-13,21.1974629869093
"SHE",-1.76087474740828,8.64396515679443,-7.78502116547157,3.27535478780416e-14,1.55403359818857e-13,21.1852928586004
"WDR38",-2.77019786407769,3.667743728223,-7.78135777258926,3.36229862985596e-14,1.59454818366696e-13,21.1595312593319
"LOC100130015",1.137115379299,4.78281045296168,7.78075305988321,3.37686755404755e-14,1.60108754929783e-13,21.1552797596609
"SLC6A12",-1.4322741615929,5.47087108013937,-7.77930047933745,3.41211839116144e-14,1.61742762804304e-13,21.1450683226619
"FGF7",-1.2831960704295,7.5798393728223,-7.77719908882492,3.46375736423943e-14,1.64114790417345e-13,21.130298570762
"CMKLR1",-1.23460795787396,8.5858756097561,-7.76952779539923,3.65889457854052e-14,1.73119334490641e-13,21.0764078073099
"PALM",-1.14914664143493,8.26639494773519,-7.76949669610506,3.65970731460974e-14,1.73119334490641e-13,21.076189422609
"ATP10A",-1.42801859799244,8.50392142857143,-7.76808441045965,3.69680358130397e-14,1.74833857461807e-13,21.0662728501753
"TDO2",1.70524421918712,5.87276480836237,7.76682063532798,3.7303131084164e-14,1.76337389168291e-13,21.0574003026673
"C2",-1.40894004278428,11.3357236933798,-7.76391040221445,3.80862224985056e-14,1.79914898272968e-13,21.0369729594325
"AXIN2",-1.27225505348035,8.42329477351916,-7.7625943424687,3.84456513752701e-14,1.81571019722635e-13,21.0277373815207
"PTCHD1",-1.93990014480831,3.00771759581881,-7.76219329955584,3.85558434832191e-14,1.82007695265691e-13,21.0249232755386
"UNC13D",-1.27048945203226,10.0507466898955,-7.75968320626188,3.92526344339703e-14,1.85254387340094e-13,21.0073126997151
"?|645851",1.18670772749713,3.71205278745645,7.75899031607252,3.94471545809466e-14,1.86129644575232e-13,21.0024522599093
"TMEM35",-1.74906190554551,4.46621463414634,-7.75828824956478,3.96452201723781e-14,1.87021224756186e-13,20.9975278089795
"FKBP10",1.36846534803358,10.7689076655052,7.75282906428257,4.12191776558075e-14,1.9429797876798e-13,20.9592481748432
"SCNN1G",-2.06175401020242,7.49923623693379,-7.7528071416267,4.12256208238345e-14,1.9429797876798e-13,20.9590944978517
"IGF2BP3",2.46197679447098,7.20977578397212,7.75259229121602,4.12888189090172e-14,1.94551171035603e-13,20.9575884231903
"CD4",-1.05590510778345,11.0806642857143,-7.74730497517919,4.28745319443651e-14,2.01837684204957e-13,20.9205356454575
"LRRN4CL",-1.38234439690638,4.35445174216028,-7.74683701647557,4.30177352882715e-14,2.02465407030769e-13,20.9172572418639
"ID2B",-1.03208837255226,2.10162787456446,-7.74305357228724,4.41929844443062e-14,2.07853830616634e-13,20.8907572532957
"HLA-DPA1",-1.34572784268555,13.249024912892,-7.741086472748,4.48164732735896e-14,2.10738020226018e-13,20.8769834440914
"SFRS13B",1.51312272831991,4.58783675958188,7.7398886499346,4.52003729914922e-14,2.12494540305779e-13,20.8685975691306
"C4orf22",-1.65822748395592,1.36921411149826,-7.73708495461308,4.61116721164402e-14,2.16679475520833e-13,20.8489732023683
"NFIA",-1.01000243541222,9.23320975609756,-7.73254324477283,4.76264660721087e-14,2.23592807788793e-13,20.8171958911237
"SLC18A2",-1.89123014645386,4.32104425087108,-7.73236534688693,4.7686788151944e-14,2.23824819560908e-13,20.8159514878443
"IGFALS",-1.94551427349023,4.66651951219512,-7.73228309259517,4.77147046093395e-14,2.23904659572512e-13,20.8153761234198
"DSG2",1.11801918051671,11.6411432055749,7.73218029738718,4.77496151406264e-14,2.23966095233507e-13,20.8146570833458
"HLA-DRA",-1.333075109429,14.7233432055749,-7.72604281683108,4.98802529109717e-14,2.33692741273904e-13,20.7717401917478
"SLC6A16",-1.33935991443148,4.30542473867596,-7.72366420604993,5.07309567436471e-14,2.37530118876764e-13,20.755114968888
"PCSK5",-1.36397636333719,6.41662160278746,-7.72330023592531,5.08623852432792e-14,2.38076782727889e-13,20.7525713777229
"MAGED4",1.70494129340137,6.22736759581882,7.71616189097949,5.35089327847465e-14,2.50065647637343e-13,20.7027049817578
"BARX1",3.76826615435251,4.1723712543554,7.71423469096615,5.42464188474379e-14,2.53396809769716e-13,20.6892485372779
"GNMT",-1.51357082441996,3.1796256097561,-7.71347595452304,5.45395071803879e-14,2.54707935034887e-13,20.6839514986727
"CHRNA6",1.07108661510615,1.73171777003484,7.71120410255438,5.54264552373711e-14,2.58732407008465e-13,20.6680933314505
"CFB",1.59093006746752,11.6860702090592,7.70937548328365,5.61506768894472e-14,2.62053511375392e-13,20.6553318070519
"PCP4",3.258148734573,4.84667055749129,7.70685433040011,5.7164492716765e-14,2.66482069817254e-13,20.6377412736656
"ZNF704",-1.28021653447426,7.02604146341463,-7.70179516336169,5.92536425631702e-14,2.75782652872792e-13,20.6024566524186
"CAPN5",1.3734896725358,9.45511724738677,7.70107490326055,5.95571249459236e-14,2.77011643015974e-13,20.5974348048011
"VMO1",-1.38774637485603,6.18321010452962,-7.70107241057077,5.95581778992941e-14,2.77011643015974e-13,20.5974174257581
"CTSH",-1.43402403159455,12.8972146341463,-7.70054529923592,5.97812511438899e-14,2.77986202940897e-13,20.5937425060368
"ANKRD13B",1.18220752674018,6.57235243902439,7.69749995699405,6.10862548465271e-14,2.83733215384435e-13,20.5725149595907
"ENPP2",-1.10506160276453,10.0357045296167,-7.69559163812817,6.19182852817751e-14,2.87467751432574e-13,20.559216505509
"NPW",2.55819378640779,3.46334355400697,7.69413870449842,6.25592476553133e-14,2.90312241040593e-13,20.5490932788551
"KIR2DL1",-1.52957842027317,1.25419390243902,-7.6936301142638,6.27851542180583e-14,2.91294738100957e-13,20.5455500741948
"FLJ12825",1.39577913444135,2.50491393728223,7.69056570550055,6.41634264444659e-14,2.97487611767138e-13,20.524205229853
"LHX2",1.80939003455654,1.94746167247387,7.68908071387284,6.48420128184075e-14,3.00565934333237e-13,20.5138641485523
"CRYGN",1.76593984202733,2.16401829268293,7.68758173545247,6.55341636927235e-14,3.037057292577e-13,20.503427312518
"C1orf194",-2.64249715649171,3.74050993031359,-7.68640725109028,6.60815635901335e-14,3.06104354807184e-13,20.4952509646613
"HRASLS5",-2.17205992101368,4.2680531358885,-7.68298608858056,6.7701901415702e-14,3.1332733004156e-13,20.471439817808
"BEX1",-2.20883338818498,2.71975104529617,-7.68024377405858,6.90289430903696e-14,3.19396935236711e-13,20.4523596452849
"PLA1A",-1.59712724699689,6.76489163763066,-7.67957818425404,6.93548775367959e-14,3.2076044961262e-13,20.447729513194
"SGIP1",-1.1011556557512,5.81281916376307,-7.67702806472001,7.0617750987615e-14,3.26454048136847e-13,20.4299927921113
"HPD",-1.56479320717461,1.95336655052265,-7.67441080652329,7.19374376247439e-14,3.32479872678071e-13,20.4117940849413
"FGD2",-1.15628408096101,7.89848606271777,-7.67202708074621,7.316050444987e-14,3.37752452519863e-13,20.3952236005644
"C1orf114",-1.94568280072406,3.96897508710801,-7.66424639257349,7.72970745498132e-14,3.56688905486101e-13,20.3411652368314
"HEY1",-1.17776366299162,8.01064651567944,-7.66358574235922,7.76587419093845e-14,3.58277296943745e-13,20.3365772521225
"ALOXE3",1.55050892216556,2.52609198606272,7.65719004335518,8.12473735025437e-14,3.74076828438489e-13,20.2921779977468
"FAM110B",-1.1879859963798,6.16309355400697,-7.65707457604498,8.13136416755227e-14,3.74297996322529e-13,20.291376695284
"PRSS3",2.75303766002965,3.56851585365854,7.65591771873903,8.19805242429866e-14,3.77029606341513e-13,20.2833490559214
"ZMYND10",-2.3068887411552,6.13384912891986,-7.65489120860212,8.25767782750965e-14,3.79601714730795e-13,20.2762267455078
"CLEC4D",-1.38847298996216,2.68013275261324,-7.65143552813459,8.46156120031666e-14,3.88800025609895e-13,20.2522556586938
"DACT3",-1.08127864406781,6.7903818815331,-7.65096462130951,8.48972577869997e-14,3.90006870075432e-13,20.2489897922434
"IQCA1",-1.95347926279416,5.98503763066202,-7.65088610324685,8.49443086215461e-14,3.90135717226027e-13,20.2484452641179
"SLC1A2",-1.62504969557349,4.97351045296167,-7.65049348667414,8.51799643163968e-14,3.91130545161178e-13,20.2457225096349
"SGCD",-1.36093350008229,7.06323135888502,-7.64847715759221,8.64003901793985e-14,3.96645798386192e-13,20.2317412727279
"CLDN3",1.60200283692612,10.2610658536585,7.64617212072235,8.78166817522855e-14,4.02877424888139e-13,20.2157618106574
"DEPDC7",1.6917130788218,4.92083466898955,7.64568225072642,8.81206091050486e-14,4.04181435417035e-13,20.2123663360617
"TSPAN2",-1.19541105479678,6.52968763066202,-7.64479650022442,8.8672784307265e-14,4.06623243651586e-13,20.2062273134345
"VPS37D",1.23641271680106,5.73068432055749,7.64071906344148,9.12589449148836e-14,4.18108935305191e-13,20.1779745958641
"XAGE1D",4.33489754813234,8.45001428571429,7.63782556238205,9.31391280801247e-14,4.26532745814178e-13,20.1579328632611
"TSC22D3",-1.1282488629258,11.9612294425087,-7.63394526045367,9.57205679679224e-14,4.37963730862814e-13,20.1310657983164
"ABCB4",1.55574683560969,4.1684118466899,7.63023406431548,9.8255417333021e-14,4.4946161271099e-13,20.1053800250998
"CYP4A11",-1.03694444627284,1.01622857142857,-7.62942802549216,9.88146463424849e-14,4.51919066476101e-13,20.0998026490015
"C14orf180",-1.11486386374857,0.983418292682927,-7.62025596648015,1.0540337545277e-13,4.81622812830041e-13,20.0363705294811
"PRTFDC1",1.08158184301465,7.10306811846689,7.60339024293523,1.18667923887136e-13,5.40908631750198e-13,19.9198930330874
"MGP",-1.2865537534968,11.7025013937282,-7.60322358234792,1.18806880192054e-13,5.41421809177108e-13,19.9187430981813
"WASF1",1.09848849432287,7.02155731707317,7.59882863208745,1.22529667198248e-13,5.57644439720691e-13,19.8884259777871
"ZNF219",-1.01789123909825,8.86010470383275,-7.59802618427888,1.23221690268234e-13,5.60669614629177e-13,19.8828921002936
"CYP4Z1",-1.67284290603918,2.12466707317073,-7.5979654186327,1.23274250529793e-13,5.60784481138189e-13,19.8824730648837
"SCN3B",-1.3669289879875,3.88179111498258,-7.59675448738125,1.24326283977737e-13,5.65319736448047e-13,19.8741231429717
"PAR-SN",-1.17213138390654,5.95133885017422,-7.59635703774743,1.24673504830323e-13,5.66773041223765e-13,19.871382783794
"IL1RAPL2",1.61615652130987,1.52264268292683,7.59576461604311,1.25192831790128e-13,5.69007933728433e-13,19.8672983369952
"GNGT1",1.60411289781142,1.52686411149826,7.59156714994604,1.28933950629754e-13,5.85493033936927e-13,19.8383663913428
"C6orf126",1.72331766332073,1.63181951219512,7.59120108424345,1.29265391978188e-13,5.86868309887705e-13,19.8358438232987
"TEX11",1.21145941089355,1.23447386759582,7.58975785319943,1.30580313406519e-13,5.92707016191873e-13,19.8258994496146
"STAB2",-1.75531747901926,3.38322578397213,-7.58933925942733,1.30964151659997e-13,5.94317867723194e-13,19.823015479028
"PDE4B",-1.04436695738029,8.63749442508711,-7.58445132667381,1.3552935748278e-13,6.14763081997673e-13,19.7893488811725
"STK31",1.71834140200758,5.52417508710801,7.58175638106653,1.38113050786174e-13,6.25929565704226e-13,19.7707944927731
"PTN",-1.75739320059241,6.58712613240418,-7.58057224204514,1.39263594882469e-13,6.30865313975525e-13,19.7626435367772
"KCNJ16",-2.22614468652298,3.21292421602787,-7.58012185722354,1.39703676295756e-13,6.32579725265082e-13,19.759543610694
"EDNRA",-1.09082716142834,8.9200656794425,-7.57487725254368,1.44930270707852e-13,6.55667355141515e-13,19.7234569260982
"CNTNAP3",-1.75483420437717,4.02750853658537,-7.57172439570842,1.48164521649111e-13,6.69708857211855e-13,19.7017728110585
"VGF",2.24756200098735,3.15510522648084,7.57070218339471,1.49228308532155e-13,6.74220328821556e-13,19.6947440193986
"IGLON5",1.41721016949154,2.90212857142857,7.56871284248041,1.5132017383972e-13,6.83370692681358e-13,19.6810674194805
"CTSL2",1.8632164883989,6.1745944250871,7.56763959821731,1.52460698983311e-13,6.8836994724596e-13,19.6736901499152
"RHCE",1.66944279085076,3.83753484320558,7.5672719422538,1.52853347136351e-13,6.89991032697733e-13,19.6711631520203
"RGS16",-1.18309923317427,9.18886445993033,-7.56687916132366,1.53273928854572e-13,6.91737471836528e-13,19.6684635744353
"HAPLN3",1.12923855191708,8.16297038327527,7.56677251085616,1.53388324644325e-13,6.92101605483076e-13,19.6677305871162
"BANK1",-1.2025838242554,7.64699111498257,-7.56154791447585,1.59096536324754e-13,7.17384557598769e-13,19.6318333286086
"ADAM6",1.95134434753993,15.9416418118467,7.56058681303842,1.60169158669296e-13,7.21745572317967e-13,19.6252319829303
"FAM131C",1.58488381109101,1.92308780487805,7.5568058244214,1.64458448658869e-13,7.40586082686244e-13,19.5992688453413
"UNC13B",-1.05262198124075,11.1250980836237,-7.55616023569337,1.65202053047926e-13,7.43608451890796e-13,19.5948368053024
"PTPRG",-1.12769974987659,8.80589668989547,-7.55589246991844,1.65511442880891e-13,7.44837773420581e-13,19.592998653716
"C18orf16",-1.61234643080468,1.98541306620209,-7.5534317998166,1.68381479267159e-13,7.57255590220105e-13,19.5761092049503
"HIST1H2AK",1.00684732927432,1.80463571428572,7.55001660039497,1.72446239959323e-13,7.75196257141428e-13,19.5526755574391
"RAPGEF3",-1.09915707421426,7.96624790940766,-7.54948654330273,1.73085718101032e-13,7.77900567560025e-13,19.549039308536
"TRIM67",1.23371636004608,2.23632613240418,7.54865872955757,1.74089095309479e-13,7.82238810834671e-13,19.5433608348991
"OPLAH",1.0915536152707,8.71682508710802,7.54532331318916,1.78190267319805e-13,8.00141335974538e-13,19.5204863680086
"MGAT4C",-1.11386192529209,0.801435888501743,-7.53938377943235,1.85730367811791e-13,8.32906171073848e-13,19.4797732190483
"CYP2D7P1",1.48336308046735,3.54624111498258,7.53713911244284,1.88661015575442e-13,8.45125605447047e-13,19.4643937539761
"GGTLC2",-1.28686397893699,6.55385017421603,-7.53665893375242,1.89293828474436e-13,8.4777537054541e-13,19.4611042691094
"CPD",1.02775148263947,12.325062369338,7.53208571622217,1.95426482460822e-13,8.75050312959798e-13,19.4297838494319
"LOXL2",1.39624263946028,9.48757386759583,7.53187521327591,1.95713428300143e-13,8.7614406519885e-13,19.4283425609501
"PTAFR",-1.39299813065658,7.51969477351916,-7.52929069162233,1.9927051218893e-13,8.91873471820086e-13,19.4106493409854
"TMEM64",-1.01350228402173,9.01731202090592,-7.52541933843322,2.04718111988562e-13,9.15855924847501e-13,19.3841559893162
"LOC100131551",1.5773986473589,1.69592456445993,7.52196811106938,2.09698033400447e-13,9.3731779353607e-13,19.3605471577048
"PLOD2",1.41314343919699,10.5407069686411,7.52169325856126,2.1009972070878e-13,9.38704519292981e-13,19.3586673541846
"SIGLEC9",-1.22583282869838,6.29314198606271,-7.52151357610588,2.10362729898629e-13,9.3967511854196e-13,19.3574384792956
"PTTG3P",1.1530621852888,1.96196219512195,7.52083550831997,2.11358172015041e-13,9.43916308781553e-13,19.3528012901993
"CLIC2",-1.17123649498109,9.38449599303135,-7.52060028038019,2.11704582800382e-13,9.45257739210928e-13,19.351192686808
"WNT2",-1.42677966101696,7.19005505226481,-7.51973869942281,2.1297818053154e-13,9.50737561711787e-13,19.3453011282126
"CCDC39",-1.48682571663651,4.65868606271777,-7.51644340825592,2.17919318649406e-13,9.71527385857176e-13,19.3227727737436
"CACNG6",-2.38492735889422,2.94970139372822,-7.5160708429314,2.18485018443579e-13,9.73837913297153e-13,19.3202262294984
"CDON",-1.29585126542703,7.64816463414634,-7.51576229373391,2.18954611478907e-13,9.75719160768821e-13,19.3181173241979
"PRB3",1.73537570511767,1.94873135888502,7.51549166897714,2.19367304059224e-13,9.7734608340622e-13,19.3162676873975
"ODZ2",-1.75756806318909,2.98996585365853,-7.51260894752757,2.23811171067983e-13,9.96496062031163e-13,19.2965685647565
"AK7",-1.64725019911142,5.73974442508711,-7.51245083302036,2.24057461379862e-13,9.97376340444181e-13,19.2954882660863
"TGM2",-1.03632919203555,13.1991653310105,-7.51073407895531,2.26748842463799e-13,1.00913803073527e-12,19.2837599475511
"GLT1D1",-1.45573314135265,4.168343728223,-7.50628816415862,2.33867660292933e-13,1.03991835950052e-12,19.2533970910594
"IFIT2",-1.0600383840711,8.77036602787457,-7.50569278788211,2.34837539292805e-13,1.04400491158105e-12,19.249332158153
"HMGCS2",-2.91616257692943,3.1417806620209,-7.50246004949143,2.40173287821036e-13,1.06726354955971e-12,19.227265247827
"PKD2L1",-1.47718118479514,2.95336637630662,-7.50220826339379,2.40593846350117e-13,1.06890103128498e-12,19.2255468648495
"KLRG2",-1.88598930064177,4.01605487804878,-7.4963643919921,2.50561214955326e-13,1.11270208588208e-12,19.1856770676787
"GSTA4",-1.08842939608361,8.78027630662021,-7.49613887056932,2.50953908709931e-13,1.11420496233021e-12,19.1841389594621
"FSTL3",-1.21965985848281,9.75520418118466,-7.49151037010374,2.59148583230945e-13,1.15009088061637e-12,19.1525799080211
"PENK",-2.26294870166203,3.80624895470384,-7.49062955518553,2.60737631062427e-13,1.15689292537532e-12,19.1465759563499
"MT1A",-2.11176367286491,3.57450592334495,-7.48900509412569,2.6369347301258e-13,1.16950248454272e-12,19.1355045653123
"CYSLTR2",-1.16826975810433,4.14749337979094,-7.48639375553929,2.68514323834692e-13,1.19062614866657e-12,19.1177113185949
"KLHL4",-1.42569762053646,4.27116655052264,-7.48581293057437,2.69598340600216e-13,1.19491665209897e-12,19.1137543623586
"MAN1A1",-1.03230820141518,9.79846114982579,-7.4789715186619,2.8269567122066e-13,1.250806493569e-12,19.0671652103796
"TMEM145",1.68341250617082,2.53703135888502,7.4781744641671,2.8426173876597e-13,1.25746466211277e-12,19.0617396461699
"FCGR1A",-1.29597963139708,7.28854268292683,-7.47690933093485,2.86765055731696e-13,1.26799194360795e-12,19.0531288372951
"GFAP",1.81275206845485,2.77475609756097,7.47667807062098,2.87224991248914e-13,1.26963276907556e-12,19.0515549519731
"RASGEF1A",1.54671740003292,7.11736306620209,7.47666057058565,2.87259825248708e-13,1.26963276907556e-12,19.0514358538375
"GRID2IP",1.16020067467502,4.45182456445993,7.4753809361704,2.89818256604013e-13,1.27983841860193e-12,19.0427278023606
"TNFRSF13C",1.53450991607703,3.24360696864111,7.47529892125164,2.89982995782171e-13,1.28029051686193e-12,19.0421697236826
"NHS",1.38231391476058,7.78000226480836,7.47271343940765,2.95223861165007e-13,1.30286884559708e-12,19.0245791350448
"FGF14",-1.31451026822446,6.9564743902439,-7.47211277861332,2.96454711146731e-13,1.30801960452233e-12,19.0204931942142
"IL1B",-1.45454800724043,6.88702229965157,-7.46078829415341,3.20629193131598e-13,1.41104337298858e-12,18.943509951463
"NFE2L3",1.0972643705776,9.49882003484321,7.46073008336502,3.20758338625757e-13,1.41130919245324e-12,18.9431144856709
"SASH3",-1.07801589600132,9.03654146341464,-7.45551613225469,3.32536103407061e-13,1.46219023408588e-12,18.907702836426
"OXGR1",-1.42286618397237,1.61041881533101,-7.45412101288806,3.35759088378246e-13,1.47604584248509e-12,18.8982310426627
"POU4F1",2.28296268224455,2.50490783972125,7.4527006901604,3.39071891998039e-13,1.4902902895996e-12,18.8885896355519
"HLA-DPB1",-1.28013554385389,12.5886022648084,-7.452344393407,3.39907966084452e-13,1.49323584016986e-12,18.8861712660416
"HSD17B1",1.14183356261314,5.73313519163763,7.45232213308878,3.39960268726446e-13,1.49323584016986e-12,18.8860201769583
"PTPN13",-1.65674536778017,9.91055574912891,-7.4512341410237,3.42526286876429e-13,1.50418495605841e-12,18.8786360216154
"AKR7L",1.7602332071746,3.87978466898954,7.44714858344506,3.52333427365958e-13,1.54592974221481e-12,18.8509154395494
"?|90288",-1.78856415994736,4.07624390243903,-7.44679348599645,3.53198763031064e-13,1.54906443175128e-12,18.8485066879844
"SULT1B1",-1.41953831824915,1.83754529616725,-7.44663232179144,3.53592193568146e-13,1.55045872147673e-12,18.8474134853803
"ZIC2",2.57689205529046,2.96332665505226,7.44577689275869,3.55687682941958e-13,1.55864848042655e-12,18.8416112993066
"MYADML2",1.06848938950141,1.42127055749129,7.44442528626458,3.59023574761384e-13,1.57293085570875e-12,18.8324447695238
"C3orf59",-1.01591233503374,6.93218867595818,-7.44299347901613,3.62591012122619e-13,1.58788256801992e-12,18.8227358163543
"BCO2",-1.3584005594866,4.14069547038327,-7.44164980887025,3.65970585223938e-13,1.60234082206173e-12,18.8136259111783
"XKR9",1.78212672700347,5.52493797909408,7.43859624710689,3.73766599704952e-13,1.63507954228482e-12,18.7929282035271
"TRIM31",2.4323094257035,4.74080191637631,7.43569042574573,3.81337159352585e-13,1.66748708871322e-12,18.773238408164
"FAM81A",1.27852602929078,5.65345365853658,7.43495961768171,3.83264776654523e-13,1.67413316270582e-12,18.7682874624145
"SHC3",-1.65405646536121,4.97443606271777,-7.43253643417717,3.89725188422147e-13,1.70126687610178e-12,18.751874186612
"TET1",1.03033530689486,5.4080162020906,7.43139845293419,3.9279602607873e-13,1.71394312760814e-12,18.7441676654833
"BIN2",-1.0462526608524,8.06001271777003,-7.42905778924543,3.99187383839677e-13,1.74109135122765e-12,18.7283195163
"FAM166B",-2.0531563501728,4.04050609756098,-7.42556386466087,4.08918742143141e-13,1.78239952785535e-12,18.7046705289008
"HIF3A",-2.1644369063683,7.09981463414634,-7.42542386416403,4.09313503469565e-13,1.78374150418811e-12,18.7037231121672
"DUOXA2",-1.95502270857333,4.2506731707317,-7.42439844317289,4.12216357840142e-13,1.79601057437566e-12,18.6967842926218
"HOXC13",2.90921964127037,2.84652055749129,7.42395582279714,4.1347562146191e-13,1.80035090320531e-12,18.6937894127228
"DYDC1",-1.66352556195493,1.6104724738676,-7.42345123810806,4.14915794991187e-13,1.80623860711812e-12,18.6903754462992
"PHEX",-1.51226211617576,3.37966759581881,-7.41771725912023,4.31632573149091e-13,1.87622628133619e-12,18.6515933888043
"C3orf15",-1.96967800888598,5.42630052264807,-7.41747764066176,4.32345402604792e-13,1.87892699311524e-12,18.6499732549143
"SNX10",-1.0717938884318,9.16375104529617,-7.41409941362468,4.42519341419257e-13,1.92232798970321e-12,18.6271366180354
"DDN",1.47504346552576,3.03929529616725,7.41284508619518,4.46356598793202e-13,1.93858704743483e-12,18.6186596142506
"REEP6",1.66070033898307,7.92628083623694,7.41083020024984,4.52589249363038e-13,1.96399435413722e-12,18.6050450747081
"DNAH12",-2.35552690143165,3.61468832752613,-7.41066599999079,4.53100929599411e-13,1.96579925711663e-12,18.6039357117005
"TLR7",-1.28106076024355,6.87062299651568,-7.40598284301048,4.6793673932445e-13,2.02887882963695e-12,18.5723040942861
"ALDH3B2",1.81273352641107,6.89888013937282,7.40150310441698,4.82575215802549e-13,2.09014117730514e-12,18.5420618683307
"BMP8B",1.03430772091494,6.40405487804878,7.40032562952266,4.86497093027166e-13,2.10623899617202e-12,18.5341153694374
"NKX3-2",1.61335096264606,2.05681533101045,7.39778353000399,4.95071502590254e-13,2.14290911831708e-12,18.5169628997748
"SLC2A14",-1.2510567483956,4.86151585365853,-7.39516952490741,5.04043568152715e-13,2.180824963999e-12,18.4993303284614
"SIRPG",1.38846853710714,5.58268867595819,7.39238108356887,5.13790812264397e-13,2.22159338158974e-12,18.480526780282
"UNC80",-1.34993209807472,1.73345958188153,-7.38482324601145,5.41152629306659e-13,2.3359679309642e-12,18.4295907704035
"CCDC42B",-2.06029229224948,4.08161550522648,-7.38456031063535,5.42129920666523e-13,2.33920287332571e-12,18.4278194930674
"FLRT1",1.19097069277605,3.26897926829268,7.38346493154713,5.46220009137242e-13,2.35635570237184e-12,18.4204409773687
"P2RY13",-1.30201597827876,6.8625318815331,-7.38226962736963,5.507178738037e-13,2.37476117395295e-12,18.4123903937993
"PDE4C",-1.6210732137568,6.3466087108014,-7.37687371512559,5.71480367892355e-13,2.46118983696875e-12,18.3760613766407
"COBL",-1.60850372223138,9.02221672473868,-7.37517579651611,5.78171620743155e-13,2.48844095887987e-12,18.3646343518446
"LAMA3",-2.01274019417477,9.94584425087109,-7.37169693706541,5.9212308389229e-13,2.54581924865104e-12,18.341228349346
"RNASE4",-1.14907323021229,9.69708623693381,-7.36794033280954,6.07560599096216e-13,2.60946006264546e-12,18.3159639086045
"PSIMCT-1",1.01992443639955,3.71655679442509,7.36141577802827,6.35319788450641e-13,2.72640369082183e-12,18.2721093587452
"TRPC4",-1.01092212604904,3.23063205574913,-7.36061504798847,6.38811405273144e-13,2.74081466045092e-12,18.2667294946794
"EPHB3",1.10590260984039,8.85494494773519,7.36037564418361,6.39858998330778e-13,2.74416236384602e-12,18.2651211065494
"AIM2",2.02141633700841,6.14399094076655,7.3595160925318,6.43634212754909e-13,2.75977660565127e-12,18.259346731573
"SFN",1.19970000000001,11.3803858885017,7.3573333477325,6.53319790915149e-13,2.80072150918522e-12,18.2446857942134
"IRAK3",-1.26618208326478,8.93556724738676,-7.35523300093037,6.62775117114379e-13,2.840662453937e-12,18.2305816983857
"C3orf16",-2.11126540727334,2.19417839721255,-7.34955086155633,6.89035218195378e-13,2.95013410418167e-12,18.192442104375
"NKG7",-1.42200285667271,7.35154425087107,-7.34768056464132,6.97900802238935e-13,2.98746944744899e-12,18.179893651664
"PAEP",4.07291932532504,5.42889634146342,7.34737943504432,6.993386717488e-13,2.99300040254385e-12,18.1778735186111
"SIGLEC14",-1.69717370413034,5.94130836236934,-7.34676334425112,7.02289546156933e-13,3.00375091304205e-12,18.1737406764272
"OSR1",-1.26288968570019,6.47628902439025,-7.34466027830109,7.12455157397246e-13,3.04659537208195e-12,18.1596351112571
"C10orf140",-1.13164675333225,3.35852996515679,-7.34367169424133,7.17283588837136e-13,3.06596545467966e-12,18.1530056906994
"PTPRC",-1.20551979266086,10.3982179442509,-7.34294539115314,7.20851498484435e-13,3.08057478432253e-12,18.148135590506
"POU2AF1",1.78878822116178,8.09635034843205,7.33760600575226,7.47622467849948e-13,3.19165923579942e-12,18.1123455002343
"FNDC4",1.44157100213923,7.21036846689896,7.3345175691404,7.6355165952886e-13,3.25627660368249e-12,18.0916534377656
"RNF183",2.34489896988648,3.65890836236934,7.33309435772334,7.71004111883464e-13,3.28601088166234e-12,18.082120562084
"BAI2",1.48904952114531,6.21575662020906,7.32939305339651,7.90722282941102e-13,3.36795196447735e-12,18.0573358632602
"CYP4Z2P",-1.41321218035216,1.63355,-7.32777406174992,7.9950246338256e-13,3.40393728188386e-12,18.0464980181962
"PRSS12",-2.14485904229062,6.62758013937282,-7.32662950888827,8.05767467926464e-13,3.4284779516125e-12,18.0388373551163
"ANO5",-1.80712535790688,5.73587700348432,-7.3228627896151,8.26728638238035e-13,3.5154803113146e-12,18.0136331397687
"UCN2",1.66815945367781,2.17038850174216,7.32147854816946,8.34565782491049e-13,3.54660225927163e-12,18.0043734751764
"NCALD",-1.16813978936977,8.55753710801394,-7.32132093723578,8.3546274946876e-13,3.54894480583357e-12,18.0033192536851
"CPNE5",1.33536993253251,6.87424285714286,7.31834814544108,8.52559766132951e-13,3.61782802784404e-12,17.9834384890703
"C6orf165",-1.86513890406452,4.40956550522648,-7.3136438922579,8.80320663188616e-13,3.7333160948693e-12,17.9519921198902
"KRTCAP3",1.23559854533488,9.28183519163762,7.31295126426281,8.84482446750601e-13,3.74941660784428e-12,17.9473635472567
"SCARA3",-1.34911900608854,8.32582299651568,-7.31162754694288,8.92490177032612e-13,3.78102008553024e-12,17.938518652563
"SILV",1.03998984367287,5.77862752613241,7.3043362208966,9.37894014314438e-13,3.97091443882768e-12,17.8898228211346
"CNTN1",-2.31423953924636,5.01982508710801,-7.30268933408789,9.48459852839006e-13,4.01482077913088e-12,17.8788295043205
"CCDC154",1.71063016290934,3.01892595818815,7.29971278433648,9.6785429316956e-13,4.09522849109049e-12,17.8589656225679
"ID1",-1.40554644396908,9.79663118466899,-7.29739879612094,9.832007719435e-13,4.15759255365603e-12,17.8435279583719
"CALN1",-1.17862757610664,0.723739198606272,-7.29638972334646,9.89967727445901e-13,4.18534543749266e-12,17.8367972477971
"C7orf68",1.19842567385224,8.39260017421603,7.29393757162304,1.00660371307147e-12,4.25392635433454e-12,17.8204441397324
"C22orf41",1.40258877406616,2.53981515679443,7.29079015986347,1.02836013383613e-12,4.34140109966187e-12,17.7994611089137
"DIO3OS",-1.02140968240909,1.10282926829268,-7.28915895648735,1.03981716014534e-12,4.38886642635359e-12,17.7885892282764
"SPINLW1",-1.56564632878067,1.5861350174216,-7.28755291442188,1.0512201334849e-12,4.43517249084362e-12,17.7778870187623
"EGFL7",-1.12411462234656,9.66216585365854,-7.28733778227971,1.05275689596145e-12,4.44074359442956e-12,17.7764535877347
"PCDHA3",-1.43183997367123,4.51618606271776,-7.28552214072964,1.06581500165011e-12,4.49490180441184e-12,17.7643573201493
"MYO3B",2.15663532993255,3.46391620209059,7.28499428595688,1.06964114649402e-12,4.5091853670477e-12,17.7608410862752
"SAMD4A",-1.06409745269048,8.88454790940768,-7.28309261325338,1.0835377596526e-12,4.56121185271024e-12,17.7481751015825
"SLC23A3",1.35510238604576,3.67619790940767,7.28269643611672,1.08645513312461e-12,4.57255512157609e-12,17.7455367314203
"FREM2",-2.04463262135925,7.6454299651568,-7.2754562383806,1.14115232411357e-12,4.79489504994914e-12,17.6973411017407
"INE2",-1.6481571630739,2.13238153310105,-7.27202061698517,1.16804639231006e-12,4.90288129914651e-12,17.6744852204446
"NMUR2",-1.42108517689651,1.39621167247387,-7.27181385520542,1.16968467052614e-12,4.90777878761208e-12,17.6731099990774
"CDHR4",-2.60585792660855,3.47974581881533,-7.27181302389909,1.16969126194768e-12,4.90777878761208e-12,17.6731044699284
"FAM177B",2.28978445285505,3.60929790940766,7.27112438875337,1.17516401712961e-12,4.92973381113015e-12,17.6685244298003
"CD300LB",-1.03628756623335,4.3982925087108,-7.2694648753881,1.18845630117402e-12,4.98447555936722e-12,17.6574886607946
"RASL11A",-1.17660495639297,7.33541324041811,-7.26561585452295,1.21985802252206e-12,5.11199942894018e-12,17.6319007159036
"HIST1H3H",1.41815768306732,3.50991428571429,7.26490627094657,1.22573552886963e-12,5.1355817158558e-12,17.627184697241
"MAOA",-1.41663720914927,11.0646651567944,-7.26392321978948,1.23392423620294e-12,5.16883586395558e-12,17.6206517967869
"LOC285830",-1.04388986671056,5.18910383275261,-7.26020491345609,1.26538696331856e-12,5.29846917334896e-12,17.5959483081597
"LAMA2",-1.17151153858813,8.8672712543554,-7.25915380219401,1.27442321379658e-12,5.33521789951954e-12,17.5889668960954
"MGC14436",1.38184567714334,1.58374825783972,7.25745231149396,1.28918541185068e-12,5.39261949985625e-12,17.5776674872398
"ALDH3B1",-1.25932426197138,10.869562543554,-7.25444496939972,1.31568975159485e-12,5.49788532469819e-12,17.5577014508938
"C9orf84",2.01600487740664,3.5581543554007,7.24901911835652,1.36487171875505e-12,5.69876273867018e-12,17.5216961034409
"FAM47E",-1.14477798255719,5.89986202090592,-7.24752495238085,1.37873008370108e-12,5.75428514299311e-12,17.5117849171576
"ICAM4",-1.81511453677803,7.16330731707317,-7.24497283503566,1.40272175553612e-12,5.84966029680205e-12,17.4948599978334
"KIAA1875",1.68151776863585,4.17471951219512,7.24375057569568,1.41435681896221e-12,5.89698324396713e-12,17.4867560759382
"PDE6A",-1.30893095606386,2.52017682926829,-7.24034842697208,1.44724514260661e-12,6.0304328755254e-12,17.4642048657295
"RSPH9",-1.73248815863092,4.40260853658537,-7.23832830817574,1.46712823883673e-12,6.10584689708456e-12,17.450818638703
"ZNF804A",-1.1485250485437,3.54652891986063,-7.23798795593162,1.4705045160951e-12,6.11865782639491e-12,17.4485636156739
"CDH10",-1.3582383774889,1.33287996515679,-7.23630619840521,1.48729997826152e-12,6.18612190495426e-12,17.4374223312152
"C2orf55",-1.0572975612967,8.13836411149826,-7.23630411686673,1.48732088274984e-12,6.18612190495426e-12,17.4374085428022
"HIST2H3C",1.21820979101531,2.09002700348432,7.23493629341589,1.50112035141165e-12,6.24098841929551e-12,17.428348595396
"HSD11B1",-1.25047332565411,6.84534947735192,-7.2288367667825,1.56420493303632e-12,6.49931740037152e-12,17.3879649791741
"GPX8",1.02347519828864,8.92467648083624,7.22256184433107,1.63182405105883e-12,6.76931658279204e-12,17.3464496960944
"ARL11",-1.04172455817016,6.55257369337979,-7.22220257866775,1.63578137134767e-12,6.78436193005409e-12,17.344073680341
"ATG9B",1.58003396083596,5.6569381533101,7.22211226874025,1.63677762119939e-12,6.78712271525419e-12,17.3434764280259
"TTC16",-1.6215600197466,3.56822787456446,-7.21874860875526,1.67431178936306e-12,6.93435970054944e-12,17.3212357540861
"CYP1A1",-2.2774480566069,1.65998571428571,-7.2146885729371,1.72074556840147e-12,7.11948942347483e-12,17.294402105781
"CKM",1.92601535626133,3.14995191637631,7.21402845088074,1.72841401751218e-12,7.14977630052891e-12,17.2900404059279
"IL1F9",1.72285526740169,1.86567752613241,7.21229727181181,1.74868465167999e-12,7.22925813511685e-12,17.2786033680885
"ESPNP",1.32903755471451,1.63428170731707,7.21030735231286,1.7722738786179e-12,7.32235514751971e-12,17.2654597863174
"MEGF11",-2.24521629422415,3.35677055749129,-7.21011600648595,1.77455858789643e-12,7.3303194787754e-12,17.2641960906735
"SPSB4",-1.31395449070266,2.81359337979094,-7.20959237209911,1.78082571350062e-12,7.35472780087865e-12,17.260738021235
"GPR85",-1.13558778015469,5.13631097560976,-7.20874002731343,1.79107360145566e-12,7.3955633624064e-12,17.255109603457
"C1orf168",-2.16431942734904,4.25440139372822,-7.20854649098845,1.79340858992025e-12,7.40371573518254e-12,17.253831672897
"SLC24A2",1.22826535461577,1.16728118466899,7.20770151649468,1.80363820791412e-12,7.44145747758779e-12,17.2482525966622
"FGF18",-1.63343040974167,3.92313693379791,-7.20755719125272,1.80539119928234e-12,7.4471933536802e-12,17.2472997211766
"USP44",-1.61059026493337,5.77160905923344,-7.20586785602869,1.82603508109418e-12,7.53083572014133e-12,17.2361474413872
"SETBP1",-1.18021935494488,7.79293815331012,-7.20430378769906,1.84535507209385e-12,7.60745775704551e-12,17.2258240632971
"BAALC",-1.94340808293568,6.25663972125436,-7.20413311743868,1.84747538559221e-12,7.6146696780181e-12,17.2246976950856
"LRRC50",-2.0607747144973,4.58560470383275,-7.20040650631408,1.89437473050779e-12,7.80483909639273e-12,17.2001088188823
"LOC284100",1.16588707915091,1.74864512195122,7.19937948977114,1.90750424132603e-12,7.8526292509371e-12,17.193334236144
"FAM183A",-2.21882034885636,3.80662282229965,-7.19753336721892,1.93133071105084e-12,7.945935771117e-12,17.181158551541
"WDR78",-1.50515053151227,6.11202108013937,-7.19702565958375,1.93793445673017e-12,7.97150759300148e-12,17.1778105368761
"CPNE4",2.0288694059569,4.30814233449477,7.19521565006362,1.96165843219677e-12,8.06586172902058e-12,17.1658762573529
"RHOBTB2",-1.21013751851244,11.1315918118467,-7.19278663917406,1.9939450861558e-12,8.19533385761332e-12,17.1498645321619
"SMC1B",2.25726894520326,2.91347543554007,7.18849713315151,2.05224281521671e-12,8.42988095166049e-12,17.1215996760982
"PTPRT",-2.54464162251113,4.03170714285714,-7.18713379321066,2.07112032076729e-12,8.50402003707049e-12,17.1126191611819
"NKAIN4",1.8267321441501,2.72557038327526,7.18686287835087,2.0748918346563e-12,8.51780231263622e-12,17.1108347755409
"DNAI1",-2.38951307553071,3.60267177700349,-7.18674334700205,2.07655802493881e-12,8.5229380751687e-12,17.1100474979828
"CATSPERB",2.03238741155177,4.04069703832753,7.18511111796774,2.09944234279215e-12,8.60997828556191e-12,17.0992981284734
"RGN",-1.49002873128189,6.46959024390244,-7.1848366465866,2.1033147932417e-12,8.62413674960097e-12,17.0974907425766
"MPEG1",-1.08156064505513,9.77636445993031,-7.17826241618454,2.19819698240688e-12,9.00418676153497e-12,17.0542168470167
"YSK4",-2.28705142998192,3.36257961672474,-7.17520555551651,2.24373652507238e-12,9.18522649246978e-12,17.0341067757626
"B3GALT2",-1.69102445943724,4.77225435540069,-7.17506070975603,2.24591723203418e-12,9.19232072840145e-12,17.0331540610171
"RGAG4",-1.10659565575121,7.42693832752614,-7.17501243834777,2.24664443902511e-12,9.1934642880577e-12,17.0328365621432
"MGC29506",1.84085456310681,8.74353780487805,7.1740861258888,2.26064424209086e-12,9.2489091849592e-12,17.0267442085085
"NRN1L",-1.28201517854206,2.51834634146341,-7.16740640134093,2.36416954695072e-12,9.65514239086895e-12,16.9828311269758
"CD79A",1.81347491196316,8.32269616724739,7.16622633331795,2.38293718423606e-12,9.72985290222083e-12,16.9750768087832
"IL12RB1",-1.17021391146948,6.30567787456446,-7.16084162680247,2.47045100429833e-12,1.00791651665828e-11,16.939707020678
"LOC400940",-1.12262556524603,0.848193379790941,-7.15900595325361,2.50100125172996e-12,1.01997528204243e-11,16.9276543577748
"SPNS2",-1.31070992265922,9.23292648083624,-7.15866180909847,2.50676988920675e-12,1.02212484261002e-11,16.9253950638858
"RLTPR",1.52741346388022,6.15334163763066,7.15784237741241,2.52055814112969e-12,1.02754286412614e-11,16.9200158898412
"SLC16A12",-1.95020181339479,4.88772735191637,-7.15559759303128,2.5587133478506e-12,1.04226954427327e-11,16.9052825974841
"DIRAS1",1.88856164883991,5.88620052264808,7.15335295087093,2.59743386422512e-12,1.05741259632246e-11,16.8905540995453
"KIAA0754",-1.33457522790852,6.54946846689895,-7.15262698313349,2.61007981805267e-12,1.06213951763372e-11,16.8857913985694
"TSPAN10",1.36156773737043,4.62268344947735,7.14797719542669,2.69252425710519e-12,1.09482121208892e-11,16.8552961127676
"SLC16A5",-1.0503887246997,8.71590348432055,-7.14295919684091,2.78437086867699e-12,1.13127120391725e-11,16.8224045412687
"HIST1H2AG",1.24263404640449,1.94243397212544,7.13938160192523,2.8517272414571e-12,1.15795016351096e-11,16.7989662040247
"TBC1D10C",-1.1940749777851,7.41761010452962,-7.13909132269927,2.85726215079121e-12,1.15996820161644e-11,16.7970648927124
"EPB41L4A",-1.03973909823927,8.43872456445993,-7.13605934954746,2.91570944935374e-12,1.18299436749471e-11,16.777209516898
"CPVL",-1.23776883659701,9.20781759581882,-7.13594148489699,2.91800510355888e-12,1.1836918548916e-11,16.7764378032488
"CDH6",-1.2683274971203,6.1055118466899,-7.13582183544026,2.92033733812913e-12,1.18440390264305e-11,16.7756544145625
"ZNF660",-1.07112581536943,3.36091655052265,-7.13546719231586,2.92726089497858e-12,1.1869774081357e-11,16.7733325010602
"UMODL1",2.5435989402666,4.33715226480836,7.13039117475722,3.02814456737513e-12,1.22691549177445e-11,16.7401094627908
"GPRIN3",-1.0906781076189,7.35850958188154,-7.126363645452,3.11061515389119e-12,1.25883952512096e-11,16.7137629575537
"FCER1A",-2.13838631561628,5.70539094076655,-7.12382209838588,3.16378994536618e-12,1.28010657426818e-11,16.6971435712185
"LOC100132111",1.3019261444792,4.05289599303136,7.12275925872859,3.186290987444e-12,1.28895672851675e-11,16.6901950459929
"TMEM171",1.80262061543527,3.72204738675958,7.12264898734418,3.18863449682813e-12,1.28965063474944e-11,16.6894741746108
"ANO9",1.17317385881192,8.60407613240419,7.12152099794812,3.21270428688964e-12,1.29912978156085e-11,16.6821007646997
"C12orf70",1.15243965114366,1.48285958188153,7.12109885757923,3.22175805777956e-12,1.30253432308417e-11,16.6793415805427
"WDR17",-1.62641891722891,4.81342264808363,-7.12019310138728,3.2412688155241e-12,1.3101643784743e-11,16.6734218597768
"HLA-DRB1",-1.39772394602601,13.1956987804878,-7.11974463142694,3.25097218900857e-12,1.3133108823366e-11,16.6704910427953
"C9orf172",1.10757423399705,3.85659390243903,7.11738035275673,3.30260124211761e-12,1.33364286980084e-11,16.6550426896073
"CACNA1E",1.49278751686689,2.48056463414634,7.11201138807037,3.42285626901298e-12,1.38166022813284e-11,16.6199774729177
"GRHL1",1.30582933684385,8.32461324041812,7.10984647848153,3.47255498399288e-12,1.40089514288414e-11,16.6058445120205
"RUFY4",1.6718352641106,3.71512038327526,7.10883045930444,3.49612313429361e-12,1.41012589286931e-11,16.5992129789027
"MAN1C1",-1.01056361362515,7.77218083623693,-7.10849263086291,3.50399437222215e-12,1.41302306937185e-11,16.5970081564971
"FOXA3",2.08415785420439,5.95558850174217,7.10801423905698,3.51517047780793e-12,1.41725156931258e-11,16.5938861036248
"C20orf56",-2.50179828862928,7.04106027874564,-7.10716288682262,3.53514635517195e-12,1.42474587105772e-11,16.58833049329
"KCNG2",1.37534992265922,2.5247693379791,7.10486476364157,3.58962770643767e-12,1.44613533777797e-11,16.5733365730378
"CTNND2",-2.9064819285832,3.90939337979094,-7.10256134389193,3.64506265825633e-12,1.4676041650128e-11,16.5583121718916
"MGAM",-1.51102125719929,3.26361480836237,-7.10186021123365,3.66210282409592e-12,1.47417590154293e-11,16.5537397390927
"WNK2",1.85783604080962,6.80500261324042,7.10149567840287,3.67099326172971e-12,1.47717545400453e-11,16.5513625896538
"KCNJ10",1.58083246338655,4.00673763066202,7.09901671726031,3.73201685863417e-12,1.50114236104544e-11,16.5351997858443
"RELN",-1.78626562448578,4.78810278745644,-7.09802423507606,3.75672695939883e-12,1.51048970772538e-11,16.5287301366333
"KIF6",-1.65051876912952,4.14616097560975,-7.09640677286157,3.79734240929367e-12,1.52532654397963e-11,16.5181880823432
"HIST1H2BH",1.51787561954913,1.95777229965157,7.09222566267266,3.90434330812329e-12,1.56738694008156e-11,16.4909463951319
"C15orf52",-1.12929165377655,8.24080400696864,-7.08315145930854,4.14686488008673e-12,1.66182190099904e-11,16.4318704573149
"KCNS1",-1.96379934836269,3.78506306620209,-7.0830562464148,4.14948649894143e-12,1.66254796688657e-11,16.4312509274254
"TCN1",3.42653158466352,4.6099,7.081393836604,4.19552317271274e-12,1.67963139091756e-11,16.4204351086411
"KLHL6",-1.14804435083101,8.27250766550521,-7.08136899116661,4.19621500439171e-12,1.67963139091756e-11,16.4202734776752
"BATF",1.05315213098569,7.73497926829268,7.0801097131432,4.23142739055395e-12,1.69339579586886e-11,16.4120819195068
"GP6",-1.12691407273326,1.86504059233449,-7.06918388283564,4.54938506054121e-12,1.81745233105489e-11,16.3410610899156
"ANKRD34B",2.42378364982724,3.20087282229965,7.06845800001522,4.57132204595763e-12,1.8258607315858e-11,16.3363459169932
"DMBT1",-3.12436832318581,9.89192839721254,-7.0652867781841,4.6683854350078e-12,1.86354176513144e-11,16.3157511328013
"NAT8L",1.83919229883168,3.65267351916376,7.0647821588406,4.68401628097632e-12,1.86931050093366e-11,16.3124747117532
"ITGAX",-1.08717555701827,9.51000296167246,-7.0647614826937,4.68465783112698e-12,1.86931050093366e-11,16.3123404686848
"GLP2R",-1.15505705775877,0.750700522648084,-7.06219990749206,4.76481146456865e-12,1.9001860794016e-11,16.2957115985047
"DNAJC5B",-1.38229302287314,5.04456393728223,-7.06202692377153,4.77027257890287e-12,1.90199448523744e-11,16.2945888298183
"REP15",-1.0776054599309,3.5047893728223,-7.06134433876086,4.79188195293591e-12,1.91023954356843e-11,16.2901586666689
"RAB15",1.08553601448084,9.77143449477352,7.0600812226223,4.83212389933381e-12,1.92516017180911e-11,16.2819616460856
"PPEF1",1.46008628599639,3.32209756097561,7.05500170742875,4.99733396374618e-12,1.98905130429835e-11,16.2490104494149
"THEM5",1.20377455652461,2.94287891986063,7.05428616302534,5.02104855522472e-12,1.99771563641015e-11,16.2443702593959
"ATP8A1",-1.24946553891724,9.77224181184669,-7.05090742623784,5.13452922187196e-12,2.04207448518077e-11,16.2224650362803
"GPR87",2.91922036860296,5.27897299651568,7.04964055997343,5.17772565057913e-12,2.05805823052061e-11,16.2142538872346
"ZNF204P",-1.21255812736549,7.63806916376307,-7.04731900050063,5.25781288061747e-12,2.08908260962022e-11,16.1992099980359
"IL17C",1.70166838242555,2.09127177700348,7.04354184585615,5.39072303241244e-12,2.14064881731968e-11,16.1747426331469
"CORIN",-1.43161347375351,5.37386724738676,-7.04321125799513,5.40251164214438e-12,2.14491518107182e-11,16.1726017007813
"MYLK3",-1.42743837748891,3.59699285714286,-7.04228296193509,5.43574986572378e-12,2.15686016125453e-11,16.1665903795129
"SPERT",1.91196266578905,2.07933519163763,7.04209642634461,5.44245309699631e-12,2.15910264891467e-11,16.1653825204743
"CCK",-1.66581857495477,1.55153379790941,-7.04187709302732,5.45034531965841e-12,2.1618158696404e-11,16.1639623233209
"ZNF439",-1.0157187954583,6.26496062717771,-7.04179321506826,5.45336645387812e-12,2.16259635499552e-11,16.1634192180366
"CST2",2.02742613460591,3.99807961672474,7.03913546285517,5.54995081140934e-12,2.20004808183498e-11,16.1462132302929
"PTCH1",-1.00924655915749,8.06824895470383,-7.03852217219172,5.57247576973948e-12,2.20855072495659e-11,16.1422436309202
"PCDHGA6",-1.13697065986507,4.71958379790941,-7.03538076261133,5.68926968661515e-12,2.25396963848338e-11,16.1219150286011
"CHST9",-2.90394253414516,4.37350226480836,-7.03505693627384,5.70144506574295e-12,2.25835746092423e-11,16.1198199263019
"LAYN",-1.05365208491033,7.19341114982579,-7.03325025641001,5.76984488182972e-12,2.28456924636382e-11,16.1081324972752
"KCNA3",-1.53640892874774,6.33039599303136,-7.03104562112949,5.85440410768137e-12,2.3171566672585e-11,16.0938741096044
"CCL25",1.24375260819485,1.4111850174216,7.03031423212377,5.88272477773526e-12,2.32746848500491e-11,16.0891447116221
"EPYC",2.12052448905712,2.30783066202091,7.02853179821709,5.95230879959024e-12,2.3536382830429e-11,16.0776206497401
"GCM1",1.41429034062861,2.0345393728223,7.02565012917071,6.0665200398665e-12,2.39787555676664e-11,16.0589948438153
"HAMP",1.65137304920192,3.83650888501742,7.02562067750175,6.06769836462208e-12,2.39787964245796e-11,16.0588045147019
"C6orf81",1.12940693105151,2.30775365853659,7.02492418687806,6.09562972989447e-12,2.40799073224425e-11,16.0543036939383
"FILIP1L",-1.01146805331579,9.85412020905924,-7.02428331173771,6.12144233782827e-12,2.4177224162296e-11,16.0501625998065
"FAM171A2",1.53035314793485,5.69576898954704,7.02371418046719,6.1444553330837e-12,2.42634483531849e-11,16.0464853539662
"WDR49",-1.88682060556197,3.51115139372822,-7.02206893662195,6.21146041432747e-12,2.45233235204121e-11,16.0358565864295
"DNAH6",-1.87811450386705,4.77339651567944,-7.01418012607255,6.54285105962418e-12,2.57919992807382e-11,15.9849216127009
"ZBBX",-2.33432334046406,3.24413954703833,-7.01133393708789,6.66662770664324e-12,2.62547221978488e-11,15.9665567063401
"LOC644165",-1.39569193351984,4.24307108013937,-7.01026357009258,6.71376930242953e-12,2.64302365827187e-11,15.9596518345332
"HMCN1",-1.29767268718119,9.01768466898955,-7.00904150970609,6.76799238080192e-12,2.66385896429953e-11,15.9517694827491
"USP2",-1.40948249465198,5.9042268292683,-7.00855560400278,6.78967147271701e-12,2.67187953488365e-11,15.9486356875716
"TREML1",-1.04188578574955,2.23218327526133,-7.00671559694535,6.87238505559323e-12,2.70132232799787e-11,15.9367704226567
"DUSP5P",1.64172950468983,2.6392362369338,7.00575194278039,6.91609828177552e-12,2.71798425966408e-11,15.9305573559673
"LOC645166",1.12645017607373,6.08951777003484,7.00454530343124,6.97121914515957e-12,2.73912208708375e-11,15.9227786802482
"RPLP0P2",1.26603826230049,6.09274947735191,7.00370807750917,7.0097181301954e-12,2.75319520208363e-11,15.9173821140559
"LRRN4",-2.23858288300149,7.40014756097561,-7.00302448749323,7.04130717170083e-12,2.76507337863462e-11,15.9129762524059
"CHAC1",1.04122169491526,6.35239547038327,6.99868857460109,7.24495407324715e-12,2.84395615915419e-11,15.8850389398489
"CCDC17",-1.96567756129671,4.99575418118467,-6.99201026949463,7.56998848029988e-12,2.96644137240993e-11,15.8420375475426
"FUT9",2.52519344084255,2.69279285714286,6.98672521573661,7.837329972881e-12,3.06769083590557e-11,15.8080317697675
"S100P",3.04623962810599,9.48843118466899,6.98296274598294,8.03328280987676e-12,3.14199459109868e-11,15.783836002358
"ZNF677",-1.30132691788713,4.17032299651568,-6.98181772843195,8.09386592889322e-12,3.16508700038434e-11,15.7764747800452
"KLHDC8A",1.53961895013988,4.12801289198607,6.98003255336327,8.18921642332398e-12,3.20115409693148e-11,15.7650000681199
"CXorf61",3.04797454665133,3.15857421602787,6.97825946318497,8.28501351125562e-12,3.23736824107495e-11,15.7536054835097
"TAS1R3",1.48282594701334,4.79832020905923,6.97820177977868,8.28814846837279e-12,3.23797693731101e-11,15.7532348279207
"PADI1",2.52376462399212,3.02265836236934,6.97632431516816,8.39082290469398e-12,3.27684219580307e-11,15.7411722356612
"C5orf38",-2.10726208984698,5.48887700348432,-6.97531712449074,8.44641786843715e-12,3.29729908421781e-11,15.734702226526
"AIF1",-1.01508275793978,9.1290787456446,-6.97472265622472,8.47940101078288e-12,3.30954567968389e-11,15.7308838404592
"MTMR11",1.03626847457628,8.41044459930313,6.97398300966398,8.52061583672307e-12,3.32436798038625e-11,15.7261333288521
"ADRA2C",-1.54433831824916,4.44537317073171,-6.97345328277822,8.55025432853464e-12,3.33529776486445e-11,15.7227313247489
"HDC",-1.54776237946356,5.24370783972125,-6.96597487383747,8.97964184462531e-12,3.49681424639905e-11,15.6747268532752
"FSD1",1.50416976468654,2.48954303135888,6.96420312721335,9.08443375099068e-12,3.53695097492582e-11,15.6633602433533
"GSDMC",1.85047595853219,5.66306515679443,6.96348955221463,9.1269774448217e-12,3.55216771454388e-11,15.6587830042208
"IL6ST",-1.15807818331414,9.77216620209059,-6.95837808111847,9.43750086990712e-12,3.6702385463003e-11,15.6260069539044
"RAB3B",1.89936197465856,2.34174494773519,6.95732821218717,9.50255363145422e-12,3.69413796731216e-11,15.6192774416293
"MRAP2",-1.78025102517692,3.56939407665505,-6.95443822566194,9.68390870566061e-12,3.76107918515347e-11,15.600757460092
"TRIM2",1.05630426855357,10.7646480836237,6.95228976773221,9.82092968231729e-12,3.81069148323519e-11,15.5869936453192
"GPR35",1.6804094158302,6.36894372822299,6.95019503145953,9.95635732929085e-12,3.86105054722972e-11,15.5735774473716
"PPARGC1A",-2.05062713509958,6.30097195121951,-6.94991457864028,9.97462766902302e-12,3.86740521331525e-11,15.57178148481
"DMRTA2",2.49445815369428,3.11721846689895,6.9488042912781,1.00472820981539e-11,3.89410423777796e-11,15.5646720318732
"IRX2",-2.37310578245847,8.03507735191638,-6.9478850839732,1.01078258335033e-11,3.91609104287266e-11,15.5587868387884
"GNG4",2.41797549448743,5.13236167247387,6.94528165361239,1.02812526094617e-11,3.97877692878886e-11,15.5421220328383
"C6orf225",-1.01725905545501,6.82945156794425,-6.94489756572412,1.03070846872159e-11,3.98727056017602e-11,15.5396638960161
"NOS2",-1.5267205529044,4.3813393728223,-6.94402349293198,1.03661088613696e-11,4.00783832248432e-11,15.5340703163832
"C11orf63",-1.10750757939774,6.39456759581881,-6.94337563732025,1.04100712002218e-11,4.02332006288693e-11,15.5299247844688
"APCDD1",-1.05400047720916,8.26054094076655,-6.94288790376104,1.04432887164444e-11,4.03463901672194e-11,15.5268040653007
"AKR1B10",3.87597388843183,5.19289442508711,6.94262456005993,1.04612672248708e-11,4.04082438620127e-11,15.5251191613503
"MYRIP",-1.67928637485603,4.83533675958188,-6.93681284112639,1.08658630288868e-11,4.19394938866415e-11,15.4879488400772
"FAM57B",1.22236039822282,1.61306114982578,6.93559813733645,1.09523491029489e-11,4.22653622337482e-11,15.4801832161243
"C3orf36",-1.30747025835117,3.95213484320557,-6.9355227865105,1.09577362443906e-11,4.22782043032024e-11,15.4797015347315
"DNASE1L2",1.19933924633867,2.80493170731707,6.93527822278525,1.09752390516883e-11,4.23291046347624e-11,15.4781381875581
"HOXC11",2.73458861280238,2.64061567944251,6.93525204536708,1.09771141293461e-11,4.23291046347624e-11,15.4779708540016
"KIR2DS4",-1.29948372552247,1.38499198606272,-6.93209120945834,1.12058514051044e-11,4.31868085877218e-11,15.4577698073087
"FCGR1C",-1.14192537107126,5.69967735191638,-6.92656631715438,1.16169604451758e-11,4.47208321656589e-11,15.4224786551842
"CCDC8",-1.1520728056607,7.14918989547038,-6.92529694340578,1.17134875198061e-11,4.50755199215783e-11,15.4143736822664
"CCDC37",-2.17466799078494,2.54742839721255,-6.92161657105443,1.19978290259696e-11,4.61524133226823e-11,15.3908815396954
"PNMT",-1.6518933618562,2.99779547038327,-6.92156111548837,1.20021648859985e-11,4.61604430703539e-11,15.3905276426315
"LOC134466",-1.33899872634525,3.67421829268293,-6.92009567800613,1.21173011465091e-11,4.65945294133418e-11,15.3811766271493
"CCR1",-1.04804513411223,8.49466550522647,-6.91768084866901,1.23093998186604e-11,4.7306622665125e-11,15.3657711559336
"LYG1",1.24212808293567,3.01876306620209,6.91706326436416,1.23590066988224e-11,4.74794924264266e-11,15.3618319895642
"RTBDN",1.89634667105481,2.02973449477352,6.91434756408496,1.25794826659503e-11,4.82993789287376e-11,15.3445138423867
"MS4A8B",-2.89560566727006,4.95453135888502,-6.91220460446927,1.27561826653457e-11,4.89503607700088e-11,15.3308521484625
"EGFL6",-1.05213553068949,8.11689216027874,-6.9046318346744,1.34003484154136e-11,5.13550780228564e-11,15.2826032813182
"IL2RA",1.34258378476224,6.52104233449477,6.9004554611079,1.37691615354881e-11,5.26996432370566e-11,15.2560132309997
"CLEC9A",-1.32566857989141,2.44179860627178,-6.89767825104452,1.40199144770903e-11,5.36293728739823e-11,15.2383388828453
"ARMC4",-2.07220305084747,4.32067648083623,-6.89472480447477,1.42914999073986e-11,5.46478847269311e-11,15.2195495606038
"NCRNA00176",1.20152511436565,4.25025052264808,6.89118884292766,1.46234514827152e-11,5.59067893743284e-11,15.1970633365939
"ALS2CL",-1.2210790653283,8.89343763066202,-6.8900258251021,1.47342798328464e-11,5.63095243798096e-11,15.1896694967731
"C11orf92",-1.82956799736714,7.356693728223,-6.88928112935494,1.48056773859588e-11,5.65718512439484e-11,15.1849356778621
"SLC22A20",1.12886820470628,3.20725505226481,6.887645180933,1.49637185753939e-11,5.71650804527049e-11,15.1745379405389
"GAL",2.38301960177721,2.73303101045296,6.88502687095554,1.52201145743985e-11,5.81229449799852e-11,15.1579008750688
"RBP7",-1.1574193351983,5.42788275261324,-6.88433873282374,1.52882127034797e-11,5.83504381488079e-11,15.1535292491627
"AOC2",-1.02671590587462,4.2852243902439,-6.88386205228377,1.53355602991471e-11,5.8516359089433e-11,15.1505011947418
"CAPS2",-1.04187450715815,4.96170017421603,-6.88095889436177,1.56270486937001e-11,5.95772162825744e-11,15.1320630757084
"HCN2",1.52080621359225,3.74318641114983,6.87266141374996,1.64904712754486e-11,6.27524328609748e-11,15.0794016353102
"LRRC15",1.90367898963306,7.94072839721255,6.87229274585411,1.65299020556665e-11,6.28791716143846e-11,15.0770630678636
"HSF4",1.44858921178214,7.02510766550522,6.86784742337337,1.70126997169442e-11,6.46917438764335e-11,15.0488734664742
"SLC6A10P",1.49516637156493,2.36338710801394,6.8671862569804,1.70856804649148e-11,6.49451990269767e-11,15.0446820615026
"S100A8",-1.7817177093961,8.10414425087107,-6.86448094009764,1.73875135445182e-11,6.60680460982712e-11,15.0275355109489
"CYP2D6",1.75610188579893,4.37131358885017,6.86397889907234,1.74440994855464e-11,6.62707924571182e-11,15.0243541581246
"PGC",-3.97792380450884,9.52040940766551,-6.86378884629548,1.74655678162961e-11,6.63400753503346e-11,15.0231498758648
"TNS4",2.4412035708409,7.15144965156794,6.86050551888751,1.78405732230811e-11,6.7714359081134e-11,15.0023493125241
"TMEM125",-1.06933730459109,10.5980076655052,-6.85875242695158,1.80440282895943e-11,6.84738043835161e-11,14.9912465651998
"CXorf22",-1.48644757281555,1.63684059233449,-6.85872410825496,1.80473334398054e-11,6.84738043835161e-11,14.9910672359179
"C5orf49",-1.89421151555046,5.54042526132404,-6.85386660063381,1.86231495333137e-11,7.05411918669615e-11,14.9603161647572
"C2orf39",-2.36846503537932,4.22790888501742,-6.85289730197458,1.8740191544638e-11,7.09583423849905e-11,14.95418210731
"IL1F7",2.91105807470794,3.40754459930314,6.85122247849991,1.89441292389691e-11,7.17173102113289e-11,14.9435849787306
"LOC728613",1.0442963370084,7.78220662020906,6.8491509408244,1.91993893372282e-11,7.26568595563679e-11,14.9304807554688
"C1orf230",-1.81452613789701,2.35105557491289,-6.84860760455664,1.92668976398271e-11,7.28854631556387e-11,14.9270442517079
"HOXB9",3.10707523119964,3.65412212543554,6.84857529431567,1.92709194465185e-11,7.28872469117584e-11,14.9268399025546
"KRT83",1.81801378640778,1.75424477351916,6.84835239183917,1.92986876231535e-11,7.29788279431462e-11,14.9254301571921
"NR2E1",1.51566602270859,1.49775592334495,6.84770469153874,1.93795982656923e-11,7.32578074746204e-11,14.9213340014469
"PMAIP1",1.27789725193354,8.12551324041812,6.84642935072104,1.95398882794453e-11,7.38093663987143e-11,14.9132695118251
"NEK5",-1.60045670561134,2.30558745644599,-6.84327596632941,1.99418268327611e-11,7.52722384402619e-11,14.8933348735683
"PKIA",-1.34480551917065,6.45368972125435,-6.84307451900334,1.99677778491328e-11,7.53563380960839e-11,14.8920616559531
"KLHL32",-1.32730221490868,4.10607526132404,-6.84294660469124,1.9984273339385e-11,7.54047292147718e-11,14.8912532092342
"KRT15",1.89618570018103,8.57079006968642,6.83996227759673,2.03729434966024e-11,7.68006849036443e-11,14.872395242308
"NR2F1",-1.01299067961166,8.39613205574912,-6.83810756868397,2.06182241931446e-11,7.76967956470738e-11,14.8606788517484
"DHDPSL",-1.45735195326643,3.36306080139373,-6.83732386016933,2.07227368322764e-11,7.80763052241942e-11,14.8557288934517
"TIPARP",-1.03817636333718,10.2789334494774,-6.83646774358093,2.08374999184575e-11,7.84798887040787e-11,14.8503221509883
"SYT2",1.89878826394604,5.31100139372822,6.83149270490803,2.15168592996583e-11,8.09346136720384e-11,14.8189140277901
"LOC647121",1.01667071252264,6.78228327526132,6.83011955305445,2.1708165783114e-11,8.16093469194891e-11,14.8102485440989
"KCNJ2",-1.09833617574462,6.96679459930314,-6.82989812155207,2.17391713805339e-11,8.17109462545516e-11,14.8088513053953
"FAM198A",-1.14676792496298,5.05480034843206,-6.82767061506836,2.20535025590712e-11,8.2862080442484e-11,14.7947978195421
"LRRC46",-1.68393545828535,5.97052317073171,-6.82569316894402,2.23362820287834e-11,8.38478460506352e-11,14.7823252428411
"NINJ2",-1.07831698535462,8.0725425087108,-6.82270410680437,2.27704934535794e-11,8.54153536638012e-11,14.7634778067758
"C10orf79",-2.00924964620703,5.36882177700348,-6.81607406335418,2.37634025659241e-11,8.90124673818805e-11,14.7216973074577
"AGR2",1.73181516208657,12.3645130662021,6.81606938766797,2.37641175703891e-11,8.90124673818805e-11,14.7216678548951
"BTNL3",-1.23654617409907,0.874831533101044,-6.81557655525411,2.38395998754383e-11,8.92789101500817e-11,14.7185635560306
"ITGAM",-1.21407683067304,9.00876080139374,-6.81355443755608,2.41517790439283e-11,9.03655957302437e-11,14.705828448804
"GAPT",-1.19302277439527,5.38602195121951,-6.81207582762996,2.43825863674768e-11,9.11959369874838e-11,14.6965183349424
"NLGN4X",-1.45612221161758,4.85867770034843,-6.80977388709973,2.47462288189129e-11,9.25391762572462e-11,14.6820275116955
"VSX1",1.2564564785256,1.43375766550523,6.80860089402677,2.49335709473693e-11,9.32227666271157e-11,14.6746450663838
"CAPN9",-2.22653325324999,5.91350609756098,-6.80854318478136,2.49428236972761e-11,9.32403806454985e-11,14.6742818906457
"COL1A2",1.22789229554058,14.5555261324042,6.80511548253378,2.54984874428848e-11,9.52481708883596e-11,14.6527153730981
"SLC22A4",-1.23568673029456,5.55895348432056,-6.80385976279338,2.57050775330896e-11,9.60024089056448e-11,14.6448169093427
"PLCB4",-1.77820465361199,6.42743519163763,-6.8033388813248,2.57912538051575e-11,9.62892236079076e-11,14.6415409340817
"LOC100133985",1.14811636991938,3.33586881533101,6.79674142430195,2.69076061628783e-11,1.00311086712165e-10,14.6000660619292
"CLEC12B",-1.12879418463058,1.80268763066202,-6.79228728687662,2.76879631896031e-11,1.03107905728741e-10,14.5720845058672
"SLC4A3",1.4723420503538,6.29498850174216,6.79173017660613,2.77871172534645e-11,1.03458381794274e-10,14.5685857537867
"IL20RB",2.02096020404808,5.35287491289199,6.78991884761811,2.81119105817473e-11,1.04629717955633e-10,14.5572119711414
"SYNGR1",-1.11662412703638,6.84483048780488,-6.78949886460962,2.81877490737447e-11,1.04892965104945e-10,14.5545751625415
"TTC25",-1.39347875267403,5.35108728222996,-6.78919209576356,2.82432707540949e-11,1.05080527107932e-10,14.5526492420001
"MUC13",3.49604768142179,6.17558257839722,6.78501647765878,2.90097678755693e-11,1.07854135183889e-10,14.5264417239896
"LPPR3",-2.00710058910648,3.66994146341463,-6.78496619808615,2.90191207087324e-11,1.07869373193966e-10,14.526126236862
"HIST1H2BF",1.06911276945862,1.10858240418119,6.784425886881,2.91198144842307e-11,1.08204487124209e-10,14.5227360943361
"CEBPA",-1.24724358400528,9.44326080139374,-6.78399537220685,2.92002916674857e-11,1.08464264145736e-10,14.5200350264398
"CEACAM7",2.16248394273492,3.91487212543554,6.78370413845953,2.92548564407434e-11,1.08647287034816e-10,14.5182078958785
"OLAH",-1.28440920849105,1.40067804878049,-6.78314154796888,2.93605453667375e-11,1.09020075308215e-10,14.5146785273171
"ADSSL1",1.17960501892382,7.59122421602788,6.7815135016398,2.96685076292827e-11,1.10143663947409e-10,14.5044665062071
"KLK10",-2.49250958696728,6.70799930313589,-6.77896455818519,3.01570446731229e-11,1.11916870415621e-10,14.4884822911685
"TUB",-1.21626962646044,6.51278153310104,-6.7767518299105,3.05875362956209e-11,1.13493967133399e-10,14.4746106011309
"C22orf34",-1.22945120618727,2.37450400696864,-6.77516857952205,3.08992567303544e-11,1.14588464717156e-10,14.4646875013693
"STRC",1.36865383577424,2.820493728223,6.76795960031177,3.23584703432952e-11,1.1974033816652e-10,14.4195298276931
"C20orf103",1.38067179200264,6.22825435540069,6.7658449098201,3.27991989953355e-11,1.21242176639138e-10,14.4062909881079
"TMEM82",1.55386623662993,1.54381777003484,6.76487637005298,3.30030166175879e-11,1.21949591641303e-10,14.4002287039191
"HIST1H2AE",1.85662351160113,3.49069268292683,6.76476558996711,3.30264080159097e-11,1.22014064525216e-10,14.3995353563057
"PPP2R2C",2.78673753825903,4.94934163763066,6.7586499833442,3.43432791282331e-11,1.26742318983035e-10,14.3612741565838
"MAML2",-1.01245406615107,8.26169825783973,-6.7582433973391,3.44326328769991e-11,1.27049236693888e-10,14.3587314690609
"NCRNA00160",1.1019137534968,1.11923728222997,6.75455185491919,3.52544155648913e-11,1.30011343910045e-10,14.3356514468347
"RPSAP52",1.54932738522299,1.64063867595819,6.74675420741495,3.70540313211026e-11,1.36402951949478e-10,14.2869348274763
"PRTG",-1.29635939114696,6.22524094076654,-6.74633097993947,3.71542451600185e-11,1.3674733831753e-10,14.2842920418508
"PLXNA2",-1.09676149744941,10.2200548780488,-6.74596656858142,3.72407452479148e-11,1.37041136393564e-10,14.2820166385966
"EGF",1.77120679940762,6.43913031358885,6.7458786944546,3.72616334210459e-11,1.37093429056285e-10,14.281467963711
"LOC728392",-1.00480445285504,6.37580226480836,-6.74468288996587,3.75470279603677e-11,1.38093959875734e-10,14.2740021180005
"CYSLTR1",-1.20197740990621,5.91719790940766,-6.74051429120567,3.85587881348205e-11,1.41713555389879e-10,14.2479848517544
"CACNG4",-2.34838157972685,7.01235174216028,-6.73783876535135,3.92222073055786e-11,1.44022878909592e-10,14.2312934533182
"CX3CL1",-1.46858064834623,10.471043902439,-6.73457511089654,4.00466324038874e-11,1.46971284099358e-10,14.2109406375355
"SP8",2.23806918216227,2.19830679442509,6.73425633024164,4.01280644537771e-11,1.47238307918402e-10,14.2089531071334
"VCAN",1.24828020404807,11.6502167247387,6.73419472527367,4.01438200717676e-11,1.47248995189099e-10,14.2085690223549
"PBX1",-1.01661091986178,9.84804494773519,-6.72984008063749,4.12730427864446e-11,1.5136398149441e-10,14.1814269761254
"MDH1B",-1.60535025176898,3.99413588850174,-6.72958412035151,4.13403780309966e-11,1.51583847289937e-10,14.1798320683995
"PCDHGA5",-1.11543601118974,4.25802020905923,-6.72900185430233,4.14939559191735e-11,1.52092646852461e-10,14.1762041177817
"OVGP1",1.16594727332566,5.88369912891986,6.72492225325337,4.25857974460116e-11,1.55927665697631e-10,14.1507926812029
"SLC7A10",2.39713245022216,3.21030679442509,6.72414315984455,4.27974915480576e-11,1.56599652899633e-10,14.1459412799115
"VWA3B",-2.086629004443,4.82126045296167,-6.72316971284086,4.30634462835792e-11,1.57536092694562e-10,14.1398803161956
"CAPN3",-1.38847395096266,7.10897595818815,-6.72235696570382,4.32867376695385e-11,1.58324732648428e-10,14.1348204901529
"CRB1",-1.19307385881193,1.7745693379791,-6.72116237112862,4.36169994709336e-11,1.59504274873222e-10,14.1273843881908
"AKR1B15",2.38917787395099,2.35194442508711,6.72084919141691,4.37039903907626e-11,1.59765477692727e-10,14.1254350964458
"MAK",-1.30618786572323,4.45543118466899,-6.7197506140068,4.40104864124014e-11,1.60791724629436e-10,14.1185979488485
"C2orf58",-1.11753157149911,3.10718919860627,-6.71973074425133,4.40160493140493e-11,1.60791724629436e-10,14.118474295476
"CCL14-CCL15",-1.84088844495641,1.5720724738676,-6.7194353780661,4.40988238632017e-11,1.61065442788033e-10,14.1166362107663
"APOC2",-1.62133217376996,7.18878484320557,-6.7189698825034,4.42295861729643e-11,1.61456864176913e-10,14.1137395388679
"BEST4",1.19332057923318,3.77508083623693,6.7174716429349,4.46530439875128e-11,1.62915762051473e-10,14.1044175013241
"SOHLH2",2.10800523942737,3.09674738675958,6.71093539807495,4.654742221418e-11,1.69578162786034e-10,14.0637697870525
"NRG2",-1.30998561132139,2.48755261324042,-6.71091498710739,4.65534595938668e-11,1.69578162786034e-10,14.0636429078872
"C19orf45",1.34228308046734,1.91216236933798,6.71004047385023,4.68128554427382e-11,1.70492801532626e-10,14.0582070463006
"RGS20",1.80482537765347,3.53834756097561,6.70879520729,4.71846715084943e-11,1.71755550721523e-10,14.0504676740287
"HOXA10",2.38455676156,4.43379999999999,6.70818253577115,4.73686667977587e-11,1.7236418457249e-10,14.0466603507998
"DYDC2",-1.86717892052001,4.02062839721254,-6.69785579429937,5.05779758962204e-11,1.83846643971212e-10,13.9825315998689
"CCDC33",-2.05883692282378,2.98115348432056,-6.6972024801125,5.07880333746852e-11,1.84577504900387e-10,13.9784773774787
"HLA-DRB5",-1.61702645384236,11.5067445993031,-6.69518712981898,5.14414264556413e-11,1.8688594675886e-10,13.9659729998201
"CDK5R2",1.89949333223633,2.42192212543554,6.69441246599749,5.16947663666244e-11,1.87773098638853e-10,13.9611674012334
"KDR",-1.12697105150569,10.0705742160279,-6.6930982208036,5.21273685927103e-11,1.89277480935328e-10,13.9530156163809
"FOXI3",1.92514747079152,1.79234442508711,6.69069405368317,5.2927941459408e-11,1.92116449462809e-10,13.9381069821998
"MAPK8IP3",1.031638785585,9.93917891986063,6.6864927324938,5.43560028270063e-11,1.97056107723546e-10,13.9120648922452
"IGDCC4",1.10468446272833,5.61385540069687,6.68645538186824,5.43688665452553e-11,1.97067943180454e-10,13.9118334353204
"RRAD",-1.66354230376832,8.37879982578397,-6.68635779826171,5.44024888567185e-11,1.97120207594146e-10,13.9112287277333
"NCR1",-1.0168185124239,1.42357055749129,-6.68107332977712,5.62540217761694e-11,2.03685197013185e-10,13.8784931208608
"ARHGAP33",1.16879898963305,6.95008484320557,6.67836372032524,5.7227221697837e-11,2.07099393875656e-10,13.8617165329051
"ADHFE1",-1.31748612802371,5.82235017421603,-6.67728000463635,5.76210614540725e-11,2.08414445322782e-10,13.8550083201665
"FCRL2",1.72251412209974,4.84255958188153,6.67629803535962,5.79802196430306e-11,2.09676573766324e-10,13.8489307229699
"PRDM6",-1.01466181997697,5.54604285714286,-6.66761039235153,6.12548855108035e-11,2.21323970351425e-10,13.7951945331523
"TEKT4",-1.46650334375516,3.19687717770035,-6.66159714806424,6.36270007148134e-11,2.29611939651102e-10,13.758035521846
"FLJ42875",-1.76307291426693,4.10110818815331,-6.65979044263051,6.43571483171433e-11,2.32083656235895e-10,13.7468765409992
"CSMD2",1.36851908836599,4.51331689895471,6.65828427417747,6.49721138822682e-11,2.34260185810145e-10,13.7375757845953
"HS3ST1",1.19542454171467,8.17622108013938,6.6578168994722,6.51641108248115e-11,2.34911184413236e-10,13.7346900603138
"CTTNBP2",-1.29539361197961,4.90956846689896,-6.65539878292256,6.61663902946849e-11,2.38440581490237e-10,13.7197625875728
"WDR86",1.72933192364655,5.52663083623693,6.65342115972343,6.69973141050858e-11,2.41392569072905e-10,13.7075578113735
"C19orf77",2.06314636498274,3.00822317073171,6.65175136497676,6.77068598888425e-11,2.4386347956455e-10,13.6972551971229
"CLEC4A",-1.05941467500412,6.5005137630662,-6.65145138315612,6.78351096098111e-11,2.44239705417296e-10,13.6954045473964
"IQUB",-1.32165669244694,3.58955574912892,-6.64248578035286,7.17800210202086e-11,2.58081231443937e-10,13.640126888662
"C2orf54",-1.65330840546323,7.76684790940766,-6.64129526703779,7.23204862088693e-11,2.5993340018699e-10,13.6327915510851
"TFF1",3.44521086391313,3.86614233449477,6.63948753399354,7.31487923083673e-11,2.62680550304492e-10,13.6216553732614
"IQGAP2",-1.09734264933356,8.49965888501742,-6.63778728336677,7.39363345662526e-11,2.65415797979571e-10,13.6111836897873
"MMP10",2.35778201086064,4.45604006968641,6.63459832392141,7.54359160077072e-11,2.70704309672825e-10,13.5915493862904
"CNGA3",2.45558380121773,4.01924668989547,6.63293818505943,7.6228344112667e-11,2.73500158097353e-10,13.5813311739866
"CACNA1C",-1.06875740990621,7.19192456445993,-6.63191134885589,7.67225592452399e-11,2.75142844355919e-10,13.5750120585251
"SYT4",-1.92568738193189,1.46496777003484,-6.63056717450981,7.73742590997029e-11,2.77369222859595e-10,13.5667413220858
"DUSP4",1.51391885469805,8.68829512195121,6.62753082662199,7.88664219676918e-11,2.82570269283894e-10,13.5480638914434
"HAGHL",1.24084421260491,6.21043658536585,6.62709118305883,7.90848026517212e-11,2.83303262683622e-10,13.545360127923
"CCNI2",1.27091950633538,4.37298153310105,6.62666891518834,7.92951105585044e-11,2.84007086490945e-10,13.5427633679263
"APBA2",1.43899955899294,7.65978675958188,6.62525137460647,8.0005125555076e-11,2.86400214062024e-10,13.5340471598833
"NOX4",1.20682931380617,5.96961968641114,6.61913357939258,8.3141561295224e-11,2.97213347273367e-10,13.4964482526424
"NUPR1",-1.01607744939938,10.5512134146341,-6.61814840283693,8.36577796179931e-11,2.99006653126288e-10,13.4903963131671
"SRMS",1.64100215566893,2.31691585365854,6.61291019934117,8.64557401224881e-11,3.08577250471954e-10,13.458231005575
"PPM1J",1.12783127530032,4.78262979094076,6.6114466135168,8.72537688062105e-11,3.11263227383406e-10,13.4492477285018
"TRPC6",-1.35755082441996,7.9981087108014,-6.60691853557382,8.97687346353994e-11,3.19679466099696e-10,13.421465848013
"GNAZ",-1.37940579562285,5.57261202090593,-6.60658305726716,8.99578666161064e-11,3.20241893814577e-10,13.4194081811883
"ANK2",-1.1881412341616,7.35237630662021,-6.60433988510755,9.12325718478619e-11,3.24442179115989e-10,13.4056519177745
"JPH1",-1.28886703307554,7.48495470383275,-6.60182470930814,9.268290843519e-11,3.29428689434635e-10,13.3902323586623
"HMGA2",2.90008849432289,4.60017543554007,6.59942169618735,9.40896683432275e-11,3.34255215623198e-10,13.3755051340799
"NRXN3",-1.41029959519501,6.52516829268293,-6.59926510678112,9.41820610213036e-11,3.34482208326762e-10,13.3745456122493
"C20orf70",2.40567446437389,3.0327606271777,6.59767900381798,9.51229385692995e-11,3.37750593017592e-10,13.3648276628596
"SCGB3A2",-3.13573897975978,10.1542959930313,-6.59077281411021,9.93282289757911e-11,3.52255750712211e-10,13.32253726706
"LTBP2",-1.02860243870332,11.9647402439024,-6.59024819246846,9.96550250728097e-11,3.53353655396336e-10,13.3193262746026
"IL17REL",1.5409329438868,2.43661724738676,6.58610622961194,1.022724000226e-10,3.62383909641695e-10,13.2939827383231
"CTSW",-1.30327830508476,7.39178066202091,-6.58167330844932,1.05148286735972e-10,3.72124517615844e-10,13.266874069785
"TWIST1",1.71669373704132,4.41471881533101,6.58132562619606,1.05377170777307e-10,3.72870271640489e-10,13.2647485495969
"SPOCK1",1.89366739509628,6.53502891986062,6.57966386242453,1.06477895029237e-10,3.76440706896891e-10,13.2545908577347
"TSHR",1.26166347210796,2.43501080139373,6.5741264432971,1.10227747371339e-10,3.8936263825423e-10,13.2207587567774
"PRKCB",-1.05784508474577,8.14609320557492,-6.57137083192041,1.12141731059632e-10,3.95919129605201e-10,13.2039318545948
"TDRD5",2.37211789369758,3.94072613240418,6.57063082948185,1.1266124323677e-10,3.97616524609059e-10,13.199414126572
"SPEF2",-1.16303168339642,6.71699982578398,-6.56980413943104,1.13244403287189e-10,3.99537308727614e-10,13.1943676862869
"ZNF474",-1.39696091821623,3.58443083623693,-6.56593166730435,1.16015728516059e-10,4.09103900109017e-10,13.1707358646372
"TNIK",-1.23395207174594,8.02456916376307,-6.56363441136091,1.17691049710039e-10,4.1486903340438e-10,13.1567224852667
"NNAT",-1.06215902583512,3.49319895470383,-6.56218659870539,1.18759052393146e-10,4.18418284817452e-10,13.1478929196237
"SPON1",-1.1938740266579,9.55100226480836,-6.56053656154985,1.19987812435178e-10,4.22602468569945e-10,13.1378321188433
"GALNT6",1.27720955405629,9.66740470383276,6.5603567903537,1.20122435880125e-10,4.22931505508312e-10,13.1367361281745
"ZNF280B",1.35920488069773,5.55534651567944,6.55548015681732,1.23831352982204e-10,4.35691118547497e-10,13.1070151630872
"HOXC9",1.95394467335858,3.42002909407665,6.55480412977171,1.243542816081e-10,4.37456031770783e-10,13.1028965718481
"INHA",2.57111777192695,3.86606114982578,6.5525534154781,1.26110925018493e-10,4.43423604517671e-10,13.0891870728542
"VNN2",-1.29626387691296,6.41503850174216,-6.55254764280356,1.26115461606365e-10,4.43423604517671e-10,13.0891519156795
"FCRL6",-1.22867639624816,4.71470087108013,-6.55212119727672,1.26451036188486e-10,4.44451253715051e-10,13.0865548188833
"HOXA7",-1.15333938456476,5.08122299651568,-6.5484287104421,1.29393520810724e-10,4.54482289519959e-10,13.0640732779664
"HGF",-1.27505206845484,6.28637508710801,-6.54554655248043,1.3173679494487e-10,4.62238318273489e-10,13.0465329655723
"LDLRAD1",-2.00226997531678,3.59884843205575,-6.54235857346422,1.34377157718673e-10,4.7126119712408e-10,13.0271392193965
"GPR37",1.69964996873459,5.9083743902439,6.54022468933731,1.36173391875512e-10,4.77153052603559e-10,13.0141624952823
"BMP6",-1.6376002929077,7.05688379790941,-6.53964342434041,1.36666745356204e-10,4.7880004815066e-10,13.0106282977192
"TACR1",-1.43621047556361,4.44295801393728,-6.53927135997074,1.36983456956691e-10,4.7974588388278e-10,13.0083662201812
"TRIM15",2.15671211782132,2.25428170731707,6.53717249791595,1.38783584077204e-10,4.85801701808183e-10,12.9956076306092
"MGC16703",-1.14447818002305,2.39534965156794,-6.53660755696107,1.39272061994805e-10,4.87428474727814e-10,12.9921740625141
"CRABP1",2.36863106137899,2.90560278745645,6.53583821902917,1.39939982469594e-10,4.89663873557272e-10,12.9874986321606
"C4BPA",-2.31260458779005,10.8693919860627,-6.53262167364025,1.42766664864055e-10,4.99148438293435e-10,12.9679561327625
"CADM3",-1.5698211058088,5.6353012195122,-6.53203923624021,1.43284456179533e-10,5.0084607838964e-10,12.9644183516252
"SEZ6L2",1.30249618890901,10.3304057491289,6.53202064265509,1.43301016291317e-10,5.0084607838964e-10,12.9643054168633
"TCF15",-1.00329418463058,2.40848780487805,-6.53071962607638,1.44464416394152e-10,5.04740379266838e-10,12.9564039166069
"AR",-1.53838206680929,4.02185278745644,-6.53027244160239,1.44866432598731e-10,5.06058849966302e-10,12.9536883316624
"C12orf42",1.02149148263947,1.56554581881533,6.52250211305087,1.5202947786713e-10,5.30629918499182e-10,12.9065275866315
"CD274",-1.33191477702814,6.1847012195122,-6.51843928866027,1.55911772186474e-10,5.43441202544704e-10,12.8818881920071
"PNCK",1.83893766332073,2.76645522648083,6.51462276192535,1.59647100654775e-10,5.56083301059132e-10,12.8587545431179
"CDKN2A",2.06589767648513,6.93821202090592,6.5142225441921,1.60043845786125e-10,5.57314331405672e-10,12.8563293235718
"RNASE1",-1.29863277274972,13.0440080139373,-6.51380517450922,1.60458622966655e-10,5.58625662117251e-10,12.8538003042641
"GLB1L2",1.25551541879218,9.16301672473867,6.51175896714332,1.62507406813488e-10,5.6537486220656e-10,12.8414034896252
"FOXA1",1.09198583511602,10.218787456446,6.51117165168876,1.63100180534646e-10,5.67341021073582e-10,12.8378458970474
"FBXO15",-1.38676144479185,4.1371649825784,-6.5103419007093,1.6394125475585e-10,5.70073502733335e-10,12.8328202518744
"KLK6",2.78970698370908,3.24439738675958,6.5060573574961,1.68352343708615e-10,5.85114883415926e-10,12.8068783674766
"PRSS33",-1.15202990291263,0.889484320557492,-6.50504403345537,1.69412478713036e-10,5.88500539421086e-10,12.8007450855254
"MXRA5",1.23742575942078,10.8250067944251,6.50033266545683,1.74428002699326e-10,6.05718351728208e-10,12.7722397060408
"PCDHB7",-1.00707788053316,5.66153031358886,-6.49921616017674,1.75637742838832e-10,6.09713030179442e-10,12.7654870794251
"IL17RD",1.07922212934015,6.74852891986062,6.49825954833209,1.76680772254813e-10,6.1312647978217e-10,12.759702284362
"TXNDC6",-1.31958264275137,3.39792508710801,-6.49811286752116,1.76841239388424e-10,6.13579625594786e-10,12.7588153454004
"PLEK",-1.03886901431628,9.42527979094075,-6.49590019395267,1.79279270419948e-10,6.21828589579578e-10,12.7454380050324
"HOXA2",-1.15113196643081,3.75917979094077,-6.49531728165552,1.79927011871751e-10,6.23969857048487e-10,12.7419144987284
"SPTBN5",1.34203997696233,5.8300256097561,6.48976258545803,1.86215620121999e-10,6.44471793847714e-10,12.7083519355471
"ZNF521",-1.00860203060722,7.17357299651568,-6.47907236276845,1.98929975916346e-10,6.87547543024005e-10,12.6438292422011
"TRIM54",2.03151902912624,3.2083043554007,6.47813880711687,2.00079831964262e-10,6.91106556955538e-10,12.6381989637976
"EPHX2",-1.06064060227087,7.7129918118467,-6.47392120998739,2.05356285750094e-10,7.09161403944396e-10,12.6127713457063
"MCOLN3",-1.57657037024849,5.8467287456446,-6.47365612596982,2.05692435246406e-10,7.10202774236244e-10,12.6111736489699
"KCNH6",-1.48823989797599,1.67755452961673,-6.46961214357054,2.10887877318094e-10,7.27407278451021e-10,12.5868070315761
"ELOVL2",1.31219353957546,4.36881480836237,6.46374169125183,2.18659268581505e-10,7.53453303789576e-10,12.5514585983655
"TEX19",1.46829481652132,1.52323693379791,6.46157703695043,2.2159507815033e-10,7.63057187927924e-10,12.5384313095391
"GAS2L2",-1.9562340332401,4.31624059233449,-6.45530900958529,2.30315526581562e-10,7.92686967429919e-10,12.5007304267331
"DLX5",1.52751431298339,3.28362195121951,6.45205746662428,2.34970760992075e-10,8.07896453385914e-10,12.481185525605
"SLAMF9",1.42691352311997,3.4425362369338,6.45056601122267,2.37136785308004e-10,8.15207334623799e-10,12.4722232908872
"LOC286467",1.53244797103835,2.5921756097561,6.44623944905343,2.43531437937057e-10,8.36489948276355e-10,12.4462348818414
"C21orf128",-1.57282700345567,2.63921445993031,-6.4448249042157,2.45658532764068e-10,8.4365501466148e-10,12.4377413892436
"LPPR4",-1.13084101036697,5.75581898954704,-6.44383332214434,2.47160441167108e-10,8.48670991329776e-10,12.431788494865
"SPINK2",1.57676903406287,2.84971898954704,6.44242217361491,2.49313364225629e-10,8.55777189023937e-10,12.4233181276786
"ADAMTS18",1.41493861115683,2.87886846689896,6.44223545781567,2.49599599870025e-10,8.5661648032959e-10,12.422197493107
"TNFRSF17",1.62508230047723,5.33001202090592,6.44070691653979,2.51954988488171e-10,8.6426665224096e-10,12.4130245198401
"C10orf114",-1.02425561296693,4.2731724738676,-6.44024698987248,2.52667957388763e-10,8.66567518408171e-10,12.410264808967
"FOXC2",-1.08401623169328,2.52525958188153,-6.43599009754188,2.59361365555606e-10,8.88929688623804e-10,12.3847301469582
"PCDHGA2",-1.3563408293566,4.97527229965157,-6.43521936690455,2.60591665672275e-10,8.9269929855695e-10,12.3801085358691
"DLGAP2",-1.10406076682575,1.9000668989547,-6.43514766517102,2.6070641166917e-10,8.92943381976654e-10,12.3796786077558
"TMEM231",-1.00016225769295,7.77343170731707,-6.43468466525796,2.61448553597657e-10,8.95335914155114e-10,12.3769025308493
"TSPAN19",-2.15299636662829,2.24802160278746,-6.43014090659476,2.68842381375447e-10,9.19735725652047e-10,12.3496680140323
"RERGL",-1.85344118479515,2.52908118466899,-6.42976091430135,2.69469919672962e-10,9.21421960507314e-10,12.3473911588954
"EDA",-1.34137384235644,6.17681951219512,-6.4275466161214,2.73155354539445e-10,9.33557421124488e-10,12.3341257417333
"CXCL14",2.4443769030772,8.98296968641116,6.42677983460515,2.74443039115738e-10,9.37646129646546e-10,12.3295330286208
"PLEKHA6",1.2580562020734,9.59365905923345,6.42454148819352,2.78236071304676e-10,9.50130828989522e-10,12.3161289451102
"SPAG6",-2.49882091821625,5.19982822299652,-6.41991098071051,2.86246430285837e-10,9.76510337947529e-10,12.2884125018205
"MEF2B",1.26487202896167,5.14301498257839,6.41912954617884,2.87620327920311e-10,9.81034280146866e-10,12.2837368397706
"SLC47A1",-1.44418417311175,7.47310052264808,-6.41669520904239,2.91941830295985e-10,9.94947837977517e-10,12.2691743015595
"GABRD",1.19163200592399,4.59253362369338,6.41427893160222,2.96294116798634e-10,1.00927795219445e-09,12.2547245272019
"RGS2",-1.02739561625803,9.84057386759583,-6.4128866218062,2.98830777331946e-10,1.01774981065442e-09,12.2464004033449
"SEZ6",-1.18573746585488,1.03558554006969,-6.4124532813931,2.9962461345329e-10,1.02011497747861e-09,12.2438099347498
"BASP1",1.20342676320554,9.95151602787456,6.4102026660367,3.03780837954823e-10,1.03409394846833e-09,12.2303584036157
"PRRT4",-1.22995438209644,2.13134407665505,-6.41016796962704,3.03845351765635e-10,1.03414208749146e-09,12.2301510612935
"LILRB1",-1.00705351324667,7.55631149825784,-6.40879396186083,3.06410965824531e-10,1.04270133074385e-09,12.2219409076062
"EN2",1.80689619878231,2.31710383275261,6.39793853554546,3.27440331562125e-10,1.11223527580583e-09,12.1571297182809
"PGLYRP3",1.5919513180846,1.51020174216028,6.39471348033542,3.33955758682005e-10,1.13380382433299e-09,12.1378932020426
"PAQR6",1.25933427019912,5.06154982578397,6.39467127368433,3.34041862550362e-10,1.13390863726173e-09,12.1376415073546
"PIP5KL1",1.14890849103177,6.06401341463414,6.38973496396521,3.44263546978619e-10,1.16764094159442e-09,12.1082143009805
"TNFSF12-TNFSF13",-1.26343413197302,7.99308867595819,-6.38658573464075,3.50944014889974e-10,1.1897094824457e-09,12.0894508460109
"SPP2",1.78587378311669,1.62102700348432,6.38550631166019,3.53262869232049e-10,1.19737274316229e-09,12.0830213700722
"LRRC4C",-1.04755786736878,3.89863658536585,-6.38252187134326,3.59752486797608e-10,1.2179615029609e-09,12.0652497504116
"PRSS22",1.20805840052658,8.23144616724739,6.38065858593846,3.63863190662165e-10,1.23126937601685e-09,12.054157988979
"GRIN2D",1.58512509461907,5.8353331010453,6.37986667291827,3.65624166978421e-10,1.23661682834711e-09,12.0494447410881
"UCHL1",2.10238860951129,8.32011655052264,6.37680754083343,3.72505450138255e-10,1.25947577261831e-09,12.031242395055
"LRRIQ1",-1.75650749382921,4.59139198606272,-6.3690072264763,3.90630484770474e-10,1.31923735027765e-09,11.984863490091
"PDE7B",-1.07961038012178,5.88906341463415,-6.36708338866238,3.9523181527114e-10,1.3343379653867e-09,11.973432355428
"SPINK13",1.80610670067469,1.90910226480836,6.3664427922314,3.96775699384885e-10,1.33933000795325e-09,11.969626699413
"FOXD3",1.38994057594209,1.56980940766551,6.36307699860604,4.04984995129049e-10,1.36591784951526e-09,11.9496366471406
"KCND2",1.4748902320224,4.8962256097561,6.36175704052246,4.08249600911707e-10,1.37670241568944e-09,11.941799683114
"WBSCR17",-1.47907355273985,5.77093292682927,-6.36021955472992,4.12084690721503e-10,1.38895069783491e-09,11.9326729744035
"KRT6A",3.25265468816854,5.97501411149826,6.35381762396805,4.28436205670454e-10,1.44287980682651e-09,11.8946908930978
"MTNR1A",1.14261902583513,1.23899076655052,6.35231485998684,4.32365563833006e-10,1.45563545842762e-09,11.8857799406689
"ABCC11",1.09622663156164,1.62368048780488,6.35060043158698,4.36891450653399e-10,1.47014939877303e-09,11.8756161145135
"TSNAXIP1",-1.42427822609842,3.76997055749129,-6.35053740515913,4.37058713437336e-10,1.47047122039798e-09,11.8752425137033
"PLIN5",-1.3325896824091,5.87003466898955,-6.34774115336055,4.44542951770077e-10,1.4949167567305e-09,11.858670453618
"LOC440356",1.50989108770777,1.75288135888502,6.3473274999484,4.45660701596684e-10,1.49843010215852e-09,11.8562194638188
"PRDM16",-1.7742677768636,7.3434606271777,-6.34506134551436,4.51833149162094e-10,1.51843747786836e-09,11.8427944487113
"SLC2A12",-1.10243046898142,7.04319233449477,-6.34396507371775,4.54849071462413e-10,1.52782255188536e-09,11.8363014756532
"CCL2",-1.08897129175581,9.53842909407665,-6.34019786927883,4.65363840848605e-10,1.56109798245455e-09,11.8139965922007
"CD74",-1.03432680269871,16.0652263066202,-6.33943949906629,4.67509132637208e-10,1.56778217788989e-09,11.809507821395
"DNAH7",-1.4892145762712,4.94223257839722,-6.33590845159938,4.77625929549104e-10,1.60040155600508e-09,11.7886137978741
"BCMO1",1.71565006088532,4.42180783972125,6.33463357459993,4.81330958294653e-10,1.61255296569668e-09,11.7810725409599
"TMEM59L",2.43845481652133,6.01967665505226,6.33296958521376,4.86209153115363e-10,1.62836442307641e-09,11.7712315580767
"NACAD",-1.13723224946521,5.87045418118467,-6.32755796111208,5.02410879899378e-10,1.68180260302205e-09,11.7392422601432
"COL9A3",1.43904905380945,4.11974303135888,6.32456347746289,5.11601793112895e-10,1.71173155355406e-09,11.7215514239828
"FAM65B",-1.12724411716308,7.87604616724739,-6.32264785780678,5.17567437723615e-10,1.72971829667358e-09,11.7102381272364
"PCDHAC2",-1.51919278920521,6.54241202090592,-6.319429580605,5.27743409040033e-10,1.7625788494537e-09,11.6912382819537
"CHRM3",-1.60511834128684,3.54867108013937,-6.31929146318324,5.28184479773798e-10,1.7637650243585e-09,11.6904230619481
"NR0B2",-2.25598728319897,4.64595923344947,-6.31738033444612,5.34324718329283e-10,1.78397893434708e-09,11.6791444648408
"PNOC",1.42009052163898,4.28931794425087,6.31521302169324,5.41372577371516e-10,1.80662857825703e-09,11.6663575775469
"RSPH1",-1.6705217936482,6.31304790940767,-6.31402635005887,5.45269950583372e-10,1.81874769869645e-09,11.6593579724796
"ACMSD",1.90157627776866,2.07930452961672,6.31091155863132,5.55630883374362e-10,1.85150171005935e-09,11.6409907582258
"CLC",-1.50295204212606,1.4288512195122,-6.30987702799792,5.59114531860266e-10,1.86220333210436e-09,11.6348921108654
"CKMT1A",2.03290325818661,5.64198867595819,6.30211221978686,5.85952445732339e-10,1.94906087344215e-09,11.589145658048
"CKMT1B",1.98873928254074,7.1991862369338,6.29994833766418,5.93653473838174e-10,1.97403722350141e-09,11.5764058543591
"OLFM1",-1.42556557182822,7.20552909407665,-6.29976581520185,5.94307561630876e-10,1.97589218466103e-09,11.5753314318677
"HOXC10",2.88164812242885,3.46063728222996,6.29743762897474,6.02712959765734e-10,2.00221635339653e-09,11.5616288888111
"BCAN",1.50794894191214,3.30729477351916,6.29557819750261,6.09509452115904e-10,2.02446676135569e-09,11.5506883683577
"SCGB3A1",-2.95611602106305,9.5066949477352,-6.29527615982908,6.10620499105483e-10,2.02782899492649e-09,11.5489115049516
"CCL7",1.64595917393453,3.22235487804878,6.29366678689749,6.16574071084344e-10,2.04627637881694e-09,11.539444944027
"KCNB1",-1.33484902418958,1.9288787456446,-6.2934513853685,6.1737520467443e-10,2.04827293987816e-09,11.5381780813846
"SLCO1B3",2.75380856014483,3.04045836236934,6.29283771871985,6.19663175546089e-10,2.05519951437176e-09,11.5345690690163
"LILRB2",-1.00595525752839,7.67547822299652,-6.29137220859246,6.25160735375504e-10,2.07309802895479e-09,11.5259515505621
"WDR69",-1.85209683067303,4.3466212543554,-6.29072912878136,6.27588151884987e-10,2.08047549785222e-09,11.5221706528687
"C14orf184",1.30307186440679,1.92752055749129,6.28761995191917,6.39454937023745e-10,2.11912992043543e-09,11.5038954286358
"LCN2",1.93154294882345,10.3084994773519,6.28569736027958,6.469024159492e-10,2.14242726237088e-09,11.492598690627
"SEMA3E",-2.01178957380289,6.47933275261324,-6.28437652310634,6.52067996774558e-10,2.15883824766678e-09,11.4848394765254
"C1orf110",-1.85583892381111,2.20582142857143,-6.28428809081112,6.52415278628711e-10,2.15963974044622e-09,11.4843200346568
"SYT16",1.21824659206846,1.42168205574913,6.27407556351869,6.93761638527761e-10,2.29207055664225e-09,11.4243755569748
"TNFRSF11A",1.00556769458615,6.1681181184669,6.27168990413026,7.03783426813573e-10,2.32405883102504e-09,11.4103846869861
"BMP5",-1.6976677702814,6.43154982578397,-6.27028233577694,7.0976267765861e-10,2.34229670026222e-09,11.4021320762109
"TAF7L",1.39049465196644,1.64066585365854,6.26856975632808,7.17104621868304e-10,2.36576536830408e-09,11.3920933536839
"UPK3A",1.71903749218366,3.0995487804878,6.26433672179382,7.35572107382555e-10,2.42591090193797e-09,11.3672905915848
"PCDHGA3",-1.17272128681916,3.69620958188154,-6.25932639859342,7.58032334396979e-10,2.49757724685764e-09,11.3379523063806
"TOX3",2.00395726509793,7.902068815331,6.25818992094306,7.6321949428387e-10,2.51426447651602e-09,11.3313004319637
"FAM95B1",-1.40960399868357,4.2521381533101,-6.24924810423973,8.05261267617317e-10,2.64724000387246e-09,11.2790001624662
"HPR",-1.56852078328124,2.26754076655052,-6.24825913082146,8.10047942266642e-10,2.66254951244543e-09,11.273219707974
"HMSD",-1.1744879085075,2.17343641114983,-6.24817068434949,8.10477380054733e-10,2.6635345946092e-09,11.2727027857217
"NCF1C",-1.18321678788877,5.76310644599303,-6.24734388730966,8.14502544733401e-10,2.6759061039169e-09,11.2678709085554
"NLRP3",-1.01643830837585,6.48445574912892,-6.24613516044981,8.20422292293537e-10,2.69492314572581e-09,11.2608080023678
"FCRLA",1.65226409083431,5.3723574912892,6.24518832186553,8.25088808195551e-10,2.70895142047892e-09,11.2552762102381
"CD27",1.19498363008065,7.66558989547039,6.24450294804372,8.28482873125833e-10,2.71922516151452e-09,11.2512724513467
"ENTPD2",1.53324718117494,5.18106724738675,6.24334577863302,8.34244344930975e-10,2.73682269118455e-09,11.244513466718
"SLC22A3",-1.65883001151886,8.81319216027875,-6.24196835362659,8.41153545280684e-10,2.75904813622183e-09,11.2364694015868
"ARHGEF4",-1.51426158301795,6.67335331010453,-6.23981251048274,8.52079781767128e-10,2.79354805488329e-09,11.2238825375078
"RNF128",-1.72822375514235,8.23508885017422,-6.23574157702416,8.73091822627312e-10,2.85741672541666e-09,11.2001247871651
"CCDC135",-1.8824464176403,3.43490139372823,-6.23516985963055,8.76083011920881e-10,2.86629230832441e-09,11.1967893583999
"TMEM213",-2.0847722823762,4.53289581881533,-6.23073166273447,8.99646700087027e-10,2.94151087000902e-09,11.1709057663941
"C9orf173",1.37125822609841,2.13225923344948,6.22911812885551,9.0836610989518e-10,2.96860175678893e-09,11.1614996138152
"SLC16A14",1.64417784104,8.0201074912892,6.22829337099494,9.12854894596021e-10,2.98279659176449e-09,11.1566924800629
"KRT81",2.10182638802042,4.9590968641115,6.22815697677257,9.13599313775408e-10,2.98386177075508e-09,11.1558975544923
"TBX21",-1.21169172288959,5.04886515679442,-6.22812713806679,9.13762248063185e-10,2.98386177075508e-09,11.1557236521561
"UCA1",2.14437873950964,3.05960418118467,6.22642306541377,9.2311463352297e-10,3.01296397873236e-09,11.1457933887921
"TEKT2",-1.96072327135101,4.62004668989547,-6.22557201991033,9.27820366480433e-10,3.02739045195297e-09,11.14083491918
"CLCF1",1.00319426690803,8.09665644599303,6.22420223266577,9.35443706121151e-10,3.04932665713992e-09,11.1328553330503
"FAM171A1",-1.0101352476551,8.07407195121952,-6.22415889190275,9.35685909275025e-10,3.04963196021849e-09,11.1326028799178
"NRK",2.03799267401681,5.41741428571428,6.22264418027826,9.44189265945401e-10,3.07636972383099e-09,11.1237808869047
"C4orf7",2.30771555372718,4.01289947735192,6.22037662090849,9.57060385851915e-10,3.11774675876075e-09,11.1105776573202
"IGF2BP1",2.69083753825904,3.33029895470383,6.21487092102789,9.890299713912e-10,3.21940467935014e-09,11.0785373218627
"APOBEC3A",-1.25592145137405,4.95779355400697,-6.2122779961953,1.00444550363877e-09,3.26751167639104e-09,11.0634564188327
"FOLR1",-1.91952154352478,10.657125261324,-6.21153531484165,1.00890402484631e-09,3.28097570570169e-09,11.0591378672957
"WSCD2",-1.18382344577918,3.10187909407665,-6.2095175003135,1.02111544475589e-09,3.32014449975728e-09,11.0474069350305
"SLC6A20",-2.13102156985356,5.74971393728223,-6.2094477689218,1.02154001834276e-09,3.32049027494884e-09,11.0470015984044
"STK32A",1.56690619055456,5.87727839721255,6.20663473024426,1.03881243489625e-09,3.37449672285127e-09,11.0306532028944
"RIMKLA",-1.39678901760739,7.5446681184669,-6.20552713810675,1.04569124707574e-09,3.39630458827162e-09,11.0242180412144
"SPRR1B",2.62157965443479,3.08987177700348,6.20112686833681,1.07346213223641e-09,3.48539895220838e-09,10.9986621830927
"KCNA6",-1.11692446272833,2.62796271777004,-6.20056564726779,1.07705553277091e-09,3.49596048818763e-09,10.9954038661113
"HRC",-1.10943493170974,3.92478919860627,-6.2005314913636,1.07727460626141e-09,3.49611882177471e-09,10.9952055733182
"QPCT",1.62478739509628,8.57588641114984,6.20023481512333,1.07917929943116e-09,3.50174664411596e-09,10.9934832535565
"EFNA5",1.04877285831826,8.97542979094077,6.19220313091425,1.13201299896413e-09,3.6685440992476e-09,10.9468836076293
"MYBPC2",1.54389628435085,3.44865226480837,6.19142141054569,1.1372883025589e-09,3.6838953694437e-09,10.9423509039701
"GLB1L3",2.93276895178544,4.34220522648083,6.18915312861234,1.15273180436266e-09,3.73097650064094e-09,10.9292013990754
"HGFAC",1.33744066809282,1.79108379790941,6.1883818681859,1.15802945200743e-09,3.74753225878191e-09,10.9247312688256
"TMEM132E",1.27784428830016,3.27840470383275,6.16487956105617,1.33137975991259e-09,4.29565086767335e-09,10.7887484950015
"PRPH",-1.09317287148265,1.71290853658537,-6.16442737216418,1.33495213060834e-09,4.30650019506429e-09,10.7861365999978
"C12orf56",2.12651793977294,2.26890975609756,6.16403176281963,1.33808519477859e-09,4.31592915142255e-09,10.7838516524996
"PTHLH",1.66484079644563,5.44640418118467,6.16184511358439,1.35553262746757e-09,4.36945907393769e-09,10.771224391081
"DLL1",-1.08606827381933,6.78493710801394,-6.15930884046928,1.37604833256838e-09,4.43489360559324e-09,10.7565830667297
"PAH",2.33349128517363,2.64830714285715,6.15489539654071,1.41247407447256e-09,4.5508620133273e-09,10.7311178472944
"AZU1",-1.52880217212442,2.09474459930314,-6.15162549115299,1.44006779517005e-09,4.63669593082541e-09,10.7122610626744
"SFTPB",-2.40598159289125,16.1600468641115,-6.15160480433243,1.44024403072936e-09,4.63669593082541e-09,10.7121417945221
"GRIK2",1.71619067302947,3.61732508710801,6.14945378654341,1.45868451669166e-09,4.69532661142674e-09,10.6997421966995
"RCAN2",-1.07010880697714,8.40277648083624,-6.14438380371148,1.50306660615285e-09,4.83591246267326e-09,10.6705311773988
"HIST1H2BC",1.22338642751359,6.45432578397213,6.143866077573,1.5076722918051e-09,4.84857214817746e-09,10.6675494539714
"PHYHD1",-1.52508294224125,7.67334425087108,-6.14304309236177,1.51502195665702e-09,4.86977651308908e-09,10.6628101148906
"MYH15",-1.32518771433274,3.33532665505226,-6.14301734815909,1.51525242891442e-09,4.86977651308908e-09,10.6626618702803
"CLEC4F",-1.36284440019748,2.85396602787456,-6.14211219381269,1.52337754140068e-09,4.8951230122016e-09,10.657450003852
"GPR126",-1.03331142010861,9.40019494773519,-6.13917387217124,1.55004786840511e-09,4.97848603541254e-09,10.6405358256556
"CCDC11",-1.40147129504691,4.78356881533101,-6.13482278865768,1.59038136471731e-09,5.10323998400224e-09,10.6155022412407
"UNC93A",1.39617658054963,1.28363832752613,6.13368111205449,1.60113314348168e-09,5.13693755831831e-09,10.608936279412
"TUBB2A",1.07646073062368,9.47427508710802,6.12963113616234,1.63984981739166e-09,5.2586874025384e-09,10.5856528702742
"C9orf117",-1.59082145466514,4.07353571428571,-6.12756843748993,1.65991872585294e-09,5.31972079952559e-09,10.5737995475076
"SCNN1B",-1.5589480533158,9.68121428571429,-6.12349973984259,1.70021084696437e-09,5.4420531163359e-09,10.5504289818948
"KIAA1751",-1.57236938291922,2.83370470383275,-6.12344298776567,1.70077956273982e-09,5.44302485160537e-09,10.5501030946859
"GLRA3",1.52767862432122,2.0316456445993,6.12285908580591,1.7066416811571e-09,5.45923242663685e-09,10.5467503107572
"SIX2",2.01023752838573,5.16601202090592,6.11745637212418,1.76182732496462e-09,5.63225085355396e-09,10.5157410539343
"CXorf59",-1.14421714990951,1.19814825783972,-6.11321205945602,1.80639972453262e-09,5.77114633436893e-09,10.4913973617014
"C4orf49",-1.08358989633043,2.44095226480836,-6.11302967908861,1.80833950801658e-09,5.77644470197299e-09,10.4903516324471
"LRP2",-2.28125142998192,7.15098344947735,-6.10803544901838,1.86225571625416e-09,5.93942983605684e-09,10.4617264437182
"GPR37L1",1.10377338489387,2.48989390243903,6.10709576861526,1.87257430533623e-09,5.97141200505635e-09,10.4563428172152
"SOX11",2.03990895507654,3.46940139372822,6.10353029427799,1.91223707502983e-09,6.09410542539e-09,10.4359220768042
"B4GALNT1",1.5584519861774,5.02976097560975,6.10302063860492,1.91797316762264e-09,6.11143708385733e-09,10.4330039523117
"TUBB2B",2.15989099226594,5.50411010452962,6.09655185250354,1.9922551345734e-09,6.33927432002354e-09,10.3959843492961
"ROS1",-1.90538952443641,9.47131655052265,-6.09608531530321,1.99771977763314e-09,6.35567751972856e-09,10.393315780133
"HOXB13",2.49519896330429,2.64749668989547,6.09551843533235,2.00437946154826e-09,6.37390185030758e-09,10.390073496676
"SLC5A1",-2.37309547474085,5.55639337979094,-6.0950362350271,2.01006139658846e-09,6.39098040451619e-09,10.3873157489264
"HOTAIR",1.84809313806156,1.77400522648084,6.09425907576829,2.01925206435723e-09,6.4182141014482e-09,10.3828715069994
"MUC15",-1.87366589106469,7.62149634146342,-6.09025440331501,2.06726581182453e-09,6.56675957245206e-09,10.3599783836258
"OGDHL",2.03403696231694,3.57317195121951,6.08839242833019,2.08996787859474e-09,6.63681988361177e-09,10.3493387117874
"IL18RAP",-1.10678092150733,4.44120261324042,-6.0882114065613,2.09218792409055e-09,6.64284226439514e-09,10.3483044720682
"ACAN",1.44349087049533,5.23433675958188,6.08609351726773,2.118333385908e-09,6.72169774539279e-09,10.336206247332
"LEMD1",1.83055136086886,4.17153432055749,6.08561805803576,2.12424667284993e-09,6.73941959412906e-09,10.3334907435035
"WFDC2",1.35649124238934,12.1453728222997,6.0833236798873,2.15300922804167e-09,6.82651258276319e-09,10.320389415515
"PI15",1.44088851077836,6.00206968641115,6.08210911143485,2.16838879624133e-09,6.8730927878392e-09,10.3134557592979
"PRRX2",1.54922908672044,5.64411149825784,6.081653957146,2.17417981868698e-09,6.89038463686999e-09,10.310857714806
"CILP",1.74187425703474,7.27266533101045,6.08012788829333,2.19370674909522e-09,6.95012338872296e-09,10.3021480803418
"ANKRD34A",1.00416308375844,4.70637822299651,6.07638432355112,2.24233612163708e-09,7.09871404428823e-09,10.2807908076222
"MST1",1.10344657561297,6.03017526132404,6.07204295345116,2.3000502802126e-09,7.27693515992674e-09,10.2560374915936
"CCDC146",-1.11466670725688,6.85810365853658,-6.07162043760919,2.30574405909592e-09,7.2927015149036e-09,10.2536292509071
"BEND6",1.18214503867041,4.9218912891986,6.06894948797238,2.34205736064852e-09,7.40413267849001e-09,10.2384088759885
"ENKUR",-1.74480841862763,4.6790275261324,-6.06743263315577,2.36292802184989e-09,7.4689626310359e-09,10.2297677173482
"PRSS27",1.06319847293073,5.03716585365853,6.06688103141051,2.37056254645549e-09,7.49194105276036e-09,10.2266258450443
"ARNT2",-1.24543481323022,8.35689721254355,-6.06515602956391,2.39459347172849e-09,7.56323138070552e-09,10.2168020151626
"TREM1",-1.41589744610829,9.2973712543554,-6.05779825871866,2.49979322223069e-09,7.88337248116683e-09,10.1749273277787
"NAP1L6",-1.20079382919205,1.51867508710802,-6.05560489793444,2.53201732841013e-09,7.97894119129094e-09,10.1624530782742
"ZNF471",-1.04017096922825,5.79338623693379,-6.05560329631624,2.53204100639359e-09,7.97894119129094e-09,10.16244397088
"SYN3",-1.3455670923153,2.87011829268293,-6.05188282684757,2.58763128458289e-09,8.14911340274379e-09,10.1412937217347
"ST8SIA1",-1.06017762053646,5.8468156794425,-6.04908439009449,2.63022835503644e-09,8.2807219949238e-09,10.1253926089702
"PKIB",1.35701904229062,7.09315993031359,6.04545232801818,2.68653686036093e-09,8.45022242120573e-09,10.1047643671307
"NOX1",1.44494721079482,2.6660756097561,6.0449255270717,2.69480107766456e-09,8.47491821759398e-09,10.1017733142217
"AHNAK2",1.52651745598159,10.4119224738676,6.04258974176035,2.73174383690855e-09,8.58583909548875e-09,10.0885140327337
"TMEM92",1.03212821787067,8.23218414634146,6.04079558460053,2.7604555482612e-09,8.67076995192816e-09,10.0783324108619
"KIAA1211",1.02896400526577,6.82760958188154,6.04038967465063,2.76699203823385e-09,8.68864278754069e-09,10.0760292907311
"PVRL3",-1.28311273325655,6.86260905923345,-6.03978072063888,2.77682655831418e-09,8.71819073897999e-09,10.0725743604752
"NHLH2",-1.33107928912294,1.6010118466899,-6.03919722190766,2.78628199271451e-09,8.74520246299172e-09,10.0692641395691
"WFDC10B",1.4605295408919,2.984956271777,6.0385165916199,2.79735114129925e-09,8.77860271031392e-09,10.065403241539
"ANKLE1",1.08103308869509,3.91036898954704,6.03423152933702,2.86803202044615e-09,8.99491252364183e-09,10.0411048784722
"VGLL1",-2.02181561954915,4.22738641114983,-6.0267191650727,2.99617702788424e-09,9.38390760983423e-09,9.99854280669814
"KIF19",-1.75200633536286,4.67656777003484,-6.02160335029199,3.08662368598566e-09,9.65687050796795e-09,9.96958535365496
"RGS7BP",-1.3990953891723,3.936493728223,-6.02088148121609,3.09959889304795e-09,9.69598739513552e-09,9.96550104424536
"EDIL3",-1.36195664966267,8.00095574912892,-6.01884526080893,3.13648645254904e-09,9.80689413201825e-09,9.95398250596933
"PMCH",1.00978229718612,1.82347578397213,6.01839384638425,3.14472198800088e-09,9.83114700984591e-09,9.95142939921672
"LTA",1.04211084087544,4.02898135888502,6.0145483448287,3.21573991206921e-09,1.00439891061587e-08,9.9296868756028
"PTGER3",-1.38903923975647,4.78852979094076,-6.01293268067386,3.24604255382675e-09,1.01324697628194e-08,9.92055553850168
"CDH17",2.36193314464376,4.30759163763066,6.01024279634249,3.29711219101156e-09,1.02887541087502e-08,9.90535776749373
"SFRP1",-1.76605187098899,5.58932526132404,-6.0082106754225,3.33621289293558e-09,1.04091870352534e-08,9.89388031449212
"MAGED4B",1.43158669738359,7.7182968641115,6.00507541164546,3.3974289532503e-09,1.05953541561945e-08,9.87617900146817
"FHAD1",-1.33219570840877,5.73872543554007,-6.00392111827723,3.42024154766603e-09,1.06648783374216e-08,9.86966405409739
"CASC1",-1.45976074049697,4.31377926829268,-6.00272271120346,3.44408415418801e-09,1.0731074166866e-08,9.8629012924672
"EFCAB6",-1.17037638966596,4.58457108013937,-6.00184047011629,3.46174015793015e-09,1.0782813752436e-08,9.85792345562939
"MAMDC4",1.27306562119468,6.04666637630662,6.00025152072651,3.49376239017159e-09,1.08809074439051e-08,9.84895981094523
"KIAA1199",1.45410989962154,9.3130642857143,5.99931050608891,3.51286285938675e-09,1.09387341882618e-08,9.84365230800885
"DIO3",-1.31735734079316,3.05958606271777,-5.99859182895521,3.52751898660689e-09,1.09827062170214e-08,9.83959932543581
"SLC15A1",2.11585124238935,3.70428013937282,5.9981423686544,3.53671523677828e-09,1.10079993649269e-08,9.83706480982274
"PIK3CG",-1.02365495803851,7.0305012195122,-5.99721673419653,3.55572809802823e-09,1.1065499143932e-08,9.83184566606515
"CHIA",-2.33378868520654,5.73289721254355,-5.99113263018581,3.68320394595554e-09,1.14552608711509e-08,9.79755842401161
"KNDC1",-1.80938785255884,6.82477926829268,-5.98909709406582,3.72684057410359e-09,1.15839571516044e-08,9.78609391969711
"CSMD1",-1.69640685535628,2.76259808362369,-5.98548225921609,3.80558015561146e-09,1.18251189033908e-08,9.76574299053808
"FGL2",-1.01049631067962,9.54847003484321,-5.98278669633029,3.86535024200322e-09,1.19999456325913e-08,9.75057446617991
"WNT6",1.00500740826066,1.81783745644599,5.97684442932938,4.00036511837113e-09,1.23966031517222e-08,9.71715731555139
"GPR81",1.8298276353464,5.42899006968641,5.97255991819901,4.10055824742964e-09,1.26879368228682e-08,9.69308096152296
"MUC16",2.91924777686362,7.49212979094077,5.96729150822424,4.22712070429923e-09,1.30618284255363e-08,9.66349658112065
"ETNK2",1.07722814546652,7.64625853658537,5.96420814171703,4.30295190500281e-09,1.32821534520685e-08,9.64619284714762
"CXorf30",-1.51685776863586,2.03451550522648,-5.96269757807962,4.3405849923031e-09,1.3394289777842e-08,9.63771850371398
"KLK11",-2.50693873292745,7.12586515679442,-5.96136306435029,4.37409914592116e-09,1.34936522112339e-08,9.63023338649492
"FAM163A",1.14214185617905,2.0959287456446,5.95992338699326,4.41053743156525e-09,1.36040164468201e-08,9.62216007866425
"LOC84856",-1.0901001480994,4.420887456446,-5.95471233670163,4.54492216373725e-09,1.401009790113e-08,9.5929523627184
"KIRREL2",1.74999990784929,2.49034390243902,5.95377269826685,4.56957545203027e-09,1.40818649099642e-08,9.58768813019799
"SLC7A4",-1.71588034556527,4.31304825783972,-5.95351587918526,4.57633628542994e-09,1.41005829115829e-08,9.58624945406036
"SLC44A5",2.10376066809283,5.98943571428571,5.95307127167903,4.58806378102576e-09,1.41345962521697e-08,9.58375893456218
"PPP1R14C",-1.49402361691626,7.8093331010453,-5.94948888564732,4.68363308023936e-09,1.44246905396511e-08,9.56369778679983
"ICOS",-1.06072344907027,5.54064459930313,-5.94697868217034,4.75175357965993e-09,1.46235198606533e-08,9.54964715350557
"PCSK2",-2.92461209149254,4.32569965156795,-5.94556400141408,4.7905692758446e-09,1.47407654725854e-08,9.54173091599168
"REN",-1.26859298008887,2.54693466898955,-5.93889639431603,4.9777177207205e-09,1.52959953309971e-08,9.50444288142794
"TTLL6",-1.53092490044431,3.33529599303136,-5.93000590542741,5.23838898230046e-09,1.60729525940261e-08,9.45478109479815
"CHD5",-1.01830663485273,1.67624895470383,-5.92701175286097,5.32913969508915e-09,1.63416337475997e-08,9.43807072719166
"CIT",1.34272105644233,10.3678214285714,5.92564849237973,5.37096555149398e-09,1.64649727896329e-08,9.43046484170415
"BACE2",1.06116375185125,10.2186351916376,5.9248083063218,5.39690239562545e-09,1.65420134640475e-08,9.42577805692495
"EFNA2",1.12748538752675,1.04327369337979,5.92477120947242,5.39805040047613e-09,1.65430623558404e-08,9.42557113422504
"C1orf88",-1.41463568207999,7.6672101045296,-5.92282502790944,5.45861243910411e-09,1.67161863625906e-08,9.41471712516055
"HOXC8",1.63813189731777,3.11635418118467,5.91122039934773,5.83372868936407e-09,1.78356589713543e-08,9.35006266751193
"PLA2G2F",1.26705633371731,1.20408832752613,5.90625195587172,6.00191294870227e-09,1.83225684515773e-08,9.32241559623879
"TMED7-TICAM2",1.2763039657726,6.31724982578397,5.90547911923565,6.02849531199822e-09,1.84009825684394e-08,9.31811696958261
"NME5",-1.28822092808953,5.32964965156794,-5.90436346602591,6.06707175955498e-09,1.85077241045563e-08,9.31191242670509
"CYP39A1",-1.22832037189404,6.03424233449477,-5.90143480602441,6.16948642379214e-09,1.88117564652388e-08,9.29563004712407
"CYTL1",-1.19551095935495,4.10175731707317,-5.89867972634738,6.26736895779414e-09,1.91017049737995e-08,9.28031924406197
"SLC10A2",-1.58940452525919,1.22580191637631,-5.89638498508606,6.35005120377978e-09,1.93393489413439e-08,9.26757151064414
"FGB",3.75067713345403,5.16699355400697,5.89269912028869,6.48508865378265e-09,1.97359724373196e-08,9.24710500766417
"IGSF6",-1.00284649991773,7.6761555749129,-5.89166404015166,6.52351138609913e-09,1.98470196734759e-08,9.24135955566814
"CLEC10A",-1.21163042290605,6.97095574912891,-5.89005397247059,6.58371957650124e-09,2.00183298142136e-08,9.23242427851994
"PTK6",1.18609513904888,8.40951672473867,5.88971277141094,6.59654813708075e-09,2.00543659490993e-08,9.23053101717718
"CEACAM4",-1.27971691953267,4.09477108013937,-5.88071659212101,6.94372118061955e-09,2.10661439098743e-08,9.18064793464089
"CECR7",1.61046131973015,3.60214982578397,5.87871127358725,7.02350324832562e-09,2.12956020806565e-08,9.16953781296531
"DPCR1",-2.08738973506666,5.9734168989547,-5.87741670074519,7.07548214814264e-09,2.14395286642171e-08,9.16236723845716
"ABCC6",-1.1236563402995,8.33060923344948,-5.87408648139503,7.21092458503601e-09,2.18380707671912e-08,9.14392774901436
"FAM132A",1.35907995392464,2.52294459930314,5.85898998012591,7.85728345732642e-09,2.37290422740381e-08,9.06045430521134
"LOC729668",1.25631788053317,1.35429094076655,5.85800298170285,7.90145486629842e-09,2.38519141898407e-08,9.05500350367432
"PVALB",-1.16074738193189,2.39528153310105,-5.85716168155566,7.93929683837079e-09,2.39591009983467e-08,9.05035797889225
"C1orf192",-1.28128631561627,5.51649181184669,-5.85138058214737,8.20415317260913e-09,2.47438320308015e-08,9.01845167641946
"MYO1A",-1.46235599473426,2.59296602787457,-5.85010077341481,8.26394062046768e-09,2.49131719439356e-08,9.01139209816504
"PM20D1",-1.00684113213758,1.85176306620209,-5.84943114492212,8.29539196790514e-09,2.50043161211412e-08,9.00769889303533
"GRIP1",1.19523353299326,5.35981411149826,5.84425497758162,8.54247662929782e-09,2.57302002933516e-08,8.97916340753343
"PDIA2",2.01962252756296,2.89331202090592,5.84208041388861,8.64840639456145e-09,2.60454427578622e-08,8.96718202833945
"NPAS2",1.02288924140202,8.51319651567945,5.83780285133257,8.86052925825594e-09,2.66490866791671e-08,8.94362512341435
"FOXE1",2.18692784597666,3.32829163763066,5.83583826781611,8.95964357250774e-09,2.6939291526594e-08,8.9328111243765
"HLA-DQA1",-1.28537444791839,11.5912933797909,-5.83181918318515,9.16578674901238e-09,2.75402850985646e-08,8.91069824219456
"MDFI",1.05451976962318,8.31393344947734,5.82745309515602,9.39496693566744e-09,2.82027593492108e-08,8.88669148324723
"NCF1B",-1.03768277768636,5.34161358885017,-5.82671894536556,9.43404776227801e-09,2.83159357543227e-08,8.88265635793286
"AOAH",-1.07454439690637,7.2435137630662,-5.82519332149395,9.5157683381802e-09,2.85528681646945e-08,8.87427247805151
"TRIM63",-1.13625024518678,1.44198101045296,-5.82266641085893,9.65264325675497e-09,2.89466500235436e-08,8.86039043739227
"ITIH5L",1.28190659535957,1.5592799651568,5.82181068435769,9.6994287614873e-09,2.90744866595815e-08,8.85569056139715
"CPM",-1.11403370413034,11.5632088850174,-5.82180900747339,9.69952065910736e-09,2.90744866595815e-08,8.85568135210781
"IRX6",-1.96387369754816,4.58908449477352,-5.81960612259256,9.82098010698605e-09,2.9429969580561e-08,8.84358535176558
"SLC16A8",1.20939503044266,3.01583693379791,5.81842663553909,9.8866209108608e-09,2.96223478254484e-08,8.83711048126788
"GAS1",-1.1043295343097,7.02689355400697,-5.81364970507366,1.01568663682809e-08,3.04010010994033e-08,8.81089913361438
"FGF19",1.90062007898635,1.75281271777003,5.81259977333647,1.02172220840084e-08,3.05727400356643e-08,8.80514064915961
"ST8SIA2",1.37240674345895,2.04453885017422,5.81185608489387,1.0260184599402e-08,3.06968216009506e-08,8.80106235411171
"WDFY4",-1.11104209972026,8.57455400696864,-5.81065980096054,1.03296629407902e-08,3.09001865327734e-08,8.79450305426728
"BRDT",2.62366005594868,2.8219637630662,5.80409928185755,1.07189164186895e-08,3.20226068212596e-08,8.75855264822
"LOC80054",-1.06673626789535,5.52876846689895,-5.80164834196484,1.0867974228878e-08,3.2458468274493e-08,8.74513122056494
"NXPH1",1.24272394602601,1.29603327526132,5.79978361057105,1.09827318250212e-08,3.27868960837117e-08,8.73492326480967
"TOX",-1.05947709066975,7.6532425087108,-5.79938591292487,1.10073588887491e-08,3.28556379741233e-08,8.73274655651078
"PCDH20",-1.81537488892548,6.68666864111498,-5.79432078092823,1.13257582481886e-08,3.37667465633622e-08,8.70503530629931
"TFAP2D",1.87651217047887,1.75018449477352,5.78865828195494,1.1692335638292e-08,3.48293166938675e-08,8.67408135754431
"CNGB1",1.54933023531348,3.89369547038328,5.7857239820056,1.18868168974535e-08,3.53881019293389e-08,8.65805164606332
"ALOX15B",-1.66058468323187,9.3155331010453,-5.77993646649514,1.2279686539843e-08,3.65100600525673e-08,8.62645636688807
"DMRT2",-1.42796788217872,3.00776184668989,-5.77938359625483,1.23178718365736e-08,3.66129880997331e-08,8.62343960236105
"PLA2G4A",1.40284155010697,9.00476567944252,5.76515759424014,1.33411861878665e-08,3.95801376353901e-08,8.5459030110566
"EDN2",1.72937408260657,5.39613815331011,5.76410093256815,1.34204145619993e-08,3.98036854894316e-08,8.54015062762374
"ANPEP",-1.31355157479021,9.1765362369338,-5.7636119116736,1.34572362451721e-08,3.99071298733763e-08,8.53748875384618
"FCAR",-1.26250984367287,2.79582473867596,-5.75834347845147,1.38602257331286e-08,4.10665946458551e-08,8.50882398909066
"EYS",1.20881616916243,4.43566672473867,5.75816874201308,1.38737909788101e-08,4.11008555259698e-08,8.50787367387215
"C3orf30",1.08518749053812,1.17380993031359,5.75682764771742,1.39783349923578e-08,4.13986176273955e-08,8.50058090211874
"SH3TC2",-1.21518339970381,3.53128153310105,-5.75357888771206,1.42347805415373e-08,4.21277273342599e-08,8.48292065539176
"SERPINA4",2.18581825571831,2.17052491289199,5.7517312624285,1.4382663504216e-08,4.25347279950381e-08,8.47288093162196
"C16orf71",-1.18078745433603,4.67361149825784,-5.75090758082522,1.44490717691049e-08,4.27249666455026e-08,8.46840609252505
"KRT13",-1.87544187263454,3.47053850174216,-5.75068636877057,1.44669575159023e-08,4.27716932317792e-08,8.46720440456277
"RASSF9",-1.2642974395261,5.93385139372822,-5.74990822585315,1.45300445112155e-08,4.29520250273943e-08,8.46297763393314
"KCNQ5",1.53633319071912,5.29019198606272,5.74786560360774,1.46969251290711e-08,4.34328304159824e-08,8.45188480066716
"KLHDC7B",1.1326036860293,6.28810487804878,5.7442780401098,1.49945555974204e-08,4.42868977722688e-08,8.43241037978731
"ADRA1B",-1.19028243212112,4.55664163763066,-5.73965511494905,1.53867482449868e-08,4.53864858433304e-08,8.40733166330165
"SLC16A9",1.82308289287479,7.29600470383275,5.73482959372732,1.58067809692466e-08,4.659199042335e-08,8.38117308307321
"DLEC1",-1.60557326970546,5.27633240418118,-5.73468386094985,1.58196382787369e-08,4.66231946400327e-08,8.38038338791396
"TESC",1.96935885140696,8.73254024390245,5.7344070241161,1.58440903291422e-08,4.66885566897215e-08,8.37888331680263
"SLC4A11",1.46959766661182,6.67686010452962,5.73252348972295,1.60114362745104e-08,4.71613754254949e-08,8.36867888998971
"NEK10",-1.46530853052494,3.26033222996516,-5.72770781079054,1.64471579691258e-08,4.84100577929969e-08,8.34260256564937
"ICAM5",-1.37625312818826,6.67517961672474,-5.72423456325913,1.67685613136298e-08,4.929952223526e-08,8.32380747276222
"PDX1",1.9831596017772,1.80367160278746,5.72358760038005,1.6829101178932e-08,4.94562621247458e-08,8.32030762803872
"TNFRSF19",-1.04175957544842,8.96971515679443,-5.72267892511379,1.69144904064014e-08,4.97000841625046e-08,8.31539260566413
"ELF5",-1.83104935659045,6.54396463414634,-5.72214471120129,1.6964887836205e-08,4.98410342411691e-08,8.31250336864255
"SCNN1D",1.18886488398882,5.33099668989547,5.72204737354966,1.69740863475696e-08,4.98609232673636e-08,8.31197695459216
"MAP2",-1.21098413690967,8.90072543554008,-5.7199179924995,1.71765345896415e-08,5.04195389083987e-08,8.30046299665372
"C12orf36",1.97834830673031,2.14424128919861,5.7165784198607,1.74987837647619e-08,5.13214329557945e-08,8.28241300534327
"SDS",1.1909371532006,6.89115087108014,5.71645312700749,1.75109876509479e-08,5.1349889512064e-08,8.28173599540218
"TMPRSS2",-1.27120088859636,10.7099965156794,-5.71363132997777,1.7788044139843e-08,5.21548909155922e-08,8.26649214556303
"POU3F2",2.13134692446933,2.16114407665505,5.71205853187733,1.7944315898529e-08,5.25905503778445e-08,8.25799852398358
"CCNA1",-1.63094064505514,3.31655383275261,-5.71045365595866,1.81051524304763e-08,5.30165139634401e-08,8.24933382184336
"KCNJ12",-1.21368263287807,5.14018397212544,-5.70180530433546,1.89963234229234e-08,5.55231377950765e-08,8.20267888909406
"IGFBPL1",1.49787679117987,3.95119181184669,5.70166125682238,1.90115225355809e-08,5.55596523352991e-08,8.20190233567535
"MYCN",1.68624337337503,4.23070853658537,5.69016818866828,2.02631307374993e-08,5.91079957432312e-08,8.1400001771275
"HYDIN",-1.52115792989964,6.17047090592334,-5.68533125073589,2.08135378635002e-08,6.06446114586517e-08,8.11398156186722
"KCNK5",1.08568979759751,9.81859111498258,5.68358972207307,2.10152518488853e-08,6.11976057386688e-08,8.10461845523456
"ATHL1",1.33476107948002,10.3219491289199,5.68024738794675,2.14077241417989e-08,6.22874966880856e-08,8.08665599845615
"ENO3",1.54498543031102,5.92791759581881,5.67913906137675,2.15394370791665e-08,6.26618454350699e-08,8.08070168521099
"RORB",-1.3316360737206,3.09929703832753,-5.67752765358075,2.17323439261462e-08,6.3196178584105e-08,8.07204649714589
"BEND7",-1.11235895343098,7.35304878048781,-5.6773112698058,2.17583756447033e-08,6.32629162987902e-08,8.07088442443264
"VSNL1",-1.254754434754,4.61479146341463,-5.67329924611933,2.22465702387015e-08,6.46640361037155e-08,8.0493453218744
"NCRNA00173",1.05802759585323,2.69124512195122,5.67183856163367,2.24269443227323e-08,6.51698750100062e-08,8.04150681353669
"SLC5A8",-2.16750612144152,4.19516428571428,-5.67053232638559,2.25894510143624e-08,6.56142373125156e-08,8.03449865746813
"BTBD16",1.30062378147113,2.16761393728223,5.66943572478879,2.27267618835069e-08,6.60037376529065e-08,8.02861633229719
"LOC92973",-1.04555319071911,4.41894198606272,-5.66850182821261,2.28443398135016e-08,6.63358269266178e-08,8.02360758122201
"CLSTN2",-1.21028603587297,4.2643094076655,-5.66724363751503,2.30036829210987e-08,6.67890836331717e-08,8.01686071499767
"KCNE4",1.33771646536121,7.56473972125436,5.66631129324657,2.31224565228993e-08,6.71244389727266e-08,8.01186201659932
"ABCA4",2.1038138917229,6.18177160278747,5.66197897239306,2.36822364629069e-08,6.87203271496082e-08,7.98864422484735
"ADAMTS12",1.21849054467666,6.76270940766551,5.66060515849434,2.38624852738212e-08,6.92335814968272e-08,7.98128499033812
"THSD7A",-1.09812419614942,5.37352038327526,-5.657860366955,2.42266176693265e-08,7.02602713308764e-08,7.96658649526031
"ZNF662",-1.04105382590095,6.26787717770035,-5.65081389733963,2.51863582617806e-08,7.29303152488514e-08,7.9288814837808
"DLX6",1.72337991772257,1.99060418118467,5.64666463312059,2.57686947415922e-08,7.45429481534293e-08,7.90669880694552
"C14orf105",1.78040991936812,1.91711289198606,5.63751822932087,2.709900836262e-08,7.82589171029103e-08,7.85785203910701
"T",1.63893471778839,1.69579651567944,5.63481107125536,2.75054093758609e-08,7.94102171967972e-08,7.84340793024712
"GCKR",1.36469269376338,1.81940923344948,5.62486151373369,2.90506137380434e-08,8.36478401180968e-08,7.79037516068845
"HTR1D",1.63593805496135,4.43020278745645,5.61576088801854,3.0537697584802e-08,8.77574092127637e-08,7.7419408029669
"C20orf197",1.50410299489881,3.88403397212543,5.61563412390306,3.05589254847862e-08,8.77938343412624e-08,7.74126664867083
"FADS6",1.7668192002633,1.86034285714286,5.61523504014334,3.06258497590715e-08,8.79737925778283e-08,7.73914433865598
"SULT2B1",-1.28134775711701,7.33830278745645,-5.61497849991522,3.06689454759856e-08,8.80852616986547e-08,7.73778014023483
"INPP4B",1.05342841204543,7.4608949477352,5.61380762925677,3.0866387997615e-08,8.86027608488585e-08,7.73155453532892
"TTLL9",-1.1380220602271,3.62562351916376,-5.61011312936667,3.14975264803251e-08,9.03134383576919e-08,7.71191823176465
"HPGD",-1.64343337502059,10.0802604529617,-5.60797250535703,3.18689381011848e-08,9.13656331821428e-08,7.70054609146733
"HORMAD1",2.37314575283859,3.65402630662021,5.60632308364282,3.21580253047397e-08,9.21815497774792e-08,7.69178613232516
"APOBEC1",1.62599519170645,1.50380226480836,5.60530346727699,3.23380031010958e-08,9.26845181719246e-08,7.68637217818867
"FOXB1",1.26133417804839,1.35086620209059,5.60415440531609,3.2542004221488e-08,9.3243174691856e-08,7.68027195164891
"NCCRP1",1.87673585979925,4.80188519163763,5.60217866638353,3.28957010964704e-08,9.42171796192155e-08,7.66978561966891
"C1orf116",-1.32962657561298,11.7077932055749,-5.59830949313414,3.35992232420657e-08,9.61784792470175e-08,7.64925938794257
"HOXC6",1.56396882672373,4.51020905923345,5.59712621790247,3.38172817406825e-08,9.6789180835942e-08,7.64298456821811
"LRRC10B",-1.57401283198948,5.63056916376307,-5.5954350227177,3.4131332597693e-08,9.76063878298699e-08,7.63401835049624
"ALS2CR11",1.3727238242554,3.9787606271777,5.58438307850894,3.62546034986604e-08,1.03476575813638e-07,7.57548399858686
"LOC646851",1.15767774559816,6.49535418118467,5.58300138361507,3.65289183325464e-08,1.0421604966192e-07,7.56817343125991
"NELL2",-1.30772405134113,6.31084442508711,-5.58228736289084,3.66714663544981e-08,1.04608198451834e-07,7.56439617310433
"TKTL1",-1.5278583906533,1.80556933797909,-5.57907458520421,3.73195899637303e-08,1.06400029884053e-07,7.54740554047646
"CYP21A2",-1.14002483133126,4.82552491289199,-5.57907089038516,3.7320341704582e-08,1.06400029884053e-07,7.54738600563859
"SCUBE3",1.56231929570513,6.08232229965157,5.57869843097783,3.73961971863149e-08,1.06601489618862e-07,7.545416839063
"GPX2",2.91856964949813,7.16261289198606,5.57801754421956,3.7535255023674e-08,1.06955240328935e-07,7.5418173436147
"DKFZp434J0226",1.03530209313807,1.66932839721254,5.57615373567556,3.79184783009044e-08,1.08000327347054e-07,7.53196636903837
"FAM176A",-1.00159437551424,8.58929425087108,-5.57457907909817,3.82452106133575e-08,1.08900717599477e-07,7.52364597930917
"LOC100132354",1.00830824090835,1.15438205574913,5.56785371278845,3.96717649705202e-08,1.12790657089708e-07,7.48813327833458
"GPR88",1.02159536613462,2.74673902439024,5.56682357132898,3.98947936365835e-08,1.13377645813823e-07,7.48269710401244
"ADAMTSL5",1.15924765180189,5.56564407665504,5.56043338782732,4.13057688740725e-08,1.17225246749338e-07,7.44899553812728
"SERPINB2",-1.52979826559159,2.44242038327526,-5.55900400596457,4.1627958140992e-08,1.18106962497867e-07,7.44146179048009
"LHX9",-1.6231892776041,3.0372118466899,-5.55749150614383,4.19715427138055e-08,1.19065327057403e-07,7.43349185133641
"ZNF215",1.03773572815535,4.78766951219512,5.55722514071858,4.20323360116648e-08,1.1922131228509e-07,7.43208847176272
"LOC388242",1.03789064011849,5.26523222996516,5.54931456160906,4.38773218551348e-08,1.24282756303245e-07,7.39043811826847
"KLK7",-2.22992949481655,3.57766742160279,-5.54864688562116,4.40365977365384e-08,1.24716699066234e-07,7.38692514414212
"FAM5C",-1.12337533980584,2.96309355400697,-5.54785997199564,4.42250396716095e-08,1.25215841188546e-07,7.38278528893485
"TMEM90B",1.18196621688334,5.046556271777,5.54740567666536,4.43341862529301e-08,1.2550756257207e-07,7.38039553743347
"RTDR1",-1.37576445943724,2.63530958188153,-5.54155392829053,4.57637196345678e-08,1.29429558354825e-07,7.34962901423054
"KIF5A",1.37091987822941,2.40189634146341,5.54085429219224,4.59376044355954e-08,1.29885555579503e-07,7.3459525146658
"PCDP1",-1.67873591903902,7.00489843205575,-5.5335090912345,4.78023514130316e-08,1.34972118623235e-07,7.30737957450779
"HOXB7",1.29639485272339,6.82620104529616,5.52512979463217,5.00195177231108e-08,1.40941627622216e-07,7.26343226649739
"SLC6A17",1.41441582359718,2.92319094076655,5.52220426177624,5.08169033411995e-08,1.4310988005416e-07,7.2481026751743
"NUP210L",1.53482706927762,3.34971864111498,5.52004418877947,5.14135682258499e-08,1.44710797323375e-07,7.2367887236987
"PTPRN",1.84253184136911,3.13896132404182,5.51844292432803,5.18602648211377e-08,1.4590807685048e-07,7.22840424694766
"MYBPH",1.88246634194506,3.26934529616725,5.5179022583612,5.20119415949219e-08,1.46294719953932e-07,7.22557372723656
"ISG15",1.03087331907192,10.2463599303136,5.51754035829642,5.21137086792075e-08,1.46560882080018e-07,7.2236792303949
"HGD",2.15844285338163,6.29671759581881,5.51474815622375,5.29054139011594e-08,1.48726297054745e-07,7.20906619366809
"NRIP3",1.15201487246998,6.61574965156794,5.5112483623608,5.39142686166516e-08,1.51479394375237e-07,7.19075935444877
"CYP2A6",-1.63085807470793,2.33416689895471,-5.50956933836414,5.4404877116493e-08,1.52795092640438e-07,7.18198036821165
"GALNT5",-1.21222478854699,8.11590383275262,-5.50854079354201,5.47075561631899e-08,1.53599722457786e-07,7.17660368138242
"ST6GAL2",-1.4123928089518,4.49024616724739,-5.50412162178958,5.60267467977809e-08,1.57135124557164e-07,7.15351286631318
"PLN",-1.15023491525425,6.70408972125435,-5.49915036768698,5.75476917320907e-08,1.61268647455613e-07,7.12755726109275
"CD24",1.07042142833635,12.3060040069687,5.49701277738093,5.82139471152851e-08,1.63024462457619e-07,7.11640309229534
"CTLA4",1.01571448741156,5.82514059233449,5.49567943567737,5.86333187033402e-08,1.64109343282832e-07,7.10944755205034
"FAM83F",1.82654840875433,4.72306655052265,5.49395569348845,5.917983363083e-08,1.65503607742942e-07,7.10045768962357
"ABHD12B",-1.02922959684056,1.90242839721254,-5.49167859605544,5.99093825284573e-08,1.67452637618683e-07,7.08858579386288
"SPTB",1.63519070264935,8.12488310104529,5.48997233071091,6.04617638277677e-08,1.68927600896036e-07,7.07969289573432
"CYP2A13",-1.17397789698866,1.1228787456446,-5.48220078143135,6.30409212652928e-08,1.75655552874112e-07,7.039219755205
"STEAP4",-1.24039658713182,11.3896667247387,-5.48022519959031,6.37134106302187e-08,1.77505268047006e-07,7.02893942794489
"CCDC153",-1.09037544841206,4.53281672473867,-5.47932642067518,6.40216569015135e-08,1.78291456346727e-07,7.02426355959714
"ITGB4",1.16285961494159,11.4574135888502,5.47831438528493,6.43704797136634e-08,1.79238566190358e-07,7.01899930444688
"NWD1",-1.86310116833966,5.02932090592334,-5.47704944779624,6.48090678616351e-08,1.80410869586355e-07,7.01242077163937
"SLITRK4",-1.22037583347047,3.34036010452962,-5.4736916876485,6.5987420341571e-08,1.8364128231157e-07,6.99496477563288
"FAM150A",1.54621462892876,3.54681027874564,5.47339323417849,6.6093159161313e-08,1.83835870150624e-07,6.99341367125704
"MATN2",-1.11540353463881,8.24406968641115,-5.47166599015898,6.67083427924311e-08,1.85471597715142e-07,6.98443843848703
"CLDN10",2.29895239427351,6.28843536585366,5.47034581872934,6.71822877798693e-08,1.86764030889738e-07,6.97758018622557
"CLUL1",-1.33654576271188,4.30098013937282,-5.46707419457244,6.83709479212247e-08,1.89965565140444e-07,6.96059061667101
"GLDC",1.59072639789371,4.6878756097561,5.4576665003116,7.19039347294365e-08,1.99484835134504e-07,6.91178740106926
"ASTN1",-1.33762286325491,2.05268832752613,-5.45416924571533,7.32619890852028e-08,2.03060434172973e-07,6.89366440215517
"PRKCG",1.07397394767156,1.54766933797909,5.45178541939942,7.42019177505018e-08,2.05499173265588e-07,6.88131725963344
"NR4A2",-1.13722512423895,8.70399616724738,-5.45121761793507,7.44275194110648e-08,2.0606837134311e-07,6.87837702202248
"KLK5",-1.88239358894194,2.08947421602787,-5.45045188739387,7.47328182838727e-08,2.06885755038822e-07,6.874412288354
"GZMH",-1.11133071910483,5.92762386759582,-5.4503726287351,7.47644882914821e-08,2.06945523071879e-07,6.87400193835979
"CYP2B7P1",-1.84634936975483,10.0184118466899,-5.4455083116678,7.673330669106e-08,2.12194879629238e-07,6.84882794911721
"PRR5-ARHGAP8",1.00126625308541,4.57742491289199,5.44538402002338,7.67842672501121e-08,2.12307206282128e-07,6.84818497595349
"COL9A2",1.28718079315453,8.07568153310104,5.44146335368734,7.8408746868438e-08,2.16623815530754e-07,6.82790976545347
"CFHR3",1.13338893532995,2.88717212543554,5.44100391016411,7.86012819896315e-08,2.1706810858853e-07,6.82553467540857
"OMD",-1.31424114859307,5.55335313588851,-5.43391515109411,8.16307348155251e-08,2.25161760817242e-07,6.78891230274658
"FAM101A",1.38564871153531,5.58687055749129,5.43362287893359,8.17580432738995e-08,2.2548262068957e-07,6.78740327286035
"KIAA0125",1.40353609675828,5.65768205574913,5.42779058578938,8.43391609768795e-08,2.32257944313258e-07,6.75730587525509
"ACSM1",-1.10500165871319,3.31417526132405,-5.4204203701709,8.77142334985282e-08,2.41325812613882e-07,6.71931377147126
"C17orf72",-1.07294857001811,6.7954862369338,-5.41966427876741,8.80677982378833e-08,2.42201191938881e-07,6.71541889353987
"FOXA2",-1.70111536942572,8.29550574912891,-5.41577100465022,8.99103927358095e-08,2.4720240563361e-07,6.69537110709614
"PPYR1",-1.36940618068127,3.72436515679442,-5.41434219137902,9.059595881014e-08,2.48920641645098e-07,6.68801692483141
"FAM81B",-1.63755719269378,4.97575975609757,-5.410726712719,9.23534621424861e-08,2.53376530507181e-07,6.66941567501965
"TNFRSF9",1.16444865558665,4.82042404181185,5.40948732184945,9.29635188145994e-08,2.55016173338285e-07,6.66304172303245
"HAND1",-1.20494285009052,1.16595592334495,-5.40886391802566,9.32718492194134e-08,2.55793623360213e-07,6.65983617368465
"PTPRN2",-1.26955523778181,7.81896114982578,-5.40731645655017,9.40415070740833e-08,2.57869926570179e-07,6.65188055093089
"LOC284798",1.08687836432452,1.35372700348432,5.40678469943566,9.43074063907514e-08,2.58564510310113e-07,6.64914721960623
"NOX5",1.21245912785915,2.33037421602787,5.40597619898195,9.47130868949939e-08,2.59607433104703e-07,6.6449918405443
"SPEF1",-1.41450325818662,4.24034756097561,-5.40214000883961,9.66611667890688e-08,2.64770347455581e-07,6.62528295553706
"TRPM6",-1.10070393944382,2.97605156794425,-5.39370991285745,1.01079703335141e-07,2.76320414044e-07,6.58201671437408
"SLC34A2",-1.49418415336516,14.5883280487805,-5.39187767319986,1.02065662365299e-07,2.78830079622033e-07,6.57262108363446
"KCNQ1",-1.07634756952445,9.07916881533101,-5.38845914421255,1.03930240145171e-07,2.8377281954786e-07,6.55509875120162
"GCLC",1.2222075102847,9.98883414634148,5.38767607256037,1.04361983341286e-07,2.84875883259754e-07,6.55108637886475
"HAL",1.71211407931546,5.34567090592334,5.38685029583287,1.04819157090312e-07,2.86047759545939e-07,6.54685576110631
"APOH",-2.03882706927762,5.1460862369338,-5.38405427534543,1.06381590050201e-07,2.90195860182119e-07,6.53253554429629
"MYH16",1.04063997696233,1.29070574912892,5.38254510616961,1.07234289634622e-07,2.9240536142898e-07,6.52480891085581
"HOXD3",1.39093877242062,3.12602195121951,5.3815917856998,1.07776341618914e-07,2.9380537690032e-07,6.51992911621726
"KRT78",1.10902369590259,1.51969268292683,5.38078932978691,1.08234673011285e-07,2.94967903539692e-07,6.51582216261241
"MARCH10",-1.36023693269707,3.69960209059234,-5.38060885462636,1.0833801356098e-07,2.95179750286254e-07,6.51489857050897
"C6orf141",1.31490799078494,4.84868414634146,5.36448398337124,1.17967949256003e-07,3.20949111877253e-07,6.43249161662932
"KRT6C",2.12566741484287,3.08167038327526,5.35758613645505,1.22336466720545e-07,3.32481819138574e-07,6.39730811661094
"WFDC5",-1.11810846799409,0.890590243902439,-5.35670897415716,1.22903110618714e-07,3.33889223369354e-07,6.39283695303698
"STEAP2",1.06118687181176,8.92808135888502,5.35639878460757,1.23104100740567e-07,3.34391001350073e-07,6.39125598083103
"C1orf51",1.00843787065987,6.53244581881533,5.35134233820451,1.26425784406897e-07,3.42960009761309e-07,6.3654959926557
"TDRD9",-1.48773480335693,3.95734668989547,-5.34558563166004,1.30313353950448e-07,3.53272567886266e-07,6.33619533172049
"RGNEF",-1.00458631890737,8.08646916376306,-5.33270579332886,1.39435773369214e-07,3.77305447116115e-07,6.27074249387465
"TDRD10",-1.45050812571994,5.4820181184669,-5.33015987456618,1.4131088573354e-07,3.82177905955681e-07,6.25782154604634
"KIR3DL2",-1.14703853217049,1.77434738675958,-5.32951959599693,1.41786296504606e-07,3.83413154272862e-07,6.25457290819821
"CYP3A5",-1.715877166365,4.93864094076656,-5.32942675830256,1.41855357687487e-07,3.8354938671462e-07,6.25410189872844
"THPO",1.55915092315288,3.76401010452962,5.32829224127096,1.42701954994501e-07,3.85736818438065e-07,6.24834655805185
"DPYS",-1.09130666776371,2.17063885017422,-5.3243844965604,1.45655652934893e-07,3.93306662469205e-07,6.2285312820702
"CXCL5",-1.84347783116671,6.81642212543554,-5.3220461217274,1.47451392308502e-07,3.97998564829549e-07,6.21668021577742
"psiTPTE22",-1.53896564423237,5.38799529616725,-5.31915162329376,1.49703952488635e-07,4.03972416481556e-07,6.20201720128255
"SLC27A2",1.14171177883825,7.48363101045296,5.3172644880821,1.51190492128952e-07,4.07876583890589e-07,6.19246120034438
"DQX1",1.36914735231201,2.53526533101045,5.31650069155723,1.51796212238031e-07,4.09241790840023e-07,6.18859439067065
"C11orf16",-1.64213392792498,3.68165853658537,-5.31554452415442,1.52557807085686e-07,4.11187052575704e-07,6.18375439000243
"ANKS4B",2.03525970380123,2.30463850174216,5.31106582770513,1.56174722343293e-07,4.20383774709296e-07,6.16109428240983
"SALL1",1.81807330590753,2.10132020905924,5.30781897262756,1.58848666963491e-07,4.27245268277278e-07,6.14467753527359
"NLGN1",-1.19603754484122,2.68229163763066,-5.30734556880001,1.59242227226154e-07,4.28247697793154e-07,6.1422846708516
"NTM",-1.1291045022215,7.67975836236934,-5.30652206894279,1.59929090519143e-07,4.29982219533527e-07,6.13812267371789
"C14orf50",-1.20950874115518,3.50813222996515,-5.30572504257477,1.60596607682612e-07,4.31604149160886e-07,6.13409503180293
"DRD1",-1.38433925292086,3.1696212543554,-5.30467266970566,1.61482118980309e-07,4.33816789147571e-07,6.12877787803744
"GABRB2",-1.44551069277606,4.32204425087108,-5.30293961900369,1.62950707705038e-07,4.37418675364073e-07,6.12002365677417
"USH1G",1.27714780977457,1.73443066202091,5.30186973795318,1.63863781146985e-07,4.39812188122318e-07,6.11462062230075
"SLC30A8",-1.27506913937799,1.46276655052265,-5.29910288331294,1.66248170568114e-07,4.45920426151474e-07,6.10065223838048
"NLRP12",-1.28642892545665,4.49226254355401,-5.29632075096196,1.68679625361716e-07,4.52205890399064e-07,6.08661338901726
"MUC5B",2.76559766661184,10.7946475609756,5.29046381568165,1.73911508427314e-07,4.65684526935274e-07,6.0570806972637
"SHH",-1.2898518545335,3.83678466898955,-5.28935146673364,1.74922767318028e-07,4.68270232499559e-07,6.05147519692425
"CST6",-1.51752501892382,7.06608972125436,-5.28426305801948,1.79621876047054e-07,4.80161082714326e-07,6.0258466218958
"CDX2",1.63197701497451,1.74484041811847,5.28286835907724,1.80931089136725e-07,4.83597872669829e-07,6.01882590592419
"PFN2",1.01280132631233,10.3420844947735,5.28280735410914,1.80988565524112e-07,4.83688525151006e-07,6.01851885396221
"SLC25A21",1.16337462892876,3.50372142857143,5.28146767672044,1.82255225520473e-07,4.8675683360678e-07,6.01177676185016
"ZIC5",1.46579616916243,1.49343240418119,5.28057793562831,1.83101216033232e-07,4.88889057765931e-07,6.00729988680477
"RP1L1",-1.07310324173113,2.14146271777004,-5.27269776297561,1.90761912204989e-07,5.08747993968358e-07,5.96767939776382
"ZBTB7C",-1.25115904558172,7.46243763066202,-5.2705795115467,1.92873573685602e-07,5.14246034774729e-07,5.95703825749482
"SLC4A4",-1.20858473259834,8.84545278745645,-5.26880770098104,1.94657255093976e-07,5.18866975730893e-07,5.94814045961542
"ADAMTSL1",-1.0812024683232,5.43201463414634,-5.26871862671869,1.9474734688713e-07,5.19039728883913e-07,5.94769321213652
"C8orf31",1.08688125390819,4.38716010452962,5.2686075834208,1.9485971526362e-07,5.19271800929663e-07,5.94713566635469
"SNURF",-1.20439345071583,5.41520139372822,-5.26760403262563,1.95878095333193e-07,5.21917884125951e-07,5.94209734508524
"WDR93",-1.05622483133126,3.34311132404181,-5.26629426067127,1.97214982633341e-07,5.25343660758077e-07,5.93552295225536
"SV2B",-1.03710377488893,4.51308222996515,-5.26310436721309,2.00508009993377e-07,5.3376937826297e-07,5.919517507123
"HLA-DQB1",-1.12978560803029,12.0031116724739,-5.26252508373402,2.01111712065284e-07,5.35307072306532e-07,5.9166118684309
"D4S234E",-1.21293108770776,4.03515487804878,-5.25974782543105,2.04030590188702e-07,5.42865217285387e-07,5.9026853991938
"TGM5",1.15301348362681,1.42051341463415,5.25558254551817,2.08485358325885e-07,5.54215253972603e-07,5.88181125095458
"ART5",-1.08828839558994,2.67303501742161,-5.25264602566263,2.11682457407571e-07,5.62422783820037e-07,5.86710401173447
"ANKS1B",-1.05989419121278,2.99184285714286,-5.24983858469213,2.14783409456215e-07,5.70440284105576e-07,5.85305022820476
"C3orf57",1.91587544512096,4.03955087108014,5.24863780178599,2.16123128321781e-07,5.7384995142863e-07,5.84704130574494
"EGOT",1.09649167023204,2.35677421602787,5.24788666055542,2.16965292516731e-07,5.76011568003167e-07,5.84328310151276
"TCAM1P",1.65544891887446,2.47376411149826,5.2447320031663,2.20537077488753e-07,5.84813510829771e-07,5.82750465661281
"CD1C",-1.30325856837256,6.00978989547039,-5.23924375130695,2.26887225820282e-07,6.0095403768422e-07,5.80007496007858
"OLIG1",-1.26977352970217,2.37868902439024,-5.23868515545817,2.27543389714976e-07,6.02614266105322e-07,5.79728462029513
"NXF2",-1.17606353463882,0.957344773519164,-5.23640887676543,2.30236318257231e-07,6.09431616016112e-07,5.78591677725938
"LRRIQ4",1.06563762382755,2.05066445993031,5.23464697931521,2.32341884503716e-07,6.14529617219955e-07,5.77712085991019
"ALOX12P2",1.5866659963798,3.89900714285714,5.22879771366208,2.39466688810314e-07,6.32966540656076e-07,5.74793886737899
"KISS1",1.20194853381603,3.00645923344948,5.22633768150083,2.42525988946607e-07,6.4088795894888e-07,5.73567462081665
"MBL1P",-1.13205559980254,4.35647839721255,-5.22283397822173,2.46948639062246e-07,6.52239233236577e-07,5.71821631045368
"UBE2QL1",1.17307959190391,3.92121358885017,5.22081139817252,2.49537155866079e-07,6.58737020693146e-07,5.70814300981576
"MT1H",1.29594636498274,2.63908170731707,5.2143192813905,2.5802460487907e-07,6.80180423493491e-07,5.67583349761071
"TFPI",-1.00533353628436,11.3277851916376,-5.21020973686926,2.6354099629378e-07,6.94187407481564e-07,5.65540029594913
"EIF3C",1.02551397400034,7.60514128919861,5.20130369065709,2.75890645348756e-07,7.26065241508777e-07,5.61116853147976
"SERPINB5",2.32673443804511,4.8550837979094,5.20084393378535,2.7654315420023e-07,7.27689176586865e-07,5.60888702311547
"PCDHA10",-1.31645293401351,5.0831331010453,-5.19946531180429,2.78508731334446e-07,7.32485812746115e-07,5.60204681665151
"ALOX12B",1.04645050847458,1.78245801393728,5.19885627266717,2.793813737666e-07,7.34592674619402e-07,5.59902551767744
"SP5",1.32856563765017,5.53886846689895,5.18992705470641,2.92483323803798e-07,7.67862229883883e-07,5.55476674985993
"LPPR1",-1.65852418627614,5.46786655052265,-5.18956434986044,2.9302790736435e-07,7.69095236281017e-07,5.55297042179077
"TMEM108",-1.11289983215404,7.22734146341464,-5.18814573308412,2.9516733502061e-07,7.74314514180055e-07,5.54594569307891
"TMEM158",1.04060914266909,5.6402543554007,5.18705073425994,2.96829045530278e-07,7.78474745111983e-07,5.54052465601085
"TNFRSF6B",1.15759745598158,6.72362282229965,5.17200081825593,3.20606291096626e-07,8.38797904449309e-07,5.46612221955938
"SDR16C5",-1.15131329932533,9.68486794425088,-5.17148370806595,3.21455191882916e-07,8.40697463612263e-07,5.46356927392644
"PAX5",1.32748772420604,3.65358101045296,5.17077714055247,3.22618628636892e-07,8.43417858896649e-07,5.46008136330752
"PRSS1",1.87008442981736,2.30606829268293,5.16997821607293,3.23939050687045e-07,8.46761995238736e-07,5.45613806314411
"PRMT8",-1.61782363666284,3.33317003484321,-5.15531851774027,3.49117180388727e-07,9.10027388697379e-07,5.38387982664611
"VAX2",1.04914927102189,3.54938954703833,5.15145666202079,3.56058924851953e-07,9.2765098061048e-07,5.3648756953333
"NCAM1",-1.27938353463881,5.36764477351917,-5.14769343462416,3.62951779507881e-07,9.45009515953937e-07,5.34636939757525
"LILRA3",-1.23324344577917,3.60143885017422,-5.14615161882862,3.65812955444895e-07,9.52096852850368e-07,5.33879082092826
"CCL21",-1.1836337502057,9.29302386759581,-5.14240185460506,3.728628451708e-07,9.69707906176404e-07,5.320368023358
"CCDC129",1.89005651472767,2.95102648083624,5.14110280268852,3.75335700879338e-07,9.75768258712525e-07,5.31398856487756
"C17orf104",1.20029038341288,4.01539355400697,5.13978408600131,3.7786221802708e-07,9.8221212156191e-07,5.3075140383512
"ELAVL2",1.43462834951457,2.49556655052265,5.13762580929881,3.82032784911568e-07,9.92048200636794e-07,5.29692077644787
"INA",1.80429651143658,3.08130017421603,5.1287579614484,3.9964093828799e-07,1.03619960382072e-06,5.25343815157258
"CYP11A1",-1.23724801382262,3.52442386759582,-5.12533687366508,4.06641665545938e-07,1.05341998658146e-06,5.23668149473328
"CRISP3",-1.66156976139544,2.12191707317073,-5.12463898292455,4.08084289589116e-07,1.0567571222584e-06,5.23326444385177
"LOC400891",-1.42819133124899,1.89110034843206,-5.12233343268748,4.12885419900962e-07,1.06851603057693e-06,5.2219788997321
"HNF1A",1.35658791508969,5.2755087108014,5.10862003384263,4.42591783002157e-07,1.14280081814039e-06,5.15494829939441
"FAM90A1",1.15804977126873,4.29116254355401,5.10705875294514,4.46102140693594e-07,1.15143034302734e-06,5.14732721222293
"UBD",1.33990010202404,9.48849721254356,5.10631963039734,4.47773348302426e-07,1.15545334849784e-06,5.14372007167373
"TLR10",1.11516463057431,5.3696074912892,5.10433243044776,4.52296626403509e-07,1.16683208595929e-06,5.134024300637
"C14orf73",-1.07452812571994,3.78095209059233,-5.09595851771037,4.71847607126855e-07,1.21574188934668e-06,5.09320489231875
"LYNX1",-1.03905407931546,7.61640696864111,-5.08199169351462,5.06288538844333e-07,1.30202977608345e-06,5.02525850004473
"BNIPL",-1.42210989962154,6.90444651567945,-5.08059792876643,5.09855876671898e-07,1.31087553513764e-06,5.01848740219557
"SULT1E1",-1.20134244199442,2.44827439024391,-5.07742685882877,5.18063001173027e-07,1.33114310564233e-06,5.00308823724708
"B3GNT8",-1.02940374197796,8.13530435540069,-5.07683548705375,5.19607611345355e-07,1.33494484556628e-06,5.00021742397035
"ANGPTL4",1.33444505841699,8.923224912892,5.07428467856933,5.26321267814467e-07,1.35100970595536e-06,4.98783802982033
"DLX3",1.40760216883331,5.1608318815331,5.0704467625009,5.36580818861152e-07,1.37648434477314e-06,4.96922285312482
"KCP",1.17147925950306,4.40456080139373,5.07020186684684,5.37241996940293e-07,1.37783612706861e-06,4.96803546416884
"KRT6B",2.21317914102356,3.9999581881533,5.06637067436967,5.47688698844407e-07,1.40375143411681e-06,4.94946655817247
"NOTUM",-1.59305452361364,5.41386777003484,-5.06491168415986,5.51718404031782e-07,1.4135503350521e-06,4.94239854250518
"MAPT",-1.10656241895673,5.39028170731708,-5.0648661036188,5.51844757231841e-07,1.4136976373808e-06,4.94217775949855
"VTCN1",1.76392367944711,5.60007038327526,5.06405123780088,5.54108361407901e-07,1.41931935866553e-06,4.93823101924976
"ACHE",1.37419840381768,7.08109041811846,5.06315931151252,5.56596319247289e-07,1.42498097445403e-06,4.9339117079459
"NPC1L1",1.65931709396085,3.59802282229965,5.06059238123911,5.63816974497195e-07,1.44220813436673e-06,4.92148477395159
"HEPHL1",1.19727521145303,1.58663745644599,5.05852245588044,5.69705443179433e-07,1.45672596194716e-06,4.91146811909597
"MLXIPL",-1.17008490373541,4.91756480836236,-5.05620141616978,5.7637897606234e-07,1.47323958896412e-06,4.90024074342204
"VNN3",-1.34581508310023,3.71766358885018,-5.05124189364458,5.90892928208072e-07,1.50902249236369e-06,4.8762662411822
"GPT",1.2290005529044,4.3701425087108,5.04626915403984,6.0579991201563e-07,1.54670715006602e-06,4.85224945106843
"NT5E",1.14478634523615,9.70817090592334,5.0436504467911,6.13795550837328e-07,1.56653687949905e-06,4.8396106047122
"ELN",-1.12005388184961,10.3967142857143,-5.04181702399053,6.19454092920114e-07,1.58038927894245e-06,4.83076540232502
"TINAG",1.60654275464868,1.53080522648084,5.03911569027431,6.27883242379449e-07,1.60109836865608e-06,4.81773839374988
"HOXD4",1.35325098568374,2.82411986062718,5.02849546478954,6.62109534094882e-07,1.68648991748982e-06,4.76658496926267
"LCT",1.52163162415667,2.25287613240418,5.01947819882293,6.92578803376888e-07,1.76104072743715e-06,4.72322991158969
"CRISP2",-1.45854506829028,2.11188693379791,-5.0170587815738,7.00981767721337e-07,1.78108362516325e-06,4.71160946382603
"VSIG1",2.04986191870991,6.73899233449478,5.01399746101125,7.11755384626674e-07,1.80778647115992e-06,4.696913310154
"CBLN4",-1.0932817804838,3.08258031358885,-5.00974530905424,7.26985599388536e-07,1.84441601031224e-06,4.67651408909262
"LRRC52",-1.13812522297187,1.93754790940767,-5.00958362337711,7.27570888688673e-07,1.84521684308566e-06,4.67573873304423
"SLC6A11",1.5225328319895,1.86424233449477,5.00723013808006,7.36142023438319e-07,1.86603231771684e-06,4.66445530010541
"INHBE",1.08249530360376,2.36983344947735,5.00528711367118,7.43291728043553e-07,1.88322586409159e-06,4.6551434204082
"LOC643763",1.35894891887446,1.6938405923345,4.99487654868528,7.82756365922318e-07,1.97979403626773e-06,4.6053075323448
"ST6GALNAC1",1.41206732927432,9.42460418118467,4.99212595321714,7.93516761838326e-07,2.00626836459863e-06,4.59215617530859
"CNGA1",1.18642084252099,3.83479878048781,4.98735794963628,8.12508634654641e-07,2.05201159668591e-06,4.5693747620532
"DLX6AS",1.19579420437718,1.3247137630662,4.9871742126926,8.1324920843769e-07,2.05337673708348e-06,4.5684972703494
"SHISA2",-1.46732702978445,6.94001951219512,-4.98345310190758,8.28388628748303e-07,2.09031693070337e-06,4.5507323504348
"CCDC151",-1.21501478361034,4.31662264808362,-4.98237011877347,8.32845657084233e-07,2.10104710493233e-06,4.54556437453549
"CALB2",-1.49954387362187,4.03003449477352,-4.98127380922902,8.37381111049644e-07,2.11222929227782e-06,4.54033385404849
"AQP6",1.27085836103341,2.55501480836237,4.98027850751486,8.41519340623437e-07,2.12188553954792e-06,4.53558615837809
"HOXC4",1.03979364489058,4.52211759581882,4.97899939984435,8.46866571195497e-07,2.1347486844617e-06,4.5294859551595
"PAX7",2.34691823268062,2.65829634146342,4.97710068974327,8.54864549765786e-07,2.1544769465617e-06,4.5204334499286
"CCL18",-1.20942125719928,10.4021141114983,-4.97669400578022,8.56587092270678e-07,2.15855321030036e-06,4.51849490909971
"NKX2-8",-1.22317922988318,3.95178554006969,-4.97302359804684,8.72285757533428e-07,2.1973038775658e-06,4.50100574454921
"GABRA3",1.74930664801712,1.90193885017422,4.972500759179,8.74544465779638e-07,2.2027233324078e-06,4.49851542693666
"MLLT11",1.07942850419616,6.80580052264808,4.96790021607199,8.9466415058937e-07,2.25229368627833e-06,4.47661307549244
"HPCAL4",-1.39667165377655,4.19240731707317,-4.96768975892563,8.95595157176078e-07,2.25436103197951e-06,4.47561157195322
"HIST1H2BJ",1.02322795787396,4.49327160278746,4.96352964394793,9.14191532661599e-07,2.30004315754199e-06,4.45582279888201
"ZBTB8B",1.1495291426691,1.5899787456446,4.96249943200369,9.18854012069156e-07,2.31064096861585e-06,4.45092465146169
"CDKL2",-1.17374127036368,7.69160121951219,-4.95752622539569,9.4168625683292e-07,2.36602849746418e-06,4.42729263839995
"PKD1L2",1.47067228566729,3.90230731707317,4.95293663869168,9.63242486899428e-07,2.41634509482469e-06,4.40550282688567
"ISM2",1.0036613921343,1.28041114982578,4.94737668325199,9.89994726612229e-07,2.48102926481312e-06,4.37913084155859
"C1orf130",-1.0198368932039,7.64848954703833,-4.94324932472894,1.01031617086062e-06,2.53010380431429e-06,4.3595715340697
"GRM4",1.25084086226758,2.16858536585366,4.94275035291292,1.01280001199557e-06,2.53570539588647e-06,4.35720795152116
"LOC554202",1.54547429981901,2.89241045296167,4.93950209200129,1.0291142379734e-06,2.57522744396092e-06,4.3418265995908
"CGB",1.2123042290604,1.39203693379791,4.9342981713832,1.0557805345116e-06,2.63848744656398e-06,4.31720404686391
"DSCAML1",-1.30328097745599,3.83171724738676,-4.93043790595094,1.07599105574304e-06,2.6873596562536e-06,4.29895444850302
"TRY6",1.63123214744119,1.97284668989547,4.9289293243884,1.08399029365745e-06,2.70635056898789e-06,4.29182611833859
"SLC9A3",1.11612820141518,2.12954320557491,4.92832731124657,1.08719845376435e-06,2.71403018674394e-06,4.28898205289113
"POU6F2",1.47550892545665,1.99348240418119,4.92794931622938,1.08921748927774e-06,2.71873982430056e-06,4.28719646994456
"CR1",-1.01097465525753,7.06786289198607,-4.9278608628606,1.0896904792166e-06,2.719589780977e-06,4.28677864972381
"DPYSL4",1.03728166858648,4.31150958188153,4.92489227262029,1.10567996703634e-06,2.75815427986101e-06,4.27276014865449
"CD22",-1.06725387197631,6.88683118466899,-4.91830274120967,1.14198563597626e-06,2.84353730825867e-06,4.24167029760484
"MEGF10",1.18575706104987,3.06322526132404,4.91803926233555,1.14346095444223e-06,2.84686555841608e-06,4.24042798176616
"CDH16",-1.28380686193847,1.57532526132404,-4.91293590007333,1.1724019978638e-06,2.91467825334752e-06,4.21637744185609
"SBSN",1.45851108112558,2.12201986062718,4.900040198295,1.24871672458741e-06,3.09503251910895e-06,4.15570632752249
"SYT14",1.19085077834458,1.31518693379791,4.8819976048251,1.36357605484732e-06,3.36954939889451e-06,4.0710664485799
"SPTLC3",-1.05850751357579,7.62945818815331,-4.88035728412217,1.37450946211317e-06,3.39574960976937e-06,4.06338575770931
"GJB3",1.68211870659867,6.06084512195121,4.87293912863904,1.42501895578537e-06,3.51799412725753e-06,4.02868040117112
"RASGEF1C",1.13015185453351,1.39393048780488,4.87108345213668,1.43793118530227e-06,3.5490174602375e-06,4.02000633584531
"MUC4",1.70174266578905,10.1352231707317,4.86737219545291,1.4640941867537e-06,3.6105529914779e-06,4.00266777687627
"HOXC5",1.20474965608031,2.89401480836237,4.85911122327634,1.52398891487548e-06,3.75161990610245e-06,3.96411715213965
"VSTM2L",1.3664113147935,9.4479630662021,4.85797869667204,1.53238196001003e-06,3.76944663779126e-06,3.95883680626247
"SCTR",-1.85379122264278,6.88763153310105,-4.85306759430544,1.56929600537854e-06,3.85609180017012e-06,3.93595216220376
"CLDN6",2.22020037847624,4.05834756097561,4.85230995535835,1.57506652956306e-06,3.86980802440518e-06,3.93242363101806
"DNAH2",1.21232070429489,7.94501951219513,4.84675347721128,1.61801662949421e-06,3.970581090547e-06,3.9065611020151
"NPTX2",1.34093740332402,5.28161602787456,4.84633611724105,1.62128789239904e-06,3.97813319361208e-06,3.9046196094114
"FTCD",1.0485078986342,1.61378867595819,4.84544239440572,1.62831433425244e-06,3.99394184972551e-06,3.90046267001841
"KCNK1",1.02924001974659,9.08133519163764,4.84139239491138,1.66052490243521e-06,4.0695447352268e-06,3.88163391105529
"TRIM17",1.24583329274314,5.02427386759581,4.83505702082956,1.71214643468014e-06,4.19055392274479e-06,3.85220936196215
"GRP",-1.46523652460097,3.57878327526132,-4.82664531779944,1.7830805142748e-06,4.35859197251352e-06,3.81319620076393
"CLU",-1.08448207010039,12.3018162020906,-4.82087244365615,1.8333913829353e-06,4.47716487351751e-06,3.78645805874639
"SOST",-1.11245068290276,1.49761393728223,-4.81820925880686,1.85705953450206e-06,4.53334509433142e-06,3.77413296522609
"SULT4A1",1.52337324337668,2.47836585365854,4.81461472292893,1.88947192484939e-06,4.61027556657452e-06,3.75750758029198
"AGT",1.38762909988482,7.22784738675958,4.81009183164567,1.93103022459309e-06,4.70776042167155e-06,3.73660463702691
"C16orf89",-1.7527344446273,10.7905534843206,-4.80714564325436,1.95857315379399e-06,4.77264176230156e-06,3.72299831052957
"LY6K",1.9286936383084,6.01208710801394,4.80428254800795,1.98570157170203e-06,4.83645192395808e-06,3.70978309810024
"C20orf186",1.26233233174265,1.23092108013937,4.80098723369998,2.01737339846859e-06,4.91126240609037e-06,3.69458187810815
"GRIN3B",-1.33316668751029,3.50565087108014,-4.80080799208938,2.01910999906199e-06,4.91490731334394e-06,3.69375531599173
"KCNH3",-1.18626442652626,3.77684494773519,-4.79978860609017,2.02901383494927e-06,4.93784424271082e-06,3.68905501891875
"DLGAP1",-1.3425432910976,3.31909738675958,-4.7994933677665,2.03189094667723e-06,4.94425994254873e-06,3.68769387355004
"KRT14",1.77979849596843,3.19867787456446,4.79790639379324,2.04742353088564e-06,4.97910508044092e-06,3.68037872725493
"CACNA1D",-1.13742007240416,7.17230261324042,-4.79408029978596,2.08534321931829e-06,5.06831967474897e-06,3.66275154905269
"GAL3ST2",1.0189062695409,1.58155853658537,4.7929804848427,2.09636783079364e-06,5.09451131228614e-06,3.65768699814199
"ABCC2",1.82148261971369,4.42821637630662,4.78926471506694,2.13403159789342e-06,5.18235967645516e-06,3.6405841367496
"PDLIM4",1.00921707750536,7.9228381533101,4.78743496520138,2.15281690432991e-06,5.22612404468406e-06,3.63216670324134
"PNMA3",1.31254833964129,4.03099076655052,4.78631243351329,2.16442018412844e-06,5.25304957798283e-06,3.62700416833172
"SAA4",1.32886928089519,2.53650191637631,4.78364122671739,2.19227431303739e-06,5.31876526195434e-06,3.61472375356168
"SLC7A9",1.25575853546159,2.29307891986063,4.78314112085766,2.1975274058972e-06,5.32962051306196e-06,3.61242530594184
"PIGR",-1.91539340464047,12.3259222996516,-4.78002769104415,2.23050436815992e-06,5.40576728583675e-06,3.59812121378831
"ELOVL3",-1.07187088365971,3.30055993031359,-4.77027474474778,2.3369186546609e-06,5.65499056815042e-06,3.55336871836884
"THEG",1.02178203060722,1.15015226480836,4.76767264298396,2.36612592670116e-06,5.72027381949774e-06,3.54144294387969
"DOCK3",1.09187327628765,5.18323222996516,4.76471192373728,2.3997858921624e-06,5.79891765137642e-06,3.52788088723714
"HKDC1",1.20769229224948,7.94642108013938,4.75684551716682,2.49147206239517e-06,6.01339306853665e-06,3.49188533571228
"MAGEA3",2.43866786901434,2.53312543554007,4.74753130062962,2.60439542155436e-06,6.27266987382814e-06,3.44933586643756
"CYP4X1",-1.22949814382098,7.29466358885018,-4.74572235928873,2.62689052619693e-06,6.32536506014814e-06,3.44108114602669
"LEP",1.17149861444793,1.95053240418119,4.74347190765795,2.65513710938581e-06,6.38888476977153e-06,3.43081574545751
"MT1L",-1.00041150567715,5.20959790940766,-4.73871450447604,2.71581485852908e-06,6.53335821954557e-06,3.40912973710016
"CDH15",1.25819155175252,5.22562456445993,4.73703954863701,2.73749375172251e-06,6.58165437672597e-06,3.40149945483382
"FGF5",1.07527672535792,1.19630261324042,4.73046492605461,2.82420941170729e-06,6.78140575700007e-06,3.3715727869328
"TMEM132D",-1.60967410564425,3.44778867595819,-4.72677874274623,2.87397807707348e-06,6.89526351785889e-06,3.35481066391011
"EPS8L3",1.98926097087382,2.11098989547038,4.7206263743007,2.95892846483255e-06,7.09327433243954e-06,3.32686101308318
"PEG10",-1.51198148757612,9.70345836236933,-4.71597272556397,3.0247840413071e-06,7.24522417081259e-06,3.30574227696959
"PTPRR",-1.09732800724043,4.39092456445993,-4.71368463392516,3.0576784765742e-06,7.31974570010125e-06,3.2953657482534
"C1QL1",1.05748032910977,2.38142020905923,4.70815355473471,3.13862252175286e-06,7.50476594125159e-06,3.27030146846355
"MAGEA6",2.49959466513082,2.68788972125436,4.70534701863503,3.18047870529711e-06,7.60130708029682e-06,3.25759396558034
"SLC13A2",-1.88722033569197,2.85846393728223,-4.70393984026114,3.20166664887882e-06,7.65016483955799e-06,3.25122514820323
"FAM83B",1.5727133618562,3.39706324041812,4.69499114957697,3.33961791585972e-06,7.96866060118549e-06,3.21076509058742
"MIAT",1.09703366134607,7.97568083623693,4.69112030543139,3.40104492486129e-06,8.10675169016628e-06,3.19328579268673
"KCND3",-1.04022682902749,3.7227818815331,-4.68507169780727,3.49921149534728e-06,8.33106946532294e-06,3.16599924872373
"GREM2",-1.36908020404806,5.0094,-4.67628720319527,3.64664511044662e-06,8.66299746788579e-06,3.12642860302599
"CRLF1",1.96530731610993,8.18205261324042,4.6667047240922,3.81427770665414e-06,9.04343703864298e-06,3.08334181099161
"CHRDL2",1.26637573802864,4.66495226480836,4.66533238494206,3.83888298434767e-06,9.09967297871581e-06,3.07717790987887
"FGFR3",-1.26402102024027,8.54338414634146,-4.66384751417543,3.86567769520496e-06,9.16001420620474e-06,3.07051046193786
"TRIM9",1.26654148428502,4.27114843205575,4.65520366648599,4.02526168689817e-06,9.51509757421064e-06,3.03173643921109
"LGALS2",-1.12644813888433,4.54644337979094,-4.64339220057524,4.25359238245362e-06,1.00328873634849e-05,2.97886113077639
"HIST3H2A",1.23842865229555,4.56721846689895,4.64238772245646,4.27357420122952e-06,1.00765451190125e-05,2.97437022209639
"CAPS",-1.12568597334212,9.31035940766551,-4.6296736044632,4.53441777645361e-06,1.06756418521322e-05,2.91760472265306
"HLA-DRB6",-1.35202529866713,9.18766289198607,-4.62747499663621,4.58104846491918e-06,1.07834022083025e-05,2.90780310972755
"SCN4A",1.30314846799409,3.23452996515679,4.62668945695828,4.59782053161619e-06,1.08199513427419e-05,2.90430214289604
"ANXA10",1.80160933026165,1.96507055749129,4.5990062648936,5.22802293560576e-06,1.22384619005686e-05,2.78127692423207
"GNLY",-1.09762852394274,7.04978205574913,-4.59882891478369,5.23231582517448e-06,1.22471147977234e-05,2.78049098299451
"SERPINA1",-1.1490249136087,13.5765160278746,-4.59759941161613,5.26217003786092e-06,1.23141856693588e-05,2.77504311502931
"PTCHD2",1.11236717459274,2.59308571428572,4.58552628598365,5.56414325015236e-06,1.29838441606761e-05,2.72161956548775
"ARL14",1.54046365311833,2.80202839721254,4.58046953819902,5.69550437503766e-06,1.32752843800549e-05,2.69928224675595
"RNF165",-1.04646936646372,3.70245557491289,-4.57401031998219,5.867631438652e-06,1.36609745334005e-05,2.67078306605036
"FAM169B",1.05951874280073,1.04213554006969,4.57286264732979,5.89873267204003e-06,1.37287134969937e-05,2.66572324752492
"HOPX",-1.1749398782294,11.8701393728223,-4.56224125041613,6.19417185599709e-06,1.43739514189692e-05,2.61895201692229
"CCL19",1.29015561954913,7.77495905923345,4.55762000742322,6.32709963237851e-06,1.46708104193281e-05,2.5986339815209
"TEPP",-1.30647837748891,2.77381968641115,-4.55145446063783,6.50871529399627e-06,1.50749012844927e-05,2.57155598289228
"FAM153A",-1.14368585815371,2.66655714285714,-4.54597606034471,6.67427674328918e-06,1.54374607412941e-05,2.54752441645007
"MS4A1",1.45473263452363,6.53192979094077,4.53816200620731,6.91742865787247e-06,1.59746693302724e-05,2.51329385599071
"CCL26",1.00270978443312,2.4644149825784,4.51242731708734,7.77972942468959e-06,1.79015742085718e-05,2.4009469557295
"VWDE",1.32096150074051,4.57558153310104,4.50708718416177,7.97114143398468e-06,1.83173867964748e-05,2.37770869464046
"ABCC8",-1.20740014480831,2.18832578397213,-4.50552220181876,8.02808666872145e-06,1.84399887344877e-05,2.37090333264654
"IGSF1",1.26126173769953,3.20727578397213,4.50461437212694,8.0612984753599e-06,1.85100612570338e-05,2.36695662304451
"FLJ16779",1.00297187757118,2.2007925087108,4.50325843851362,8.11114893608612e-06,1.86203609144412e-05,2.36106320064665
"ACTL8",1.12749229224949,1.05216463414634,4.50236177980642,8.14427644742517e-06,1.86922297893392e-05,2.3571668759753
"C9orf135",-1.62893912785916,3.51715470383275,-4.49310847983403,8.49380521075677e-06,1.94661555008748e-05,2.31699997231189
"WISP3",1.25012634523614,1.80238327526132,4.49050328989052,8.59477688485901e-06,1.96865747457498e-05,2.30570520374026
"NAPSA",-1.6328874938292,13.9662054006969,-4.4837976361031,8.85999156942567e-06,2.02714395319636e-05,2.27666100544353
"KHDC1L",1.21507449399376,1.45407160278746,4.4797596356689,9.02346174128875e-06,2.06224723977132e-05,2.25919072960054
"FRMPD2",-1.19163895343097,2.05491777003484,-4.46900124706232,9.47321819775361e-06,2.1607062504153e-05,2.21271654795602
"PCDHGB5",-1.17886051012014,6.47990139372823,-4.4670505421626,9.55703476524499e-06,2.17861341028736e-05,2.20430103476205
"GAP43",1.053541787066,2.41232717770035,4.46698503372494,9.55986177782005e-06,2.17901590206112e-05,2.20401848503902
"TRPA1",1.08291114365642,2.41167264808362,4.45702273265379,9.99923465878271e-06,2.27613136206685e-05,2.16109426442305
"TNNT1",1.85227827875599,6.29583815331011,4.4564408921105,1.00254847568728e-05,2.28185368135918e-05,2.15859007121871
"DDX43",-1.48300044429818,3.51785034843206,-4.4509278640628,1.0277505186971e-05,2.33662437971777e-05,2.13487759422222
"BNC1",-1.12359486588778,2.0196118466899,-4.44796347982489,1.04155142885318e-05,2.36669073982908e-05,2.12213859232689
"PCSK1",1.81280000987331,4.05621097560976,4.44746764169357,1.0438770933668e-05,2.37118795384161e-05,2.12000857453455
"TTC18",-1.01928900444299,5.5997912891986,-4.43694983947829,1.09439687607211e-05,2.48237408747767e-05,2.07487848480449
"HLA-DQA2",-1.04611942076684,9.31592717770035,-4.43289336114652,1.11449981428658e-05,2.5265769862305e-05,2.05749948139417
"BMP3",-1.37020174757283,7.99493780487805,-4.42513545082676,1.15393477747035e-05,2.61049928170428e-05,2.02430391671929
"DIRAS3",-1.08101773243377,5.12785156794425,-4.42399319898181,1.15985266775491e-05,2.62359798027857e-05,2.01942088499569
"CSAG1",1.69736543689322,1.69819756097561,4.42141477132419,1.1733182061601e-05,2.65347243583023e-05,2.00840264880849
"RSPO3",-1.146814434754,5.73233658536584,-4.41442882013965,1.21055745271662e-05,2.73377455772437e-05,1.97858016059965
"CCDC74B",-1.00872301464539,4.45573902439024,-4.40726667279074,1.24990867554768e-05,2.81799089710015e-05,1.9480512358138
"SLC35F3",1.22780445614613,4.6088574912892,4.40477392754995,1.26388952706819e-05,2.8476352053018e-05,1.93743667911238
"PAPPA2",-1.02599925950305,1.73156567944251,-4.40133676534187,1.28341281464763e-05,2.89098804967258e-05,1.92280982817819
"SORCS2",-1.16865666611816,7.83168013937282,-4.39852990932024,1.29956958789348e-05,2.92513580083907e-05,1.91087316081562
"CACNA1I",1.10905614612474,3.8772912891986,4.39572472195386,1.31591103837592e-05,2.95997081383343e-05,1.89895069972101
"CCL15",-1.31623515879548,2.8897318815331,-4.38871516419613,1.35760842236767e-05,3.04942023098559e-05,1.8691901198698
"F5",1.25052093796282,7.00306951219512,4.38289487249909,1.39318865911389e-05,3.12591947230691e-05,1.84451256360165
"PADI3",1.50439040315946,1.72992404181185,4.36968395128455,1.47728741114304e-05,3.3055815314187e-05,1.78861299201658
"MSLNL",1.12764194832977,1.88289721254355,4.36858028788268,1.48452869643238e-05,3.31997539626981e-05,1.78395018751511
"SPINK4",1.25466671713017,1.16075017421603,4.36275763286382,1.52329714019656e-05,3.40222914362874e-05,1.7593686251171
"TBC1D3C",1.04112039493172,4.38476898954703,4.35096120702624,1.60482726412717e-05,3.57576554509776e-05,1.70966156337414
"SFTA3",-1.35101506335364,10.7582862369338,-4.34916757819902,1.61758331625868e-05,3.60262372345311e-05,1.70211471030239
"ABCA17P",1.01196538423565,2.88844634146342,4.34792214805218,1.62649758918574e-05,3.62169148654916e-05,1.69687616524653
"UGT2B15",1.50861069935825,2.78033257839721,4.34582791555028,1.64159317341006e-05,3.65451180330824e-05,1.68807054235327
"MAGEC1",1.42755536284351,1.38839006968641,4.3356575443108,1.71682668617625e-05,3.81661633645894e-05,1.64536364225765
"HS3ST6",-1.201309814053,2.40546637630662,-4.3256571461177,1.79400763806627e-05,3.98043627034481e-05,1.60346184611221
"CT45A1",-1.33560832647691,1.21374494773519,-4.31768188848292,1.8579233445493e-05,4.11779836592865e-05,1.57011037358808
"MIA2",-1.20651854862598,4.0585743902439,-4.31370187805147,1.89062801615266e-05,4.18531304416801e-05,1.55348806366962
"PP14571",1.04725432285668,3.48257073170732,4.31219978107449,1.90311341657235e-05,4.21204381654058e-05,1.54721836573142
"CGB5",1.08144797103835,1.20123275261324,4.29831468842985,2.0223146597658e-05,4.46767674217064e-05,1.48935938458067
"AGXT2L1",1.44119336514728,1.50004320557491,4.2864511262695,2.12977715203602e-05,4.68893564946911e-05,1.44006267506641
"GGT6",-1.46334949481654,6.81315261324041,-4.2798497389114,2.19191197338774e-05,4.81591960762525e-05,1.41268722905923
"C4orf19",-1.12586373210467,6.97710331010454,-4.27955264982468,2.19474858085574e-05,4.82163599411112e-05,1.41145615393844
"MUC21",1.88364724699688,8.57487770034843,4.27317546728863,2.25648936724682e-05,4.94985860771206e-05,1.38504976964941
"UGT8",1.24457327628766,6.24533658536586,4.27293475635971,2.25885197002879e-05,4.95451185306529e-05,1.384053766854
"AGR3",-1.51652716801055,9.04255958188153,-4.27103666627647,2.27756478748284e-05,4.99448890055787e-05,1.37620177947345
"WNT10A",1.07716277110418,5.79044564459931,4.26698113650634,2.31804415936861e-05,5.08054303318433e-05,1.35943589952124
"PLD5",1.45756852723385,4.18584198606272,4.26136299205915,2.37525590668673e-05,5.20260362362941e-05,1.33623473913142
"PLUNC",2.63042869178873,7.42321463414634,4.25814349520156,2.40864584908275e-05,5.27067781727445e-05,1.32295216431571
"GLTPD2",1.36005026493337,1.99000331010453,4.25779213644076,2.41231682943995e-05,5.27814819443697e-05,1.32150314496735
"PRAP1",1.45408934013494,1.81371533101045,4.25766889209148,2.41360574466795e-05,5.2798429342603e-05,1.32099490630702
"ADCY5",-1.15888803356921,4.90804128919861,-4.25663597816969,2.42443402965582e-05,5.30183538867e-05,1.31673588838064
"PNMA6A",1.08909190060886,5.55752996515679,4.2559098447403,2.43207398267327e-05,5.31740988969992e-05,1.31374240019782
"BPIL1",2.06767396412705,3.5249362369338,4.25247824238474,2.46849106470781e-05,5.39530730953384e-05,1.29960209025129
"CHST6",1.0713927957874,6.79097891986062,4.25142405266689,2.4797824421763e-05,5.41652660260448e-05,1.29526033067939
"INSL4",1.68535200592399,1.61850540069687,4.2469854213725,2.52786705945464e-05,5.51510209676979e-05,1.27699057887929
"HOXA13",1.03062127036367,1.01018972125436,4.24198689863104,2.58308146011353e-05,5.6289844364856e-05,1.25643772047663
"TRPV6",-1.15634475563602,3.14895365853658,-4.24156668811793,2.58777520527288e-05,5.6386144092817e-05,1.25471094011607
"PLA2G2A",-1.39584908342934,4.95718432055749,-4.2322116653008,2.69440119764714e-05,5.8609934930807e-05,1.21630973627955
"HOXA11",1.14825296034228,1.56020662020906,4.23146965045653,2.70303542988276e-05,5.87915217454106e-05,1.21326726635625
"SPRR3",1.48906652953762,1.98101933797909,4.22977424791931,2.7228625704361e-05,5.91851440667581e-05,1.20631751867564
"HOXD11",1.06840659206847,1.039543728223,4.22223818549021,2.81268426831896e-05,6.10083550222803e-05,1.17545755891152
"ITGA2B",-1.00897871647195,3.60416045296167,-4.22217752611114,2.81341859258256e-05,6.10178361564758e-05,1.17520937023814
"CDA",1.24782583511603,6.77800905923345,4.21847142263605,2.85863186013956e-05,6.19722408539232e-05,1.16005215270809
"SLC30A2",1.10089008721409,2.33138832752613,4.21652799627173,2.88261699259843e-05,6.24658294891765e-05,1.15210892861963
"CCDC19",-1.03263703801219,6.15022543554007,-4.20969880306505,2.96843092332034e-05,6.42237188911019e-05,1.12422374866741
"FLNC",-1.04034783281225,8.00835975609756,-4.20249187115401,3.06162915613934e-05,6.61494912392556e-05,1.09484224800297
"MAGEA12",1.83758559486591,1.93250993031359,4.19223281061355,3.1991177264271e-05,6.89966245651311e-05,1.05309935242121
"OCA2",-1.10574567056114,2.63103484320557,-4.18573831552292,3.28917377636073e-05,7.08495830748985e-05,1.0267236178551
"CA8",-1.24548297186113,5.28477264808362,-4.18175351268613,3.34561892704112e-05,7.20125357225353e-05,1.0105593965049
"UGT1A1",1.2214941583018,1.3580331010453,4.17060140103602,3.50853485713985e-05,7.538484627638e-05,0.965398211629358
"LOC100190940",1.54705778838244,1.54576846689895,4.16181351339372,3.64220577604082e-05,7.81260940153777e-05,0.929891047051594
"CLDN9",1.17230759256213,5.90869721254355,4.15768981746266,3.70658877194697e-05,7.94241389083304e-05,0.913253691837394
"FXYD3",-1.08375342767815,10.1619106271777,-4.15367048233763,3.77038390560302e-05,8.07384663208642e-05,0.897052328953144
"FAM133A",1.65367573473755,2.82216132404181,4.13279907642388,4.11881172988328e-05,8.78753295802755e-05,0.813159939610186
"BAI1",1.21375494158303,5.01145209059233,4.13140762883651,4.14309819213174e-05,8.8362565847148e-05,0.807581183590314
"KCNQ2",1.19090633865395,1.31998763066202,4.11574960031602,4.42595605280727e-05,9.41214810069746e-05,0.744925196524939
"COL21A1",-1.04392927431299,6.81411254355401,-4.11568777658563,4.42710844673254e-05,9.41362365731942e-05,0.744678251698561
"KCNV1",1.0611983774889,1.53281202090592,4.11217246326527,4.49310528450796e-05,9.54703492971935e-05,0.73064265593797
"UGT2B11",1.05698427184467,1.01873954703833,4.09143692746966,4.90183652699037e-05,0.000103768512991454,0.648081915324362
"CCDC114",-1.0093336152707,5.723543728223,-4.06307525782935,5.51841876977629e-05,0.00011607903416343,0.535794453986759
"TM4SF5",1.37795688333059,1.32457613240418,4.04209055127887,6.02130950649538e-05,0.000126140289967704,0.453187908138643
"CNGB3",1.01581379628107,1.41714494773519,4.03681188175134,6.15449553680776e-05,0.000128772720516371,0.432471948746342
"TMEM130",-1.11259697548133,7.18763013937282,-4.02959508155749,6.34111334587802e-05,0.000132528817052709,0.404191240880929
"TGM3",-1.01825622181999,2.3605043554007,-4.02629276375352,6.4282869358118e-05,0.000134296052500475,0.391266284970514
"F2",1.11537582030608,1.08460714285714,4.01350250726461,6.77677193656951e-05,0.00014118847966082,0.341300944610528
"SLC5A12",1.12960021721245,2.33046097560976,4.00760184090621,6.94351607327669e-05,0.00014455976572799,0.318300548972049
"PTGS2",-1.13619094619057,9.87740540069687,-4.00561383021518,7.00056550409074e-05,0.000145703172951118,0.310558623229373
"CAMK2B",1.17173925621195,3.32001271777004,3.98091865755878,7.74733557250407e-05,0.000160464890338487,0.214690869025558
"ARMC3",-1.25558557841041,4.97467456445993,-3.97933824962794,7.79761141240683e-05,0.00016144106726171,0.208574748334475
"DUOX2",-1.23285677801548,6.12531289198606,-3.97916387828028,7.80317740811826e-05,0.000161540014307419,0.207900078355076
"ITIH2",-1.41768262958698,3.40423397212544,-3.9754270058719,7.92336878870118e-05,0.000163912496203179,0.19344825837551
"CLCA2",-1.20595141352642,3.27296289198606,-3.94819802509514,8.85362733896702e-05,0.000182238790123314,0.0885320767800106
"RIMS2",1.27213211782131,2.36622543554007,3.93938412652094,9.17628399173037e-05,0.000188672118528016,0.0547174502281722
"LOC145837",1.53643142998191,4.71155470383275,3.93773914525635,9.23772305858801e-05,0.000189916337264983,0.04841438574935
"CYP26A1",1.06895046569032,2.12488763066202,3.92836116947253,9.59549220709911e-05,0.000197094002012751,0.0125284880777574
"MAGEC2",1.4910717195985,1.55081672473868,3.92409737616803,9.76245801124385e-05,0.000200243044231028,-0.0037605969399257
"MYBPC1",1.20780364324503,1.81941759581882,3.92277808698268,9.81467467542479e-05,0.000201293977109362,-0.00879731765840397
"LOC654433",-1.09635513246668,6.7034618466899,-3.92267246756704,9.81886643757482e-05,0.000201339720299052,-0.00920047715444827
"AMN",1.11103685041962,5.38427857142857,3.89811169950998,0.000108410066232392,0.000221216445656596,-0.102671900612627
"IVL",1.74538980417972,4.20764494773519,3.8799853337722,0.000116590677028813,0.000236967290308043,-0.171298731963343
"HABP2",1.47943365147277,7.15533083623694,3.87202685548341,0.000120363840791906,0.000244152717266855,-0.201333850148037
"KRT75",1.00093229883167,1.05437613240418,3.86381729349731,0.000124376820667436,0.000251696020532525,-0.232255232700915
"C8orf47",1.17326048379135,5.52042334494774,3.86221581615571,0.000125174249750922,0.000253234858827988,-0.238279949797532
"SLC26A9",-1.28996384729309,8.6404231707317,-3.86063627702798,0.000125965486288864,0.000254810467386972,-0.244219813741577
"SPRR1A",1.13096487411553,1.74930400696864,3.82945391100444,0.000142587478823769,0.000287217517685633,-0.361008882007808
"LOC254559",1.01210820141519,4.61721515679443,3.82766687588063,0.000143600231743728,0.00028911569654788,-0.367674710631413
"PRSS21",-1.39791036037519,4.70376881533102,-3.82526027231763,0.000144974843701718,0.000291587462173406,-0.37664692375131
"PLA2G2D",1.12653666940926,6.4010106271777,3.82505990895108,0.000145089846406216,0.000291742854722782,-0.377393669514754
"RHCG",1.16151192364654,2.2215756097561,3.80727235991007,0.000155649713203202,0.000311694168168331,-0.44353898158927
"C1QL2",1.360999325325,2.16172770034843,3.8028228100208,0.000158402457038029,0.000316866651368093,-0.46003938996127
"AKR1C4",1.1814257298009,1.32183066202091,3.8002342320589,0.000160024966796993,0.000319925267147947,-0.469630256749141
"KIF1A",1.94604128023697,4.67096010452962,3.79164608997187,0.0001655210035077,0.000330430396928537,-0.501405463425653
"LIN28B",1.07536441665296,0.977810104529617,3.77662550794714,0.000175563923369322,0.000349697035681787,-0.556815643758539
"SLC28A2",1.44404371235807,1.89028362369338,3.76525968457628,0.000183542162177373,0.000364633306512624,-0.598604531351092
"CCL20",1.15134426526248,7.86263780487805,3.76341338589662,0.000184870002055722,0.000367093639830155,-0.605381528638302
"MAGEA2",1.77139730130002,2.02930801393728,3.75727405160807,0.000189350753105352,0.000375627689752912,-0.627893731973441
"CHRNA9",1.31412634852724,2.17658623693379,3.74968808319467,0.000195028710544103,0.000385971978246224,-0.655662247507141
"KLK8",1.5653420602271,2.30407334494774,3.74691276784716,0.000197145772279031,0.000389960757769391,-0.665807969514617
"SLC39A5",1.079254839559,1.65675487804878,3.74505791396029,0.000198572738639922,0.000392594214587597,-0.672584772694425
"LMO3",-1.11766374856016,10.3773536585366,-3.72954071005163,0.000210897341338706,0.000415799713596815,-0.729152483044593
"C12orf27",1.19687853875268,2.48093240418119,3.72246869052907,0.000216750110590564,0.000426519675110157,-0.754859202177013
"NMNAT2",1.19236333717296,6.86749825783973,3.71726428903949,0.000221154551003927,0.000434811619623695,-0.773747457841718
"TFPI2",1.48228579891395,8.45987456445994,3.68711708708633,0.0002483708537368,0.000485762944385682,-0.882664707160745
"TFF2",1.50000420931381,1.47267682926829,3.67980027361927,0.000255435823357176,0.000499105115972478,-0.908971715629979
"GPR98",-1.02922935329934,7.47924895470384,-3.67323069534523,0.000261939858566703,0.000511083947574075,-0.932549635926746
"CSAG2",1.17539733750204,1.07256428571429,3.66274535217864,0.00027264402656451,0.000531010517538125,-0.970097793665922
"SFRP2",1.00196843508311,10.435393902439,3.657976470362,0.000277647229065278,0.000540088839559424,-0.987141343265227
"TNNI3",1.29730293565906,3.53582595818815,3.6558280792958,0.000279929254153369,0.000544270062294599,-0.994812574293039
"UGT2B4",-1.14683025835118,2.62846306620209,-3.62403218722795,0.000315831361464902,0.000611353747961006,-1.1078426954472
"PLA2G12B",-1.26488674675005,3.93624808362369,-3.62203824624841,0.00031822103461055,0.000615747204576305,-1.11489947069796
"LGR5",-1.04899973342111,4.23741411149825,-3.61837427300136,0.000322656488347778,0.000624094375897859,-1.12785700169057
"SERPINB4",1.37605921013659,2.56249216027875,3.61223819904177,0.000330214741831083,0.000638232785708166,-1.14952898465196
"SLC6A3",1.44257686358402,4.26886585365853,3.58959783408019,0.000359563986347771,0.000691832112438588,-1.22918831815243
"MAGEA1",1.30625535297022,1.40881411149826,3.58542797148602,0.000365229395419966,0.000702337906329328,-1.24380762913979
"GLYATL2",1.07893121935166,1.70837299651568,3.584224681757,0.000366879745110226,0.000705313340866462,-1.24802327711375
"MUC2",1.07094365311832,1.60216916376307,3.56183076619369,0.000398898712714508,0.000763935687689259,-1.32623198175024
"HP",-1.52165203883496,8.80985470383276,-3.56172534095606,0.000399055459790955,0.000764164591876532,-1.32659906101367
"NDP",1.01186038176733,2.65119111498258,3.55867302829482,0.000403618757832852,0.000772326693849236,-1.33722237650904
"MMP7",1.08897317426363,9.52090818815332,3.5388885662029,0.0004344029422567,0.000827683749840377,-1.40586920080406
"UGT1A10",1.24553506664474,1.37455714285714,3.52074086188199,0.000464560125964207,0.000882930881877908,-1.46851478292131
"SPRR2D",1.29748264275138,2.45434651567944,3.51545684128114,0.00047370239671126,0.000899554369707345,-1.48669716736379
"PCSK1N",1.17612630574298,6.13461324041812,3.48812691181146,0.000523734203105528,0.000988895722409316,-1.5803222335644
"CA10",1.3251198584828,2.23841585365854,3.47801995518156,0.000543456123374545,0.00102377997915942,-1.61476862220198
"SMOC1",1.3538526575613,6.04148850174216,3.47617046413821,0.000547139326673742,0.00103024583844923,-1.62106166161791
"GFRA3",1.40750117821294,6.2653531358885,3.45830482815971,0.000583938367150869,0.00109591870167358,-1.6816856632952
"ISL1",1.02033045581702,1.67982108013937,3.43724778719448,0.000630273863248941,0.00117985979871439,-1.75275447468161
"SAA2",1.23638406450553,5.36637386759582,3.43291328046206,0.000640227887540153,0.00119761991172659,-1.76733201824455
"PHACTR3",-1.17434126378148,6.1327256097561,-3.4133716601187,0.000686951802749264,0.00128058844188163,-1.83283395908864
"REG4",1.15291146947508,1.53583205574913,3.41154717883033,0.000691472597063441,0.00128808024840872,-1.83893115241368
"MFAP5",-1.02684919203555,5.61917090592334,-3.3796154715301,0.000775222530285259,0.00143455999103477,-1.9451360898542
"DDC",-1.33358391311503,4.26435958188153,-3.37892437789424,0.000777135367484206,0.00143786851968734,-1.94742406178493
"MAGEA9B",1.19355529043937,1.23685243902439,3.35890116936902,0.000834501360416986,0.00153901481578878,-2.01351871660968
"USH1C",1.29743989468488,2.98917595818815,3.34672751326775,0.000871278611021102,0.00160280912941427,-2.0535181735301
"SYT13",1.55924534803359,4.78237787456446,3.33222829861745,0.000917045985491168,0.00168022794128815,-2.10097657474231
"CPS1",1.71268741813397,6.56582090592334,3.33052557887444,0.000922564843240779,0.00168958574770144,-2.10653686296405
"KRT17",1.1563786473589,8.94498013937281,3.32351893159717,0.000945601104230271,0.00172899810027142,-2.12938853163205
"FAM3D",-1.09427578410401,4.64321898954704,-3.29186611060677,0.00105648068025565,0.00191993877716636,-2.23204467032959
"SLC5A5",1.14945853875268,3.35568658536586,3.28736606742234,0.00107318938358368,0.00194806171927258,-2.24656238823308
"CGA",1.16309072568702,1.31377857142857,3.27460877880041,0.00112189887915589,0.00203109206252826,-2.28761508092362
"SAA1",1.14094771762384,6.23355226480836,3.27428088637462,0.00112317742621682,0.00203322745438951,-2.28866820556613
"ZMAT4",1.00293817014975,1.66151480836237,3.25771098982625,0.00118957494664101,0.00214660926909906,-2.3417550986128
"CALML5",1.07976132960343,1.43524320557491,3.2466811627887,0.00123576890197509,0.00222507766686095,-2.37694875666474
"LOC440905",1.03862652295541,2.79941620209059,3.21879374946375,0.00136007371087028,0.00243586437094713,-2.46541786846673
"CALML3",1.07477235478033,1.9631094076655,3.19063968739653,0.00149721302367678,0.00266960077958002,-2.553986166492
"SHISA3",-1.18634053644892,5.86053937282231,-3.17813079185539,0.00156215092615825,0.00278152285464258,-2.59309629338574
"ALB",1.19752244199441,2.43689825783972,3.16927611237588,0.0016096797393854,0.00286168384565139,-2.62069155773234
"MAGEA10",1.00583846305743,0.984357665505227,3.16486638618406,0.0016338441589,0.00290213017669294,-2.63440657102556
"CELF3",1.1097971532006,1.97485104529617,3.15350372342496,0.00169765997885341,0.00301027460406465,-2.66966144664793
"MYBPHL",-1.1157409741649,4.2800618466899,-3.14116639610847,0.00176954721406249,0.00313017441880949,-2.70780172583867
"ALPPL2",-1.1312345631068,3.28714216027875,-3.13937634502022,0.00178020753174337,0.00314848902710987,-2.71332358850198
"LBP",1.11478600954419,1.99725592334495,3.12797688057936,0.00184949538233015,0.00326596767583331,-2.74841675011968
"DACT2",-1.20583014645386,5.676093728223,-3.12592164995594,0.00186224864578228,0.00328763992586725,-2.75473063629922
"ZG16B",1.03661463221985,4.90297212543554,3.10327065068259,0.00200827041627812,0.00353115721532972,-2.8240511797717
"CHGB",1.34811131150239,4.38906271777003,3.09859695796392,0.00203968136712742,0.00358209225552831,-2.83829377165484
"TBX18",1.04793662333389,3.04585069686411,3.09777112771825,0.00204527836761043,0.00359130729447845,-2.84080824546094
"KRT5",-1.21543322692119,5.72422857142857,-3.0957858724443,0.00205879113461286,0.0036134890992222,-2.84685026499331
"CTAG1B",1.11017341451378,1.24406829268293,3.0591553817955,0.00232332282150417,0.00405145821162665,-2.95766081446159
"ATP12A",-1.07298760243542,3.02456986062718,-3.05810516595094,0.0023313479984249,0.0040644169843464,-2.96081899280144
"UGT1A9",1.262922596676,2.36599982578397,3.02291151182194,0.00261545313202005,0.00452895182189369,-3.06604523398603
"CDHR2",1.00353887773573,1.85924529616725,3.00913735211013,0.00273503777205011,0.00471772185012508,-3.10690769599284
"NTS",-1.2683669606714,3.213937456446,-2.99829434981697,0.00283267514159836,0.00487426206160543,-3.13894739140872
"NPTX1",1.10377885469805,6.36901236933798,2.99809000786997,0.00283454542494603,0.0048770715365523,-3.1395501199994
"MAGEA4",1.20816164883989,1.37173710801394,2.99515503916083,0.00286153337183848,0.0049206198277782,-3.14820273439832
"SOX21",1.03024638143822,4.19059912891986,2.94960425981256,0.00331166902246223,0.00564782896088632,-3.28143818342935
"SERPIND1",-1.14871746256378,5.63828170731708,-2.93257267737848,0.00349595873060244,0.00594582327390175,-3.33074665795465
"ZFP42",-1.05666231035051,2.04193745644599,-2.93018138633431,0.00352256976659868,0.0059895939463534,-3.33764755150272
"NR0B1",1.23208715484616,1.8850118466899,2.90196043012539,0.00385088327978114,0.00651224330592313,-3.41867606284675
"C10orf81",1.07910729965444,7.48193606271777,2.89844604746482,0.00389366377652975,0.00658079503845854,-3.42871331346138
"TF",1.17914768142176,5.12563083623694,2.88514476559224,0.00405952773651297,0.0068430991403737,-3.46659547720587
"SOX2",1.04813709725194,6.97434581881533,2.85198812748188,0.00450134006662364,0.00754141599214814,-3.56028890880158
"CYP4F11",1.23478095441832,4.98345418118467,2.77988021941166,0.0056164659704308,0.00928614370403031,-3.76041444043548
"MSMB",1.36990256047392,5.26928867595819,2.59880094971839,0.00959578969767679,0.0153247935339304,-4.24095390276107
"GPR110",1.03088060227087,8.33730714285714,2.5819763996475,0.010070661205067,0.0160408623275681,-4.28399873296475
"TM4SF4",1.20235448412046,4.5139149825784,2.58104344329219,0.0100975975663541,0.0160800246693492,-4.28637766626532
"ERN2",1.18866923811092,5.85655505226481,2.57681184382782,0.0102205817512079,0.0162544382486869,-4.29715722178941
"GSTT1",-1.32066511765675,8.10157421602787,-2.55580324341325,0.0108511721543728,0.0171840916637824,-4.35041850782473
"KLK12",1.24141459930888,3.39890766550523,2.5163204771848,0.0121307224005761,0.0190648190219573,-4.44936239072439
"NELL1",1.03361397400033,3.00630871080139,2.26212998697554,0.0240630269845769,0.0361332609708428,-5.05021761726196
"FGG",-1.23365073885142,9.4955886759582,-2.25582967653278,0.024457479187725,0.0366746072400843,-5.06431359892962
"UGT1A6",1.17536717459274,5.13721010452962,2.2285107430186,0.026233554819372,0.0391552056430024,-5.12498865454764
